Date,Site ID,POC,Daily Max CO Concentration,Units,Daily AQI Value,Local Site Name,Daily Obs Count,Percent Complete,AQS Parameter Code,AQS Parameter Description,Method Code,Method Description,CBSA Code,CBSA Name,Site Latitude,Site Longitude,Dominant Source,Elevation (m),Measurement Scale,Measurement Scale Definition,Monitor Type,Monitoring Agency,Monitoring Objective,NAAQS Primary Monitor?,Networks,Probe Height (m),QA Primary Monitor?
2022-01-01,010730023,2,0.1,Parts per million,1,North Birmingham,19,79,42101,Carbon monoxide,093,INSTRUMENTAL - GAS FILTER CORRELATION CO ANALYZER,13820,"Birmingham-Hoover, AL",33.553056,-86.815,POINT,177,NEIGHBORHOOD,500 M TO 4KM,SLAMS,"Jefferson County, AL  Department Of Health",OTHER,,NCORE,17.5,
2022-01-02,010730023,2,0.2,Parts per million,2,North Birmingham,24,100,42101,Carbon monoxide,093,INSTRUMENTAL - GAS FILTER CORRELATION CO ANALYZER,13820,"Birmingham-Hoover, AL",33.553056,-86.815,POINT,177,NEIGHBORHOOD,500 M TO 4KM,SLAMS,"Jefferson County, AL  Department Of Health",OTHER,,NCORE,17.5,
2022-01-03,010730023,2,0.2,Parts per million,2,North Birmingham,12,50,42101,Carbon monoxide,093,INSTRUMENTAL - GAS FILTER CORRELATION CO ANALYZER,13820,"Birmingham-Hoover, AL",33.553056,-86.815,POINT,177,NEIGHBORHOOD,500 M TO 4KM,SLAMS,"Jefferson County, AL  Department Of Health",OTHER,,NCORE,17.5,
2022-01-04,010730023,2,0.2,Parts per million,2,North Birmingham,4,17,42101,Carbon monoxide,093,INSTRUMENTAL - GAS FILTER CORRELATION CO ANALYZER,13820,"Birmingham-Hoover, AL",33.553056,-86.815,POINT,177,NEIGHBORHOOD,500 M TO 4KM,SLAMS,"Jefferson County, AL  Department Of Health",OTHER,,NCORE,17.5,
2022-01-05,010730023,2,0.5,Parts per million,6,North Birmingham,9,38,42101,Carbon monoxide,093,INSTRUMENTAL - GAS FILTER CORRELATION CO ANALYZER,13820,"Birmingham-Hoover, AL",33.553056,-86.815,POINT,177,NEIGHBORHOOD,500 M TO 4KM,SLAMS,"Jefferson County, AL  Department Of Health",OTHER,,NCORE,17.5,
2022-01-06,010730023,2,0.6,Parts per million,7,North Birmingham,24,100,42101,Carbon monoxide,093,INSTRUMENTAL - GAS FILTER CORRELATION CO ANALYZER,13820,"Birmingham-Hoover, AL",33.553056,-86.815,POINT,177,NEIGHBORHOOD,500 M TO 4KM,SLAMS,"Jefferson County, AL  Department Of Health",OTHER,,NCORE,17.5,
2022-01-07,010730023,2,0.3,Parts per million,3,North Birmingham,24,100,42101,Carbon monoxide,093,INSTRUMENTAL - GAS FILTER CORRELATION CO ANALYZER,13820,"Birmingham-Hoover, AL",33.553056,-86.815,POINT,177,NEIGHBORHOOD,500 M TO 4KM,SLAMS,"Jefferson County, AL  Department Of Health",OTHER,,NCORE,17.5,
2022-01-08,010730023,2,0.3,Parts per million,3,North Birmingham,24,100,42101,Carbon monoxide,093,INSTRUMENTAL - GAS FILTER CORRELATION CO ANALYZER,13820,"Birmingham-Hoover, AL",33.553056,-86.815,POINT,177,NEIGHBORHOOD,500 M TO 4KM,SLAMS,"Jefferson County, AL  Department Of Health",OTHER,,NCORE,17.5,
2022-01-09,010730023,2,0.2,Parts per million,2,North Birmingham,24,100,42101,Carbon monoxide,093,INSTRUMENTAL - GAS FILTER CORRELATION CO ANALYZER,13820,"Birmingham-Hoover, AL",33.553056,-86.815,POINT,177,NEIGHBORHOOD,500 M TO 4KM,SLAMS,"Jefferson County, AL  Department Of Health",OTHER,,NCORE,17.5,
2022-01-10,010730023,2,0.2,Parts per million,2,North Birmingham,12,50,42101,Carbon monoxide,093,INSTRUMENTAL - GAS FILTER CORRELATION CO ANALYZER,13820,"Birmingham-Hoover, AL",33.553056,-86.815,POINT,177,NEIGHBORHOOD,500 M TO 4KM,SLAMS,"Jefferson County, AL  Department Of Health",OTHER,,NCORE,17.5,
2022-01-11,010730023,2,0.3,Parts per million,3,North Birmingham,11,46,42101,Carbon monoxide,093,INSTRUMENTAL - GAS FILTER CORRELATION CO ANALYZER,13820,"Birmingham-Hoover, AL",33.553056,-86.815,POINT,177,NEIGHBORHOOD,500 M TO 4KM,SLAMS,"Jefferson County, AL  Department Of Health",OTHER,,NCORE,17.5,
2022-01-12,010730023,2,0.8,Parts per million,9,North Birmingham,24,100,42101,Carbon monoxide,093,INSTRUMENTAL - GAS FILTER CORRELATION CO ANALYZER,13820,"Birmingham-Hoover, AL",33.553056,-86.815,POINT,177,NEIGHBORHOOD,500 M TO 4KM,SLAMS,"Jefferson County, AL  Department Of Health",OTHER,,NCORE,17.5,
2022-01-13,010730023,2,0.8,Parts per million,9,North Birmingham,24,100,42101,Carbon monoxide,093,INSTRUMENTAL - GAS FILTER CORRELATION CO ANALYZER,13820,"Birmingham-Hoover, AL",33.553056,-86.815,POINT,177,NEIGHBORHOOD,500 M TO 4KM,SLAMS,"Jefferson County, AL  Department Of Health",OTHER,,NCORE,17.5,
2022-01-14,010730023,2,0.5,Parts per million,6,North Birmingham,16,67,42101,Carbon monoxide,093,INSTRUMENTAL - GAS FILTER CORRELATION CO ANALYZER,13820,"Birmingham-Hoover, AL",33.553056,-86.815,POINT,177,NEIGHBORHOOD,500 M TO 4KM,SLAMS,"Jefferson County, AL  Department Of Health",OTHER,,NCORE,17.5,
2022-01-15,010730023,2,0.6,Parts per million,7,North Birmingham,24,100,42101,Carbon monoxide,093,INSTRUMENTAL - GAS FILTER CORRELATION CO ANALYZER,13820,"Birmingham-Hoover, AL",33.553056,-86.815,POINT,177,NEIGHBORHOOD,500 M TO 4KM,SLAMS,"Jefferson County, AL  Department Of Health",OTHER,,NCORE,17.5,
2022-01-16,010730023,2,0.3,Parts per million,3,North Birmingham,24,100,42101,Carbon monoxide,093,INSTRUMENTAL - GAS FILTER CORRELATION CO ANALYZER,13820,"Birmingham-Hoover, AL",33.553056,-86.815,POINT,177,NEIGHBORHOOD,500 M TO 4KM,SLAMS,"Jefferson County, AL  Department Of Health",OTHER,,NCORE,17.5,
2022-01-17,010730023,2,0.5,Parts per million,6,North Birmingham,24,100,42101,Carbon monoxide,093,INSTRUMENTAL - GAS FILTER CORRELATION CO ANALYZER,13820,"Birmingham-Hoover, AL",33.553056,-86.815,POINT,177,NEIGHBORHOOD,500 M TO 4KM,SLAMS,"Jefferson County, AL  Department Of Health",OTHER,,NCORE,17.5,
2022-01-18,010730023,2,0.6,Parts per million,7,North Birmingham,17,71,42101,Carbon monoxide,093,INSTRUMENTAL - GAS FILTER CORRELATION CO ANALYZER,13820,"Birmingham-Hoover, AL",33.553056,-86.815,POINT,177,NEIGHBORHOOD,500 M TO 4KM,SLAMS,"Jefferson County, AL  Department Of Health",OTHER,,NCORE,17.5,
2022-01-19,010730023,2,0.3,Parts per million,3,North Birmingham,9,38,42101,Carbon monoxide,093,INSTRUMENTAL - GAS FILTER CORRELATION CO ANALYZER,13820,"Birmingham-Hoover, AL",33.553056,-86.815,POINT,177,NEIGHBORHOOD,500 M TO 4KM,SLAMS,"Jefferson County, AL  Department Of Health",OTHER,,NCORE,17.5,
2022-01-20,010730023,2,0.2,Parts per million,2,North Birmingham,18,75,42101,Carbon monoxide,093,INSTRUMENTAL - GAS FILTER CORRELATION CO ANALYZER,13820,"Birmingham-Hoover, AL",33.553056,-86.815,POINT,177,NEIGHBORHOOD,500 M TO 4KM,SLAMS,"Jefferson County, AL  Department Of Health",OTHER,,NCORE,17.5,
2022-01-21,010730023,2,0.2,Parts per million,2,North Birmingham,15,63,42101,Carbon monoxide,093,INSTRUMENTAL - GAS FILTER CORRELATION CO ANALYZER,13820,"Birmingham-Hoover, AL",33.553056,-86.815,POINT,177,NEIGHBORHOOD,500 M TO 4KM,SLAMS,"Jefferson County, AL  Department Of Health",OTHER,,NCORE,17.5,
2022-01-22,010730023,2,0.4,Parts per million,5,North Birmingham,24,100,42101,Carbon monoxide,093,INSTRUMENTAL - GAS FILTER CORRELATION CO ANALYZER,13820,"Birmingham-Hoover, AL",33.553056,-86.815,POINT,177,NEIGHBORHOOD,500 M TO 4KM,SLAMS,"Jefferson County, AL  Department Of Health",OTHER,,NCORE,17.5,
2022-01-23,010730023,2,0.5,Parts per million,6,North Birmingham,24,100,42101,Carbon monoxide,093,INSTRUMENTAL - GAS FILTER CORRELATION CO ANALYZER,13820,"Birmingham-Hoover, AL",33.553056,-86.815,POINT,177,NEIGHBORHOOD,500 M TO 4KM,SLAMS,"Jefferson County, AL  Department Of Health",OTHER,,NCORE,17.5,
2022-01-24,010730023,2,0.6,Parts per million,7,North Birmingham,24,100,42101,Carbon monoxide,093,INSTRUMENTAL - GAS FILTER CORRELATION CO ANALYZER,13820,"Birmingham-Hoover, AL",33.553056,-86.815,POINT,177,NEIGHBORHOOD,500 M TO 4KM,SLAMS,"Jefferson County, AL  Department Of Health",OTHER,,NCORE,17.5,
2022-01-25,010730023,2,0.3,Parts per million,3,North Birmingham,18,75,42101,Carbon monoxide,093,INSTRUMENTAL - GAS FILTER CORRELATION CO ANALYZER,13820,"Birmingham-Hoover, AL",33.553056,-86.815,POINT,177,NEIGHBORHOOD,500 M TO 4KM,SLAMS,"Jefferson County, AL  Department Of Health",OTHER,,NCORE,17.5,
2022-01-26,010730023,2,0.3,Parts per million,3,North Birmingham,12,50,42101,Carbon monoxide,093,INSTRUMENTAL - GAS FILTER CORRELATION CO ANALYZER,13820,"Birmingham-Hoover, AL",33.553056,-86.815,POINT,177,NEIGHBORHOOD,500 M TO 4KM,SLAMS,"Jefferson County, AL  Department Of Health",OTHER,,NCORE,17.5,
2022-01-27,010730023,2,0.6,Parts per million,7,North Birmingham,24,100,42101,Carbon monoxide,093,INSTRUMENTAL - GAS FILTER CORRELATION CO ANALYZER,13820,"Birmingham-Hoover, AL",33.553056,-86.815,POINT,177,NEIGHBORHOOD,500 M TO 4KM,SLAMS,"Jefferson County, AL  Department Of Health",OTHER,,NCORE,17.5,
2022-01-28,010730023,2,0.6,Parts per million,7,North Birmingham,24,100,42101,Carbon monoxide,093,INSTRUMENTAL - GAS FILTER CORRELATION CO ANALYZER,13820,"Birmingham-Hoover, AL",33.553056,-86.815,POINT,177,NEIGHBORHOOD,500 M TO 4KM,SLAMS,"Jefferson County, AL  Department Of Health",OTHER,,NCORE,17.5,
2022-01-29,010730023,2,0.4,Parts per million,5,North Birmingham,24,100,42101,Carbon monoxide,093,INSTRUMENTAL - GAS FILTER CORRELATION CO ANALYZER,13820,"Birmingham-Hoover, AL",33.553056,-86.815,POINT,177,NEIGHBORHOOD,500 M TO 4KM,SLAMS,"Jefferson County, AL  Department Of Health",OTHER,,NCORE,17.5,
2022-01-30,010730023,2,0.6,Parts per million,7,North Birmingham,24,100,42101,Carbon monoxide,093,INSTRUMENTAL - GAS FILTER CORRELATION CO ANALYZER,13820,"Birmingham-Hoover, AL",33.553056,-86.815,POINT,177,NEIGHBORHOOD,500 M TO 4KM,SLAMS,"Jefferson County, AL  Department Of Health",OTHER,,NCORE,17.5,
2022-01-31,010730023,2,0.8,Parts per million,9,North Birmingham,24,100,42101,Carbon monoxide,093,INSTRUMENTAL - GAS FILTER CORRELATION CO ANALYZER,13820,"Birmingham-Hoover, AL",33.553056,-86.815,POINT,177,NEIGHBORHOOD,500 M TO 4KM,SLAMS,"Jefferson County, AL  Department Of Health",OTHER,,NCORE,17.5,
2022-02-01,010730023,2,0.5,Parts per million,6,North Birmingham,24,100,42101,Carbon monoxide,093,INSTRUMENTAL - GAS FILTER CORRELATION CO ANALYZER,13820,"Birmingham-Hoover, AL",33.553056,-86.815,POINT,177,NEIGHBORHOOD,500 M TO 4KM,SLAMS,"Jefferson County, AL  Department Of Health",OTHER,,NCORE,17.5,
2022-02-02,010730023,2,0.2,Parts per million,2,North Birmingham,17,71,42101,Carbon monoxide,093,INSTRUMENTAL - GAS FILTER CORRELATION CO ANALYZER,13820,"Birmingham-Hoover, AL",33.553056,-86.815,POINT,177,NEIGHBORHOOD,500 M TO 4KM,SLAMS,"Jefferson County, AL  Department Of Health",OTHER,,NCORE,17.5,
2022-02-03,010730023,2,0.2,Parts per million,2,North Birmingham,18,75,42101,Carbon monoxide,093,INSTRUMENTAL - GAS FILTER CORRELATION CO ANALYZER,13820,"Birmingham-Hoover, AL",33.553056,-86.815,POINT,177,NEIGHBORHOOD,500 M TO 4KM,SLAMS,"Jefferson County, AL  Department Of Health",OTHER,,NCORE,17.5,
2022-02-04,010730023,2,0.2,Parts per million,2,North Birmingham,24,100,42101,Carbon monoxide,093,INSTRUMENTAL - GAS FILTER CORRELATION CO ANALYZER,13820,"Birmingham-Hoover, AL",33.553056,-86.815,POINT,177,NEIGHBORHOOD,500 M TO 4KM,SLAMS,"Jefferson County, AL  Department Of Health",OTHER,,NCORE,17.5,
2022-02-05,010730023,2,0.3,Parts per million,3,North Birmingham,24,100,42101,Carbon monoxide,093,INSTRUMENTAL - GAS FILTER CORRELATION CO ANALYZER,13820,"Birmingham-Hoover, AL",33.553056,-86.815,POINT,177,NEIGHBORHOOD,500 M TO 4KM,SLAMS,"Jefferson County, AL  Department Of Health",OTHER,,NCORE,17.5,
2022-02-06,010730023,2,0.4,Parts per million,5,North Birmingham,24,100,42101,Carbon monoxide,093,INSTRUMENTAL - GAS FILTER CORRELATION CO ANALYZER,13820,"Birmingham-Hoover, AL",33.553056,-86.815,POINT,177,NEIGHBORHOOD,500 M TO 4KM,SLAMS,"Jefferson County, AL  Department Of Health",OTHER,,NCORE,17.5,
2022-02-07,010730023,2,0.5,Parts per million,6,North Birmingham,24,100,42101,Carbon monoxide,093,INSTRUMENTAL - GAS FILTER CORRELATION CO ANALYZER,13820,"Birmingham-Hoover, AL",33.553056,-86.815,POINT,177,NEIGHBORHOOD,500 M TO 4KM,SLAMS,"Jefferson County, AL  Department Of Health",OTHER,,NCORE,17.5,
2022-02-08,010730023,2,0.6,Parts per million,7,North Birmingham,18,75,42101,Carbon monoxide,093,INSTRUMENTAL - GAS FILTER CORRELATION CO ANALYZER,13820,"Birmingham-Hoover, AL",33.553056,-86.815,POINT,177,NEIGHBORHOOD,500 M TO 4KM,SLAMS,"Jefferson County, AL  Department Of Health",OTHER,,NCORE,17.5,
2022-02-09,010730023,2,0.7,Parts per million,8,North Birmingham,18,75,42101,Carbon monoxide,093,INSTRUMENTAL - GAS FILTER CORRELATION CO ANALYZER,13820,"Birmingham-Hoover, AL",33.553056,-86.815,POINT,177,NEIGHBORHOOD,500 M TO 4KM,SLAMS,"Jefferson County, AL  Department Of Health",OTHER,,NCORE,17.5,
2022-02-10,010730023,2,0.7,Parts per million,8,North Birmingham,24,100,42101,Carbon monoxide,093,INSTRUMENTAL - GAS FILTER CORRELATION CO ANALYZER,13820,"Birmingham-Hoover, AL",33.553056,-86.815,POINT,177,NEIGHBORHOOD,500 M TO 4KM,SLAMS,"Jefferson County, AL  Department Of Health",OTHER,,NCORE,17.5,
2022-02-11,010730023,2,0.7,Parts per million,8,North Birmingham,24,100,42101,Carbon monoxide,093,INSTRUMENTAL - GAS FILTER CORRELATION CO ANALYZER,13820,"Birmingham-Hoover, AL",33.553056,-86.815,POINT,177,NEIGHBORHOOD,500 M TO 4KM,SLAMS,"Jefferson County, AL  Department Of Health",OTHER,,NCORE,17.5,
2022-02-12,010730023,2,0.6,Parts per million,7,North Birmingham,24,100,42101,Carbon monoxide,093,INSTRUMENTAL - GAS FILTER CORRELATION CO ANALYZER,13820,"Birmingham-Hoover, AL",33.553056,-86.815,POINT,177,NEIGHBORHOOD,500 M TO 4KM,SLAMS,"Jefferson County, AL  Department Of Health",OTHER,,NCORE,17.5,
2022-02-13,010730023,2,0.2,Parts per million,2,North Birmingham,24,100,42101,Carbon monoxide,093,INSTRUMENTAL - GAS FILTER CORRELATION CO ANALYZER,13820,"Birmingham-Hoover, AL",33.553056,-86.815,POINT,177,NEIGHBORHOOD,500 M TO 4KM,SLAMS,"Jefferson County, AL  Department Of Health",OTHER,,NCORE,17.5,
2022-02-14,010730023,2,2.6,Parts per million,30,North Birmingham,12,50,42101,Carbon monoxide,093,INSTRUMENTAL - GAS FILTER CORRELATION CO ANALYZER,13820,"Birmingham-Hoover, AL",33.553056,-86.815,POINT,177,NEIGHBORHOOD,500 M TO 4KM,SLAMS,"Jefferson County, AL  Department Of Health",OTHER,,NCORE,17.5,
2022-02-15,010730023,2,2.6,Parts per million,30,North Birmingham,18,75,42101,Carbon monoxide,093,INSTRUMENTAL - GAS FILTER CORRELATION CO ANALYZER,13820,"Birmingham-Hoover, AL",33.553056,-86.815,POINT,177,NEIGHBORHOOD,500 M TO 4KM,SLAMS,"Jefferson County, AL  Department Of Health",OTHER,,NCORE,17.5,
2022-02-16,010730023,2,0.2,Parts per million,2,North Birmingham,18,75,42101,Carbon monoxide,093,INSTRUMENTAL - GAS FILTER CORRELATION CO ANALYZER,13820,"Birmingham-Hoover, AL",33.553056,-86.815,POINT,177,NEIGHBORHOOD,500 M TO 4KM,SLAMS,"Jefferson County, AL  Department Of Health",OTHER,,NCORE,17.5,
2022-02-17,010730023,2,0.2,Parts per million,2,North Birmingham,24,100,42101,Carbon monoxide,093,INSTRUMENTAL - GAS FILTER CORRELATION CO ANALYZER,13820,"Birmingham-Hoover, AL",33.553056,-86.815,POINT,177,NEIGHBORHOOD,500 M TO 4KM,SLAMS,"Jefferson County, AL  Department Of Health",OTHER,,NCORE,17.5,
2022-02-18,010730023,2,0.3,Parts per million,3,North Birmingham,24,100,42101,Carbon monoxide,093,INSTRUMENTAL - GAS FILTER CORRELATION CO ANALYZER,13820,"Birmingham-Hoover, AL",33.553056,-86.815,POINT,177,NEIGHBORHOOD,500 M TO 4KM,SLAMS,"Jefferson County, AL  Department Of Health",OTHER,,NCORE,17.5,
2022-02-19,010730023,2,0.4,Parts per million,5,North Birmingham,24,100,42101,Carbon monoxide,093,INSTRUMENTAL - GAS FILTER CORRELATION CO ANALYZER,13820,"Birmingham-Hoover, AL",33.553056,-86.815,POINT,177,NEIGHBORHOOD,500 M TO 4KM,SLAMS,"Jefferson County, AL  Department Of Health",OTHER,,NCORE,17.5,
2022-02-20,010730023,2,0.5,Parts per million,6,North Birmingham,24,100,42101,Carbon monoxide,093,INSTRUMENTAL - GAS FILTER CORRELATION CO ANALYZER,13820,"Birmingham-Hoover, AL",33.553056,-86.815,POINT,177,NEIGHBORHOOD,500 M TO 4KM,SLAMS,"Jefferson County, AL  Department Of Health",OTHER,,NCORE,17.5,
2022-02-21,010730023,2,0.3,Parts per million,3,North Birmingham,24,100,42101,Carbon monoxide,093,INSTRUMENTAL - GAS FILTER CORRELATION CO ANALYZER,13820,"Birmingham-Hoover, AL",33.553056,-86.815,POINT,177,NEIGHBORHOOD,500 M TO 4KM,SLAMS,"Jefferson County, AL  Department Of Health",OTHER,,NCORE,17.5,
2022-02-22,010730023,2,0.2,Parts per million,2,North Birmingham,18,75,42101,Carbon monoxide,093,INSTRUMENTAL - GAS FILTER CORRELATION CO ANALYZER,13820,"Birmingham-Hoover, AL",33.553056,-86.815,POINT,177,NEIGHBORHOOD,500 M TO 4KM,SLAMS,"Jefferson County, AL  Department Of Health",OTHER,,NCORE,17.5,
2022-02-23,010730023,2,0.2,Parts per million,2,North Birmingham,17,71,42101,Carbon monoxide,093,INSTRUMENTAL - GAS FILTER CORRELATION CO ANALYZER,13820,"Birmingham-Hoover, AL",33.553056,-86.815,POINT,177,NEIGHBORHOOD,500 M TO 4KM,SLAMS,"Jefferson County, AL  Department Of Health",OTHER,,NCORE,17.5,
2022-02-24,010730023,2,0.3,Parts per million,3,North Birmingham,24,100,42101,Carbon monoxide,093,INSTRUMENTAL - GAS FILTER CORRELATION CO ANALYZER,13820,"Birmingham-Hoover, AL",33.553056,-86.815,POINT,177,NEIGHBORHOOD,500 M TO 4KM,SLAMS,"Jefferson County, AL  Department Of Health",OTHER,,NCORE,17.5,
2022-02-25,010730023,2,0.2,Parts per million,2,North Birmingham,24,100,42101,Carbon monoxide,093,INSTRUMENTAL - GAS FILTER CORRELATION CO ANALYZER,13820,"Birmingham-Hoover, AL",33.553056,-86.815,POINT,177,NEIGHBORHOOD,500 M TO 4KM,SLAMS,"Jefferson County, AL  Department Of Health",OTHER,,NCORE,17.5,
2022-02-26,010730023,2,0.2,Parts per million,2,North Birmingham,24,100,42101,Carbon monoxide,093,INSTRUMENTAL - GAS FILTER CORRELATION CO ANALYZER,13820,"Birmingham-Hoover, AL",33.553056,-86.815,POINT,177,NEIGHBORHOOD,500 M TO 4KM,SLAMS,"Jefferson County, AL  Department Of Health",OTHER,,NCORE,17.5,
2022-02-27,010730023,2,0.2,Parts per million,2,North Birmingham,24,100,42101,Carbon monoxide,093,INSTRUMENTAL - GAS FILTER CORRELATION CO ANALYZER,13820,"Birmingham-Hoover, AL",33.553056,-86.815,POINT,177,NEIGHBORHOOD,500 M TO 4KM,SLAMS,"Jefferson County, AL  Department Of Health",OTHER,,NCORE,17.5,
2022-02-28,010730023,2,0.2,Parts per million,2,North Birmingham,13,54,42101,Carbon monoxide,093,INSTRUMENTAL - GAS FILTER CORRELATION CO ANALYZER,13820,"Birmingham-Hoover, AL",33.553056,-86.815,POINT,177,NEIGHBORHOOD,500 M TO 4KM,SLAMS,"Jefferson County, AL  Department Of Health",OTHER,,NCORE,17.5,
2022-03-01,010730023,2,0.6,Parts per million,7,North Birmingham,22,92,42101,Carbon monoxide,093,INSTRUMENTAL - GAS FILTER CORRELATION CO ANALYZER,13820,"Birmingham-Hoover, AL",33.553056,-86.815,POINT,177,NEIGHBORHOOD,500 M TO 4KM,SLAMS,"Jefferson County, AL  Department Of Health",OTHER,,NCORE,17.5,
2022-03-02,010730023,2,0.7,Parts per million,8,North Birmingham,15,63,42101,Carbon monoxide,093,INSTRUMENTAL - GAS FILTER CORRELATION CO ANALYZER,13820,"Birmingham-Hoover, AL",33.553056,-86.815,POINT,177,NEIGHBORHOOD,500 M TO 4KM,SLAMS,"Jefferson County, AL  Department Of Health",OTHER,,NCORE,17.5,
2022-03-03,010730023,2,0.7,Parts per million,8,North Birmingham,18,75,42101,Carbon monoxide,093,INSTRUMENTAL - GAS FILTER CORRELATION CO ANALYZER,13820,"Birmingham-Hoover, AL",33.553056,-86.815,POINT,177,NEIGHBORHOOD,500 M TO 4KM,SLAMS,"Jefferson County, AL  Department Of Health",OTHER,,NCORE,17.5,
2022-03-04,010730023,2,0.7,Parts per million,8,North Birmingham,17,71,42101,Carbon monoxide,093,INSTRUMENTAL - GAS FILTER CORRELATION CO ANALYZER,13820,"Birmingham-Hoover, AL",33.553056,-86.815,POINT,177,NEIGHBORHOOD,500 M TO 4KM,SLAMS,"Jefferson County, AL  Department Of Health",OTHER,,NCORE,17.5,
2022-03-05,010730023,2,0.3,Parts per million,3,North Birmingham,24,100,42101,Carbon monoxide,093,INSTRUMENTAL - GAS FILTER CORRELATION CO ANALYZER,13820,"Birmingham-Hoover, AL",33.553056,-86.815,POINT,177,NEIGHBORHOOD,500 M TO 4KM,SLAMS,"Jefferson County, AL  Department Of Health",OTHER,,NCORE,17.5,
2022-03-06,010730023,2,0.2,Parts per million,2,North Birmingham,24,100,42101,Carbon monoxide,093,INSTRUMENTAL - GAS FILTER CORRELATION CO ANALYZER,13820,"Birmingham-Hoover, AL",33.553056,-86.815,POINT,177,NEIGHBORHOOD,500 M TO 4KM,SLAMS,"Jefferson County, AL  Department Of Health",OTHER,,NCORE,17.5,
2022-03-07,010730023,2,0.2,Parts per million,2,North Birmingham,24,100,42101,Carbon monoxide,093,INSTRUMENTAL - GAS FILTER CORRELATION CO ANALYZER,13820,"Birmingham-Hoover, AL",33.553056,-86.815,POINT,177,NEIGHBORHOOD,500 M TO 4KM,SLAMS,"Jefferson County, AL  Department Of Health",OTHER,,NCORE,17.5,
2022-03-08,010730023,2,0.2,Parts per million,2,North Birmingham,24,100,42101,Carbon monoxide,093,INSTRUMENTAL - GAS FILTER CORRELATION CO ANALYZER,13820,"Birmingham-Hoover, AL",33.553056,-86.815,POINT,177,NEIGHBORHOOD,500 M TO 4KM,SLAMS,"Jefferson County, AL  Department Of Health",OTHER,,NCORE,17.5,
2022-03-09,010730023,2,0.2,Parts per million,2,North Birmingham,24,100,42101,Carbon monoxide,093,INSTRUMENTAL - GAS FILTER CORRELATION CO ANALYZER,13820,"Birmingham-Hoover, AL",33.553056,-86.815,POINT,177,NEIGHBORHOOD,500 M TO 4KM,SLAMS,"Jefferson County, AL  Department Of Health",OTHER,,NCORE,17.5,
2022-03-10,010730023,2,0.3,Parts per million,3,North Birmingham,12,50,42101,Carbon monoxide,093,INSTRUMENTAL - GAS FILTER CORRELATION CO ANALYZER,13820,"Birmingham-Hoover, AL",33.553056,-86.815,POINT,177,NEIGHBORHOOD,500 M TO 4KM,SLAMS,"Jefferson County, AL  Department Of Health",OTHER,,NCORE,17.5,
2022-03-11,010730023,2,0.4,Parts per million,5,North Birmingham,24,100,42101,Carbon monoxide,093,INSTRUMENTAL - GAS FILTER CORRELATION CO ANALYZER,13820,"Birmingham-Hoover, AL",33.553056,-86.815,POINT,177,NEIGHBORHOOD,500 M TO 4KM,SLAMS,"Jefferson County, AL  Department Of Health",OTHER,,NCORE,17.5,
2022-03-12,010730023,2,0.2,Parts per million,2,North Birmingham,24,100,42101,Carbon monoxide,093,INSTRUMENTAL - GAS FILTER CORRELATION CO ANALYZER,13820,"Birmingham-Hoover, AL",33.553056,-86.815,POINT,177,NEIGHBORHOOD,500 M TO 4KM,SLAMS,"Jefferson County, AL  Department Of Health",OTHER,,NCORE,17.5,
2022-03-13,010730023,2,0.3,Parts per million,3,North Birmingham,24,100,42101,Carbon monoxide,093,INSTRUMENTAL - GAS FILTER CORRELATION CO ANALYZER,13820,"Birmingham-Hoover, AL",33.553056,-86.815,POINT,177,NEIGHBORHOOD,500 M TO 4KM,SLAMS,"Jefferson County, AL  Department Of Health",OTHER,,NCORE,17.5,
2022-03-14,010730023,2,0.3,Parts per million,3,North Birmingham,24,100,42101,Carbon monoxide,093,INSTRUMENTAL - GAS FILTER CORRELATION CO ANALYZER,13820,"Birmingham-Hoover, AL",33.553056,-86.815,POINT,177,NEIGHBORHOOD,500 M TO 4KM,SLAMS,"Jefferson County, AL  Department Of Health",OTHER,,NCORE,17.5,
2022-03-15,010730023,2,0.2,Parts per million,2,North Birmingham,24,100,42101,Carbon monoxide,093,INSTRUMENTAL - GAS FILTER CORRELATION CO ANALYZER,13820,"Birmingham-Hoover, AL",33.553056,-86.815,POINT,177,NEIGHBORHOOD,500 M TO 4KM,SLAMS,"Jefferson County, AL  Department Of Health",OTHER,,NCORE,17.5,
2022-03-16,010730023,2,0.5,Parts per million,6,North Birmingham,18,75,42101,Carbon monoxide,093,INSTRUMENTAL - GAS FILTER CORRELATION CO ANALYZER,13820,"Birmingham-Hoover, AL",33.553056,-86.815,POINT,177,NEIGHBORHOOD,500 M TO 4KM,SLAMS,"Jefferson County, AL  Department Of Health",OTHER,,NCORE,17.5,
2022-03-17,010730023,2,0.7,Parts per million,8,North Birmingham,24,100,42101,Carbon monoxide,093,INSTRUMENTAL - GAS FILTER CORRELATION CO ANALYZER,13820,"Birmingham-Hoover, AL",33.553056,-86.815,POINT,177,NEIGHBORHOOD,500 M TO 4KM,SLAMS,"Jefferson County, AL  Department Of Health",OTHER,,NCORE,17.5,
2022-03-18,010730023,2,0.2,Parts per million,2,North Birmingham,17,71,42101,Carbon monoxide,093,INSTRUMENTAL - GAS FILTER CORRELATION CO ANALYZER,13820,"Birmingham-Hoover, AL",33.553056,-86.815,POINT,177,NEIGHBORHOOD,500 M TO 4KM,SLAMS,"Jefferson County, AL  Department Of Health",OTHER,,NCORE,17.5,
2022-03-19,010730023,2,0.3,Parts per million,3,North Birmingham,24,100,42101,Carbon monoxide,093,INSTRUMENTAL - GAS FILTER CORRELATION CO ANALYZER,13820,"Birmingham-Hoover, AL",33.553056,-86.815,POINT,177,NEIGHBORHOOD,500 M TO 4KM,SLAMS,"Jefferson County, AL  Department Of Health",OTHER,,NCORE,17.5,
2022-03-20,010730023,2,0.4,Parts per million,5,North Birmingham,24,100,42101,Carbon monoxide,093,INSTRUMENTAL - GAS FILTER CORRELATION CO ANALYZER,13820,"Birmingham-Hoover, AL",33.553056,-86.815,POINT,177,NEIGHBORHOOD,500 M TO 4KM,SLAMS,"Jefferson County, AL  Department Of Health",OTHER,,NCORE,17.5,
2022-03-21,010730023,2,0.4,Parts per million,5,North Birmingham,24,100,42101,Carbon monoxide,093,INSTRUMENTAL - GAS FILTER CORRELATION CO ANALYZER,13820,"Birmingham-Hoover, AL",33.553056,-86.815,POINT,177,NEIGHBORHOOD,500 M TO 4KM,SLAMS,"Jefferson County, AL  Department Of Health",OTHER,,NCORE,17.5,
2022-03-22,010730023,2,0.2,Parts per million,2,North Birmingham,23,96,42101,Carbon monoxide,093,INSTRUMENTAL - GAS FILTER CORRELATION CO ANALYZER,13820,"Birmingham-Hoover, AL",33.553056,-86.815,POINT,177,NEIGHBORHOOD,500 M TO 4KM,SLAMS,"Jefferson County, AL  Department Of Health",OTHER,,NCORE,17.5,
2022-03-23,010730023,2,0.1,Parts per million,1,North Birmingham,12,50,42101,Carbon monoxide,093,INSTRUMENTAL - GAS FILTER CORRELATION CO ANALYZER,13820,"Birmingham-Hoover, AL",33.553056,-86.815,POINT,177,NEIGHBORHOOD,500 M TO 4KM,SLAMS,"Jefferson County, AL  Department Of Health",OTHER,,NCORE,17.5,
2022-03-24,010730023,2,0.3,Parts per million,3,North Birmingham,24,100,42101,Carbon monoxide,093,INSTRUMENTAL - GAS FILTER CORRELATION CO ANALYZER,13820,"Birmingham-Hoover, AL",33.553056,-86.815,POINT,177,NEIGHBORHOOD,500 M TO 4KM,SLAMS,"Jefferson County, AL  Department Of Health",OTHER,,NCORE,17.5,
2022-03-25,010730023,2,0.3,Parts per million,3,North Birmingham,24,100,42101,Carbon monoxide,093,INSTRUMENTAL - GAS FILTER CORRELATION CO ANALYZER,13820,"Birmingham-Hoover, AL",33.553056,-86.815,POINT,177,NEIGHBORHOOD,500 M TO 4KM,SLAMS,"Jefferson County, AL  Department Of Health",OTHER,,NCORE,17.5,
2022-03-26,010730023,2,0.2,Parts per million,2,North Birmingham,24,100,42101,Carbon monoxide,093,INSTRUMENTAL - GAS FILTER CORRELATION CO ANALYZER,13820,"Birmingham-Hoover, AL",33.553056,-86.815,POINT,177,NEIGHBORHOOD,500 M TO 4KM,SLAMS,"Jefferson County, AL  Department Of Health",OTHER,,NCORE,17.5,
2022-03-27,010730023,2,0.2,Parts per million,2,North Birmingham,24,100,42101,Carbon monoxide,093,INSTRUMENTAL - GAS FILTER CORRELATION CO ANALYZER,13820,"Birmingham-Hoover, AL",33.553056,-86.815,POINT,177,NEIGHBORHOOD,500 M TO 4KM,SLAMS,"Jefferson County, AL  Department Of Health",OTHER,,NCORE,17.5,
2022-03-28,010730023,2,0.2,Parts per million,2,North Birmingham,24,100,42101,Carbon monoxide,093,INSTRUMENTAL - GAS FILTER CORRELATION CO ANALYZER,13820,"Birmingham-Hoover, AL",33.553056,-86.815,POINT,177,NEIGHBORHOOD,500 M TO 4KM,SLAMS,"Jefferson County, AL  Department Of Health",OTHER,,NCORE,17.5,
2022-03-29,010730023,2,0.2,Parts per million,2,North Birmingham,16,67,42101,Carbon monoxide,093,INSTRUMENTAL - GAS FILTER CORRELATION CO ANALYZER,13820,"Birmingham-Hoover, AL",33.553056,-86.815,POINT,177,NEIGHBORHOOD,500 M TO 4KM,SLAMS,"Jefferson County, AL  Department Of Health",OTHER,,NCORE,17.5,
2022-03-30,010730023,2,0.2,Parts per million,2,North Birmingham,24,100,42101,Carbon monoxide,093,INSTRUMENTAL - GAS FILTER CORRELATION CO ANALYZER,13820,"Birmingham-Hoover, AL",33.553056,-86.815,POINT,177,NEIGHBORHOOD,500 M TO 4KM,SLAMS,"Jefferson County, AL  Department Of Health",OTHER,,NCORE,17.5,
2022-03-31,010730023,2,0.2,Parts per million,2,North Birmingham,16,67,42101,Carbon monoxide,093,INSTRUMENTAL - GAS FILTER CORRELATION CO ANALYZER,13820,"Birmingham-Hoover, AL",33.553056,-86.815,POINT,177,NEIGHBORHOOD,500 M TO 4KM,SLAMS,"Jefferson County, AL  Department Of Health",OTHER,,NCORE,17.5,
2022-04-01,010730023,2,0.3,Parts per million,3,North Birmingham,24,100,42101,Carbon monoxide,093,INSTRUMENTAL - GAS FILTER CORRELATION CO ANALYZER,13820,"Birmingham-Hoover, AL",33.553056,-86.815,POINT,177,NEIGHBORHOOD,500 M TO 4KM,SLAMS,"Jefferson County, AL  Department Of Health",OTHER,,NCORE,17.5,
2022-04-02,010730023,2,0.4,Parts per million,5,North Birmingham,24,100,42101,Carbon monoxide,093,INSTRUMENTAL - GAS FILTER CORRELATION CO ANALYZER,13820,"Birmingham-Hoover, AL",33.553056,-86.815,POINT,177,NEIGHBORHOOD,500 M TO 4KM,SLAMS,"Jefferson County, AL  Department Of Health",OTHER,,NCORE,17.5,
2022-04-03,010730023,2,0.4,Parts per million,5,North Birmingham,24,100,42101,Carbon monoxide,093,INSTRUMENTAL - GAS FILTER CORRELATION CO ANALYZER,13820,"Birmingham-Hoover, AL",33.553056,-86.815,POINT,177,NEIGHBORHOOD,500 M TO 4KM,SLAMS,"Jefferson County, AL  Department Of Health",OTHER,,NCORE,17.5,
2022-04-04,010730023,2,0.3,Parts per million,3,North Birmingham,24,100,42101,Carbon monoxide,093,INSTRUMENTAL - GAS FILTER CORRELATION CO ANALYZER,13820,"Birmingham-Hoover, AL",33.553056,-86.815,POINT,177,NEIGHBORHOOD,500 M TO 4KM,SLAMS,"Jefferson County, AL  Department Of Health",OTHER,,NCORE,17.5,
2022-04-05,010730023,2,0.3,Parts per million,3,North Birmingham,24,100,42101,Carbon monoxide,093,INSTRUMENTAL - GAS FILTER CORRELATION CO ANALYZER,13820,"Birmingham-Hoover, AL",33.553056,-86.815,POINT,177,NEIGHBORHOOD,500 M TO 4KM,SLAMS,"Jefferson County, AL  Department Of Health",OTHER,,NCORE,17.5,
2022-04-06,010730023,2,0.2,Parts per million,2,North Birmingham,24,100,42101,Carbon monoxide,093,INSTRUMENTAL - GAS FILTER CORRELATION CO ANALYZER,13820,"Birmingham-Hoover, AL",33.553056,-86.815,POINT,177,NEIGHBORHOOD,500 M TO 4KM,SLAMS,"Jefferson County, AL  Department Of Health",OTHER,,NCORE,17.5,
2022-04-07,010730023,2,0.1,Parts per million,1,North Birmingham,24,100,42101,Carbon monoxide,093,INSTRUMENTAL - GAS FILTER CORRELATION CO ANALYZER,13820,"Birmingham-Hoover, AL",33.553056,-86.815,POINT,177,NEIGHBORHOOD,500 M TO 4KM,SLAMS,"Jefferson County, AL  Department Of Health",OTHER,,NCORE,17.5,
2022-04-08,010730023,2,0.2,Parts per million,2,North Birmingham,24,100,42101,Carbon monoxide,093,INSTRUMENTAL - GAS FILTER CORRELATION CO ANALYZER,13820,"Birmingham-Hoover, AL",33.553056,-86.815,POINT,177,NEIGHBORHOOD,500 M TO 4KM,SLAMS,"Jefferson County, AL  Department Of Health",OTHER,,NCORE,17.5,
2022-04-09,010730023,2,0.2,Parts per million,2,North Birmingham,24,100,42101,Carbon monoxide,093,INSTRUMENTAL - GAS FILTER CORRELATION CO ANALYZER,13820,"Birmingham-Hoover, AL",33.553056,-86.815,POINT,177,NEIGHBORHOOD,500 M TO 4KM,SLAMS,"Jefferson County, AL  Department Of Health",OTHER,,NCORE,17.5,
2022-04-10,010730023,2,0.4,Parts per million,5,North Birmingham,24,100,42101,Carbon monoxide,093,INSTRUMENTAL - GAS FILTER CORRELATION CO ANALYZER,13820,"Birmingham-Hoover, AL",33.553056,-86.815,POINT,177,NEIGHBORHOOD,500 M TO 4KM,SLAMS,"Jefferson County, AL  Department Of Health",OTHER,,NCORE,17.5,
2022-04-11,010730023,2,0.2,Parts per million,2,North Birmingham,24,100,42101,Carbon monoxide,093,INSTRUMENTAL - GAS FILTER CORRELATION CO ANALYZER,13820,"Birmingham-Hoover, AL",33.553056,-86.815,POINT,177,NEIGHBORHOOD,500 M TO 4KM,SLAMS,"Jefferson County, AL  Department Of Health",OTHER,,NCORE,17.5,
2022-04-12,010730023,2,0.2,Parts per million,2,North Birmingham,24,100,42101,Carbon monoxide,093,INSTRUMENTAL - GAS FILTER CORRELATION CO ANALYZER,13820,"Birmingham-Hoover, AL",33.553056,-86.815,POINT,177,NEIGHBORHOOD,500 M TO 4KM,SLAMS,"Jefferson County, AL  Department Of Health",OTHER,,NCORE,17.5,
2022-04-13,010730023,2,0.1,Parts per million,1,North Birmingham,24,100,42101,Carbon monoxide,093,INSTRUMENTAL - GAS FILTER CORRELATION CO ANALYZER,13820,"Birmingham-Hoover, AL",33.553056,-86.815,POINT,177,NEIGHBORHOOD,500 M TO 4KM,SLAMS,"Jefferson County, AL  Department Of Health",OTHER,,NCORE,17.5,
2022-04-14,010730023,2,0.2,Parts per million,2,North Birmingham,16,67,42101,Carbon monoxide,093,INSTRUMENTAL - GAS FILTER CORRELATION CO ANALYZER,13820,"Birmingham-Hoover, AL",33.553056,-86.815,POINT,177,NEIGHBORHOOD,500 M TO 4KM,SLAMS,"Jefferson County, AL  Department Of Health",OTHER,,NCORE,17.5,
2022-04-15,010730023,2,0.3,Parts per million,3,North Birmingham,24,100,42101,Carbon monoxide,093,INSTRUMENTAL - GAS FILTER CORRELATION CO ANALYZER,13820,"Birmingham-Hoover, AL",33.553056,-86.815,POINT,177,NEIGHBORHOOD,500 M TO 4KM,SLAMS,"Jefferson County, AL  Department Of Health",OTHER,,NCORE,17.5,
2022-04-16,010730023,2,0.2,Parts per million,2,North Birmingham,24,100,42101,Carbon monoxide,093,INSTRUMENTAL - GAS FILTER CORRELATION CO ANALYZER,13820,"Birmingham-Hoover, AL",33.553056,-86.815,POINT,177,NEIGHBORHOOD,500 M TO 4KM,SLAMS,"Jefferson County, AL  Department Of Health",OTHER,,NCORE,17.5,
2022-04-17,010730023,2,0.3,Parts per million,3,North Birmingham,24,100,42101,Carbon monoxide,093,INSTRUMENTAL - GAS FILTER CORRELATION CO ANALYZER,13820,"Birmingham-Hoover, AL",33.553056,-86.815,POINT,177,NEIGHBORHOOD,500 M TO 4KM,SLAMS,"Jefferson County, AL  Department Of Health",OTHER,,NCORE,17.5,
2022-04-18,010730023,2,0.2,Parts per million,2,North Birmingham,24,100,42101,Carbon monoxide,093,INSTRUMENTAL - GAS FILTER CORRELATION CO ANALYZER,13820,"Birmingham-Hoover, AL",33.553056,-86.815,POINT,177,NEIGHBORHOOD,500 M TO 4KM,SLAMS,"Jefferson County, AL  Department Of Health",OTHER,,NCORE,17.5,
2022-04-19,010730023,2,0.3,Parts per million,3,North Birmingham,24,100,42101,Carbon monoxide,093,INSTRUMENTAL - GAS FILTER CORRELATION CO ANALYZER,13820,"Birmingham-Hoover, AL",33.553056,-86.815,POINT,177,NEIGHBORHOOD,500 M TO 4KM,SLAMS,"Jefferson County, AL  Department Of Health",OTHER,,NCORE,17.5,
2022-04-20,010730023,2,0.3,Parts per million,3,North Birmingham,24,100,42101,Carbon monoxide,093,INSTRUMENTAL - GAS FILTER CORRELATION CO ANALYZER,13820,"Birmingham-Hoover, AL",33.553056,-86.815,POINT,177,NEIGHBORHOOD,500 M TO 4KM,SLAMS,"Jefferson County, AL  Department Of Health",OTHER,,NCORE,17.5,
2022-04-21,010730023,2,0.3,Parts per million,3,North Birmingham,24,100,42101,Carbon monoxide,093,INSTRUMENTAL - GAS FILTER CORRELATION CO ANALYZER,13820,"Birmingham-Hoover, AL",33.553056,-86.815,POINT,177,NEIGHBORHOOD,500 M TO 4KM,SLAMS,"Jefferson County, AL  Department Of Health",OTHER,,NCORE,17.5,
2022-04-22,010730023,2,0.3,Parts per million,3,North Birmingham,24,100,42101,Carbon monoxide,093,INSTRUMENTAL - GAS FILTER CORRELATION CO ANALYZER,13820,"Birmingham-Hoover, AL",33.553056,-86.815,POINT,177,NEIGHBORHOOD,500 M TO 4KM,SLAMS,"Jefferson County, AL  Department Of Health",OTHER,,NCORE,17.5,
2022-04-23,010730023,2,0.2,Parts per million,2,North Birmingham,24,100,42101,Carbon monoxide,093,INSTRUMENTAL - GAS FILTER CORRELATION CO ANALYZER,13820,"Birmingham-Hoover, AL",33.553056,-86.815,POINT,177,NEIGHBORHOOD,500 M TO 4KM,SLAMS,"Jefferson County, AL  Department Of Health",OTHER,,NCORE,17.5,
2022-04-24,010730023,2,0.1,Parts per million,1,North Birmingham,24,100,42101,Carbon monoxide,093,INSTRUMENTAL - GAS FILTER CORRELATION CO ANALYZER,13820,"Birmingham-Hoover, AL",33.553056,-86.815,POINT,177,NEIGHBORHOOD,500 M TO 4KM,SLAMS,"Jefferson County, AL  Department Of Health",OTHER,,NCORE,17.5,
2022-04-25,010730023,2,0.2,Parts per million,2,North Birmingham,24,100,42101,Carbon monoxide,093,INSTRUMENTAL - GAS FILTER CORRELATION CO ANALYZER,13820,"Birmingham-Hoover, AL",33.553056,-86.815,POINT,177,NEIGHBORHOOD,500 M TO 4KM,SLAMS,"Jefferson County, AL  Department Of Health",OTHER,,NCORE,17.5,
2022-04-26,010730023,2,0.1,Parts per million,1,North Birmingham,24,100,42101,Carbon monoxide,093,INSTRUMENTAL - GAS FILTER CORRELATION CO ANALYZER,13820,"Birmingham-Hoover, AL",33.553056,-86.815,POINT,177,NEIGHBORHOOD,500 M TO 4KM,SLAMS,"Jefferson County, AL  Department Of Health",OTHER,,NCORE,17.5,
2022-04-27,010730023,2,0.2,Parts per million,2,North Birmingham,24,100,42101,Carbon monoxide,093,INSTRUMENTAL - GAS FILTER CORRELATION CO ANALYZER,13820,"Birmingham-Hoover, AL",33.553056,-86.815,POINT,177,NEIGHBORHOOD,500 M TO 4KM,SLAMS,"Jefferson County, AL  Department Of Health",OTHER,,NCORE,17.5,
2022-04-28,010730023,2,0.3,Parts per million,3,North Birmingham,14,58,42101,Carbon monoxide,093,INSTRUMENTAL - GAS FILTER CORRELATION CO ANALYZER,13820,"Birmingham-Hoover, AL",33.553056,-86.815,POINT,177,NEIGHBORHOOD,500 M TO 4KM,SLAMS,"Jefferson County, AL  Department Of Health",OTHER,,NCORE,17.5,
2022-04-29,010730023,2,0.3,Parts per million,3,North Birmingham,24,100,42101,Carbon monoxide,093,INSTRUMENTAL - GAS FILTER CORRELATION CO ANALYZER,13820,"Birmingham-Hoover, AL",33.553056,-86.815,POINT,177,NEIGHBORHOOD,500 M TO 4KM,SLAMS,"Jefferson County, AL  Department Of Health",OTHER,,NCORE,17.5,
2022-04-30,010730023,2,0.2,Parts per million,2,North Birmingham,24,100,42101,Carbon monoxide,093,INSTRUMENTAL - GAS FILTER CORRELATION CO ANALYZER,13820,"Birmingham-Hoover, AL",33.553056,-86.815,POINT,177,NEIGHBORHOOD,500 M TO 4KM,SLAMS,"Jefferson County, AL  Department Of Health",OTHER,,NCORE,17.5,
2022-05-01,010730023,2,0.2,Parts per million,2,North Birmingham,24,100,42101,Carbon monoxide,093,INSTRUMENTAL - GAS FILTER CORRELATION CO ANALYZER,13820,"Birmingham-Hoover, AL",33.553056,-86.815,POINT,177,NEIGHBORHOOD,500 M TO 4KM,SLAMS,"Jefferson County, AL  Department Of Health",OTHER,,NCORE,17.5,
2022-05-02,010730023,2,0.2,Parts per million,2,North Birmingham,24,100,42101,Carbon monoxide,093,INSTRUMENTAL - GAS FILTER CORRELATION CO ANALYZER,13820,"Birmingham-Hoover, AL",33.553056,-86.815,POINT,177,NEIGHBORHOOD,500 M TO 4KM,SLAMS,"Jefferson County, AL  Department Of Health",OTHER,,NCORE,17.5,
2022-05-03,010730023,2,0.2,Parts per million,2,North Birmingham,18,75,42101,Carbon monoxide,093,INSTRUMENTAL - GAS FILTER CORRELATION CO ANALYZER,13820,"Birmingham-Hoover, AL",33.553056,-86.815,POINT,177,NEIGHBORHOOD,500 M TO 4KM,SLAMS,"Jefferson County, AL  Department Of Health",OTHER,,NCORE,17.5,
2022-05-04,010730023,2,0.2,Parts per million,2,North Birmingham,13,54,42101,Carbon monoxide,093,INSTRUMENTAL - GAS FILTER CORRELATION CO ANALYZER,13820,"Birmingham-Hoover, AL",33.553056,-86.815,POINT,177,NEIGHBORHOOD,500 M TO 4KM,SLAMS,"Jefferson County, AL  Department Of Health",OTHER,,NCORE,17.5,
2022-05-05,010730023,2,0.2,Parts per million,2,North Birmingham,13,54,42101,Carbon monoxide,093,INSTRUMENTAL - GAS FILTER CORRELATION CO ANALYZER,13820,"Birmingham-Hoover, AL",33.553056,-86.815,POINT,177,NEIGHBORHOOD,500 M TO 4KM,SLAMS,"Jefferson County, AL  Department Of Health",OTHER,,NCORE,17.5,
2022-05-06,010730023,2,0.2,Parts per million,2,North Birmingham,24,100,42101,Carbon monoxide,093,INSTRUMENTAL - GAS FILTER CORRELATION CO ANALYZER,13820,"Birmingham-Hoover, AL",33.553056,-86.815,POINT,177,NEIGHBORHOOD,500 M TO 4KM,SLAMS,"Jefferson County, AL  Department Of Health",OTHER,,NCORE,17.5,
2022-05-07,010730023,2,0.2,Parts per million,2,North Birmingham,24,100,42101,Carbon monoxide,093,INSTRUMENTAL - GAS FILTER CORRELATION CO ANALYZER,13820,"Birmingham-Hoover, AL",33.553056,-86.815,POINT,177,NEIGHBORHOOD,500 M TO 4KM,SLAMS,"Jefferson County, AL  Department Of Health",OTHER,,NCORE,17.5,
2022-05-08,010730023,2,0.2,Parts per million,2,North Birmingham,24,100,42101,Carbon monoxide,093,INSTRUMENTAL - GAS FILTER CORRELATION CO ANALYZER,13820,"Birmingham-Hoover, AL",33.553056,-86.815,POINT,177,NEIGHBORHOOD,500 M TO 4KM,SLAMS,"Jefferson County, AL  Department Of Health",OTHER,,NCORE,17.5,
2022-05-09,010730023,2,0.2,Parts per million,2,North Birmingham,24,100,42101,Carbon monoxide,093,INSTRUMENTAL - GAS FILTER CORRELATION CO ANALYZER,13820,"Birmingham-Hoover, AL",33.553056,-86.815,POINT,177,NEIGHBORHOOD,500 M TO 4KM,SLAMS,"Jefferson County, AL  Department Of Health",OTHER,,NCORE,17.5,
2022-05-10,010730023,2,0.3,Parts per million,3,North Birmingham,24,100,42101,Carbon monoxide,093,INSTRUMENTAL - GAS FILTER CORRELATION CO ANALYZER,13820,"Birmingham-Hoover, AL",33.553056,-86.815,POINT,177,NEIGHBORHOOD,500 M TO 4KM,SLAMS,"Jefferson County, AL  Department Of Health",OTHER,,NCORE,17.5,
2022-05-11,010730023,2,0.4,Parts per million,5,North Birmingham,24,100,42101,Carbon monoxide,093,INSTRUMENTAL - GAS FILTER CORRELATION CO ANALYZER,13820,"Birmingham-Hoover, AL",33.553056,-86.815,POINT,177,NEIGHBORHOOD,500 M TO 4KM,SLAMS,"Jefferson County, AL  Department Of Health",OTHER,,NCORE,17.5,
2022-05-12,010730023,2,0.3,Parts per million,3,North Birmingham,14,58,42101,Carbon monoxide,093,INSTRUMENTAL - GAS FILTER CORRELATION CO ANALYZER,13820,"Birmingham-Hoover, AL",33.553056,-86.815,POINT,177,NEIGHBORHOOD,500 M TO 4KM,SLAMS,"Jefferson County, AL  Department Of Health",OTHER,,NCORE,17.5,
2022-05-13,010730023,2,0.3,Parts per million,3,North Birmingham,24,100,42101,Carbon monoxide,093,INSTRUMENTAL - GAS FILTER CORRELATION CO ANALYZER,13820,"Birmingham-Hoover, AL",33.553056,-86.815,POINT,177,NEIGHBORHOOD,500 M TO 4KM,SLAMS,"Jefferson County, AL  Department Of Health",OTHER,,NCORE,17.5,
2022-05-14,010730023,2,0.3,Parts per million,3,North Birmingham,24,100,42101,Carbon monoxide,093,INSTRUMENTAL - GAS FILTER CORRELATION CO ANALYZER,13820,"Birmingham-Hoover, AL",33.553056,-86.815,POINT,177,NEIGHBORHOOD,500 M TO 4KM,SLAMS,"Jefferson County, AL  Department Of Health",OTHER,,NCORE,17.5,
2022-05-15,010730023,2,0.4,Parts per million,5,North Birmingham,24,100,42101,Carbon monoxide,093,INSTRUMENTAL - GAS FILTER CORRELATION CO ANALYZER,13820,"Birmingham-Hoover, AL",33.553056,-86.815,POINT,177,NEIGHBORHOOD,500 M TO 4KM,SLAMS,"Jefferson County, AL  Department Of Health",OTHER,,NCORE,17.5,
2022-05-16,010730023,2,0.2,Parts per million,2,North Birmingham,24,100,42101,Carbon monoxide,093,INSTRUMENTAL - GAS FILTER CORRELATION CO ANALYZER,13820,"Birmingham-Hoover, AL",33.553056,-86.815,POINT,177,NEIGHBORHOOD,500 M TO 4KM,SLAMS,"Jefferson County, AL  Department Of Health",OTHER,,NCORE,17.5,
2022-05-17,010730023,2,0.3,Parts per million,3,North Birmingham,24,100,42101,Carbon monoxide,093,INSTRUMENTAL - GAS FILTER CORRELATION CO ANALYZER,13820,"Birmingham-Hoover, AL",33.553056,-86.815,POINT,177,NEIGHBORHOOD,500 M TO 4KM,SLAMS,"Jefferson County, AL  Department Of Health",OTHER,,NCORE,17.5,
2022-05-18,010730023,2,0.4,Parts per million,5,North Birmingham,24,100,42101,Carbon monoxide,093,INSTRUMENTAL - GAS FILTER CORRELATION CO ANALYZER,13820,"Birmingham-Hoover, AL",33.553056,-86.815,POINT,177,NEIGHBORHOOD,500 M TO 4KM,SLAMS,"Jefferson County, AL  Department Of Health",OTHER,,NCORE,17.5,
2022-05-19,010730023,2,0.3,Parts per million,3,North Birmingham,13,54,42101,Carbon monoxide,093,INSTRUMENTAL - GAS FILTER CORRELATION CO ANALYZER,13820,"Birmingham-Hoover, AL",33.553056,-86.815,POINT,177,NEIGHBORHOOD,500 M TO 4KM,SLAMS,"Jefferson County, AL  Department Of Health",OTHER,,NCORE,17.5,
2022-05-20,010730023,2,0.2,Parts per million,2,North Birmingham,18,75,42101,Carbon monoxide,093,INSTRUMENTAL - GAS FILTER CORRELATION CO ANALYZER,13820,"Birmingham-Hoover, AL",33.553056,-86.815,POINT,177,NEIGHBORHOOD,500 M TO 4KM,SLAMS,"Jefferson County, AL  Department Of Health",OTHER,,NCORE,17.5,
2022-05-21,010730023,2,0.1,Parts per million,1,North Birmingham,24,100,42101,Carbon monoxide,093,INSTRUMENTAL - GAS FILTER CORRELATION CO ANALYZER,13820,"Birmingham-Hoover, AL",33.553056,-86.815,POINT,177,NEIGHBORHOOD,500 M TO 4KM,SLAMS,"Jefferson County, AL  Department Of Health",OTHER,,NCORE,17.5,
2022-05-22,010730023,2,0.1,Parts per million,1,North Birmingham,24,100,42101,Carbon monoxide,093,INSTRUMENTAL - GAS FILTER CORRELATION CO ANALYZER,13820,"Birmingham-Hoover, AL",33.553056,-86.815,POINT,177,NEIGHBORHOOD,500 M TO 4KM,SLAMS,"Jefferson County, AL  Department Of Health",OTHER,,NCORE,17.5,
2022-05-23,010730023,2,0.1,Parts per million,1,North Birmingham,24,100,42101,Carbon monoxide,093,INSTRUMENTAL - GAS FILTER CORRELATION CO ANALYZER,13820,"Birmingham-Hoover, AL",33.553056,-86.815,POINT,177,NEIGHBORHOOD,500 M TO 4KM,SLAMS,"Jefferson County, AL  Department Of Health",OTHER,,NCORE,17.5,
2022-05-24,010730023,2,0.2,Parts per million,2,North Birmingham,24,100,42101,Carbon monoxide,093,INSTRUMENTAL - GAS FILTER CORRELATION CO ANALYZER,13820,"Birmingham-Hoover, AL",33.553056,-86.815,POINT,177,NEIGHBORHOOD,500 M TO 4KM,SLAMS,"Jefferson County, AL  Department Of Health",OTHER,,NCORE,17.5,
2022-05-25,010730023,2,0.1,Parts per million,1,North Birmingham,24,100,42101,Carbon monoxide,093,INSTRUMENTAL - GAS FILTER CORRELATION CO ANALYZER,13820,"Birmingham-Hoover, AL",33.553056,-86.815,POINT,177,NEIGHBORHOOD,500 M TO 4KM,SLAMS,"Jefferson County, AL  Department Of Health",OTHER,,NCORE,17.5,
2022-05-26,010730023,2,0.2,Parts per million,2,North Birmingham,18,75,42101,Carbon monoxide,093,INSTRUMENTAL - GAS FILTER CORRELATION CO ANALYZER,13820,"Birmingham-Hoover, AL",33.553056,-86.815,POINT,177,NEIGHBORHOOD,500 M TO 4KM,SLAMS,"Jefferson County, AL  Department Of Health",OTHER,,NCORE,17.5,
2022-05-27,010730023,2,0.2,Parts per million,2,North Birmingham,24,100,42101,Carbon monoxide,093,INSTRUMENTAL - GAS FILTER CORRELATION CO ANALYZER,13820,"Birmingham-Hoover, AL",33.553056,-86.815,POINT,177,NEIGHBORHOOD,500 M TO 4KM,SLAMS,"Jefferson County, AL  Department Of Health",OTHER,,NCORE,17.5,
2022-05-28,010730023,2,0.2,Parts per million,2,North Birmingham,19,79,42101,Carbon monoxide,093,INSTRUMENTAL - GAS FILTER CORRELATION CO ANALYZER,13820,"Birmingham-Hoover, AL",33.553056,-86.815,POINT,177,NEIGHBORHOOD,500 M TO 4KM,SLAMS,"Jefferson County, AL  Department Of Health",OTHER,,NCORE,17.5,
2022-05-29,010730023,2,0.4,Parts per million,5,North Birmingham,12,50,42101,Carbon monoxide,093,INSTRUMENTAL - GAS FILTER CORRELATION CO ANALYZER,13820,"Birmingham-Hoover, AL",33.553056,-86.815,POINT,177,NEIGHBORHOOD,500 M TO 4KM,SLAMS,"Jefferson County, AL  Department Of Health",OTHER,,NCORE,17.5,
2022-05-30,010730023,2,0.1,Parts per million,1,North Birmingham,13,54,42101,Carbon monoxide,093,INSTRUMENTAL - GAS FILTER CORRELATION CO ANALYZER,13820,"Birmingham-Hoover, AL",33.553056,-86.815,POINT,177,NEIGHBORHOOD,500 M TO 4KM,SLAMS,"Jefferson County, AL  Department Of Health",OTHER,,NCORE,17.5,
2022-05-31,010730023,2,0.2,Parts per million,2,North Birmingham,10,42,42101,Carbon monoxide,093,INSTRUMENTAL - GAS FILTER CORRELATION CO ANALYZER,13820,"Birmingham-Hoover, AL",33.553056,-86.815,POINT,177,NEIGHBORHOOD,500 M TO 4KM,SLAMS,"Jefferson County, AL  Department Of Health",OTHER,,NCORE,17.5,
2022-06-01,010730023,2,0.6,Parts per million,7,North Birmingham,24,100,42101,Carbon monoxide,093,INSTRUMENTAL - GAS FILTER CORRELATION CO ANALYZER,13820,"Birmingham-Hoover, AL",33.553056,-86.815,POINT,177,NEIGHBORHOOD,500 M TO 4KM,SLAMS,"Jefferson County, AL  Department Of Health",OTHER,,NCORE,17.5,
2022-06-02,010730023,2,0.7,Parts per million,8,North Birmingham,14,58,42101,Carbon monoxide,093,INSTRUMENTAL - GAS FILTER CORRELATION CO ANALYZER,13820,"Birmingham-Hoover, AL",33.553056,-86.815,POINT,177,NEIGHBORHOOD,500 M TO 4KM,SLAMS,"Jefferson County, AL  Department Of Health",OTHER,,NCORE,17.5,
2022-06-06,010730023,2,0.2,Parts per million,2,North Birmingham,13,54,42101,Carbon monoxide,093,INSTRUMENTAL - GAS FILTER CORRELATION CO ANALYZER,13820,"Birmingham-Hoover, AL",33.553056,-86.815,POINT,177,NEIGHBORHOOD,500 M TO 4KM,SLAMS,"Jefferson County, AL  Department Of Health",OTHER,,NCORE,17.5,
2022-06-07,010730023,2,0.2,Parts per million,2,North Birmingham,24,100,42101,Carbon monoxide,093,INSTRUMENTAL - GAS FILTER CORRELATION CO ANALYZER,13820,"Birmingham-Hoover, AL",33.553056,-86.815,POINT,177,NEIGHBORHOOD,500 M TO 4KM,SLAMS,"Jefferson County, AL  Department Of Health",OTHER,,NCORE,17.5,
2022-06-08,010730023,2,0.2,Parts per million,2,North Birmingham,24,100,42101,Carbon monoxide,093,INSTRUMENTAL - GAS FILTER CORRELATION CO ANALYZER,13820,"Birmingham-Hoover, AL",33.553056,-86.815,POINT,177,NEIGHBORHOOD,500 M TO 4KM,SLAMS,"Jefferson County, AL  Department Of Health",OTHER,,NCORE,17.5,
2022-06-09,010730023,2,0.1,Parts per million,1,North Birmingham,21,88,42101,Carbon monoxide,093,INSTRUMENTAL - GAS FILTER CORRELATION CO ANALYZER,13820,"Birmingham-Hoover, AL",33.553056,-86.815,POINT,177,NEIGHBORHOOD,500 M TO 4KM,SLAMS,"Jefferson County, AL  Department Of Health",OTHER,,NCORE,17.5,
2022-06-12,010730023,2,0.4,Parts per million,5,North Birmingham,19,79,42101,Carbon monoxide,093,INSTRUMENTAL - GAS FILTER CORRELATION CO ANALYZER,13820,"Birmingham-Hoover, AL",33.553056,-86.815,POINT,177,NEIGHBORHOOD,500 M TO 4KM,SLAMS,"Jefferson County, AL  Department Of Health",OTHER,,NCORE,17.5,
2022-06-13,010730023,2,0.2,Parts per million,2,North Birmingham,24,100,42101,Carbon monoxide,093,INSTRUMENTAL - GAS FILTER CORRELATION CO ANALYZER,13820,"Birmingham-Hoover, AL",33.553056,-86.815,POINT,177,NEIGHBORHOOD,500 M TO 4KM,SLAMS,"Jefferson County, AL  Department Of Health",OTHER,,NCORE,17.5,
2022-06-14,010730023,2,0.3,Parts per million,3,North Birmingham,24,100,42101,Carbon monoxide,093,INSTRUMENTAL - GAS FILTER CORRELATION CO ANALYZER,13820,"Birmingham-Hoover, AL",33.553056,-86.815,POINT,177,NEIGHBORHOOD,500 M TO 4KM,SLAMS,"Jefferson County, AL  Department Of Health",OTHER,,NCORE,17.5,
2022-06-15,010730023,2,0.2,Parts per million,2,North Birmingham,24,100,42101,Carbon monoxide,093,INSTRUMENTAL - GAS FILTER CORRELATION CO ANALYZER,13820,"Birmingham-Hoover, AL",33.553056,-86.815,POINT,177,NEIGHBORHOOD,500 M TO 4KM,SLAMS,"Jefferson County, AL  Department Of Health",OTHER,,NCORE,17.5,
2022-06-16,010730023,2,0.3,Parts per million,3,North Birmingham,13,54,42101,Carbon monoxide,093,INSTRUMENTAL - GAS FILTER CORRELATION CO ANALYZER,13820,"Birmingham-Hoover, AL",33.553056,-86.815,POINT,177,NEIGHBORHOOD,500 M TO 4KM,SLAMS,"Jefferson County, AL  Department Of Health",OTHER,,NCORE,17.5,
2022-06-17,010730023,2,0.3,Parts per million,3,North Birmingham,24,100,42101,Carbon monoxide,093,INSTRUMENTAL - GAS FILTER CORRELATION CO ANALYZER,13820,"Birmingham-Hoover, AL",33.553056,-86.815,POINT,177,NEIGHBORHOOD,500 M TO 4KM,SLAMS,"Jefferson County, AL  Department Of Health",OTHER,,NCORE,17.5,
2022-06-18,010730023,2,0.3,Parts per million,3,North Birmingham,24,100,42101,Carbon monoxide,093,INSTRUMENTAL - GAS FILTER CORRELATION CO ANALYZER,13820,"Birmingham-Hoover, AL",33.553056,-86.815,POINT,177,NEIGHBORHOOD,500 M TO 4KM,SLAMS,"Jefferson County, AL  Department Of Health",OTHER,,NCORE,17.5,
2022-06-19,010730023,2,0.2,Parts per million,2,North Birmingham,24,100,42101,Carbon monoxide,093,INSTRUMENTAL - GAS FILTER CORRELATION CO ANALYZER,13820,"Birmingham-Hoover, AL",33.553056,-86.815,POINT,177,NEIGHBORHOOD,500 M TO 4KM,SLAMS,"Jefferson County, AL  Department Of Health",OTHER,,NCORE,17.5,
2022-06-20,010730023,2,0.3,Parts per million,3,North Birmingham,5,21,42101,Carbon monoxide,093,INSTRUMENTAL - GAS FILTER CORRELATION CO ANALYZER,13820,"Birmingham-Hoover, AL",33.553056,-86.815,POINT,177,NEIGHBORHOOD,500 M TO 4KM,SLAMS,"Jefferson County, AL  Department Of Health",OTHER,,NCORE,17.5,
2022-06-21,010730023,2,0.3,Parts per million,3,North Birmingham,11,46,42101,Carbon monoxide,093,INSTRUMENTAL - GAS FILTER CORRELATION CO ANALYZER,13820,"Birmingham-Hoover, AL",33.553056,-86.815,POINT,177,NEIGHBORHOOD,500 M TO 4KM,SLAMS,"Jefferson County, AL  Department Of Health",OTHER,,NCORE,17.5,
2022-06-22,010730023,2,0.4,Parts per million,5,North Birmingham,24,100,42101,Carbon monoxide,093,INSTRUMENTAL - GAS FILTER CORRELATION CO ANALYZER,13820,"Birmingham-Hoover, AL",33.553056,-86.815,POINT,177,NEIGHBORHOOD,500 M TO 4KM,SLAMS,"Jefferson County, AL  Department Of Health",OTHER,,NCORE,17.5,
2022-06-23,010730023,2,0.3,Parts per million,3,North Birmingham,24,100,42101,Carbon monoxide,093,INSTRUMENTAL - GAS FILTER CORRELATION CO ANALYZER,13820,"Birmingham-Hoover, AL",33.553056,-86.815,POINT,177,NEIGHBORHOOD,500 M TO 4KM,SLAMS,"Jefferson County, AL  Department Of Health",OTHER,,NCORE,17.5,
2022-06-24,010730023,2,0.3,Parts per million,3,North Birmingham,18,75,42101,Carbon monoxide,093,INSTRUMENTAL - GAS FILTER CORRELATION CO ANALYZER,13820,"Birmingham-Hoover, AL",33.553056,-86.815,POINT,177,NEIGHBORHOOD,500 M TO 4KM,SLAMS,"Jefferson County, AL  Department Of Health",OTHER,,NCORE,17.5,
2022-06-25,010730023,2,0.3,Parts per million,3,North Birmingham,24,100,42101,Carbon monoxide,093,INSTRUMENTAL - GAS FILTER CORRELATION CO ANALYZER,13820,"Birmingham-Hoover, AL",33.553056,-86.815,POINT,177,NEIGHBORHOOD,500 M TO 4KM,SLAMS,"Jefferson County, AL  Department Of Health",OTHER,,NCORE,17.5,
2022-06-26,010730023,2,0.2,Parts per million,2,North Birmingham,24,100,42101,Carbon monoxide,093,INSTRUMENTAL - GAS FILTER CORRELATION CO ANALYZER,13820,"Birmingham-Hoover, AL",33.553056,-86.815,POINT,177,NEIGHBORHOOD,500 M TO 4KM,SLAMS,"Jefferson County, AL  Department Of Health",OTHER,,NCORE,17.5,
2022-06-27,010730023,2,0.2,Parts per million,2,North Birmingham,24,100,42101,Carbon monoxide,093,INSTRUMENTAL - GAS FILTER CORRELATION CO ANALYZER,13820,"Birmingham-Hoover, AL",33.553056,-86.815,POINT,177,NEIGHBORHOOD,500 M TO 4KM,SLAMS,"Jefferson County, AL  Department Of Health",OTHER,,NCORE,17.5,
2022-06-28,010730023,2,0.2,Parts per million,2,North Birmingham,18,75,42101,Carbon monoxide,093,INSTRUMENTAL - GAS FILTER CORRELATION CO ANALYZER,13820,"Birmingham-Hoover, AL",33.553056,-86.815,POINT,177,NEIGHBORHOOD,500 M TO 4KM,SLAMS,"Jefferson County, AL  Department Of Health",OTHER,,NCORE,17.5,
2022-06-29,010730023,2,0.2,Parts per million,2,North Birmingham,24,100,42101,Carbon monoxide,093,INSTRUMENTAL - GAS FILTER CORRELATION CO ANALYZER,13820,"Birmingham-Hoover, AL",33.553056,-86.815,POINT,177,NEIGHBORHOOD,500 M TO 4KM,SLAMS,"Jefferson County, AL  Department Of Health",OTHER,,NCORE,17.5,
2022-06-30,010730023,2,0.2,Parts per million,2,North Birmingham,24,100,42101,Carbon monoxide,093,INSTRUMENTAL - GAS FILTER CORRELATION CO ANALYZER,13820,"Birmingham-Hoover, AL",33.553056,-86.815,POINT,177,NEIGHBORHOOD,500 M TO 4KM,SLAMS,"Jefferson County, AL  Department Of Health",OTHER,,NCORE,17.5,
2022-07-01,010730023,2,0.2,Parts per million,2,North Birmingham,16,67,42101,Carbon monoxide,093,INSTRUMENTAL - GAS FILTER CORRELATION CO ANALYZER,13820,"Birmingham-Hoover, AL",33.553056,-86.815,POINT,177,NEIGHBORHOOD,500 M TO 4KM,SLAMS,"Jefferson County, AL  Department Of Health",OTHER,,NCORE,17.5,
2022-07-02,010730023,2,0.1,Parts per million,1,North Birmingham,24,100,42101,Carbon monoxide,093,INSTRUMENTAL - GAS FILTER CORRELATION CO ANALYZER,13820,"Birmingham-Hoover, AL",33.553056,-86.815,POINT,177,NEIGHBORHOOD,500 M TO 4KM,SLAMS,"Jefferson County, AL  Department Of Health",OTHER,,NCORE,17.5,
2022-07-03,010730023,2,0.2,Parts per million,2,North Birmingham,24,100,42101,Carbon monoxide,093,INSTRUMENTAL - GAS FILTER CORRELATION CO ANALYZER,13820,"Birmingham-Hoover, AL",33.553056,-86.815,POINT,177,NEIGHBORHOOD,500 M TO 4KM,SLAMS,"Jefferson County, AL  Department Of Health",OTHER,,NCORE,17.5,
2022-07-04,010730023,2,0.2,Parts per million,2,North Birmingham,24,100,42101,Carbon monoxide,093,INSTRUMENTAL - GAS FILTER CORRELATION CO ANALYZER,13820,"Birmingham-Hoover, AL",33.553056,-86.815,POINT,177,NEIGHBORHOOD,500 M TO 4KM,SLAMS,"Jefferson County, AL  Department Of Health",OTHER,,NCORE,17.5,
2022-07-05,010730023,2,0.4,Parts per million,5,North Birmingham,24,100,42101,Carbon monoxide,093,INSTRUMENTAL - GAS FILTER CORRELATION CO ANALYZER,13820,"Birmingham-Hoover, AL",33.553056,-86.815,POINT,177,NEIGHBORHOOD,500 M TO 4KM,SLAMS,"Jefferson County, AL  Department Of Health",OTHER,,NCORE,17.5,
2022-07-06,010730023,2,0.3,Parts per million,3,North Birmingham,24,100,42101,Carbon monoxide,093,INSTRUMENTAL - GAS FILTER CORRELATION CO ANALYZER,13820,"Birmingham-Hoover, AL",33.553056,-86.815,POINT,177,NEIGHBORHOOD,500 M TO 4KM,SLAMS,"Jefferson County, AL  Department Of Health",OTHER,,NCORE,17.5,
2022-07-07,010730023,2,0.2,Parts per million,2,North Birmingham,24,100,42101,Carbon monoxide,093,INSTRUMENTAL - GAS FILTER CORRELATION CO ANALYZER,13820,"Birmingham-Hoover, AL",33.553056,-86.815,POINT,177,NEIGHBORHOOD,500 M TO 4KM,SLAMS,"Jefferson County, AL  Department Of Health",OTHER,,NCORE,17.5,
2022-07-08,010730023,2,0.2,Parts per million,2,North Birmingham,24,100,42101,Carbon monoxide,093,INSTRUMENTAL - GAS FILTER CORRELATION CO ANALYZER,13820,"Birmingham-Hoover, AL",33.553056,-86.815,POINT,177,NEIGHBORHOOD,500 M TO 4KM,SLAMS,"Jefferson County, AL  Department Of Health",OTHER,,NCORE,17.5,
2022-07-09,010730023,2,0.2,Parts per million,2,North Birmingham,12,50,42101,Carbon monoxide,093,INSTRUMENTAL - GAS FILTER CORRELATION CO ANALYZER,13820,"Birmingham-Hoover, AL",33.553056,-86.815,POINT,177,NEIGHBORHOOD,500 M TO 4KM,SLAMS,"Jefferson County, AL  Department Of Health",OTHER,,NCORE,17.5,
2022-07-11,010730023,2,0.2,Parts per million,2,North Birmingham,12,50,42101,Carbon monoxide,093,INSTRUMENTAL - GAS FILTER CORRELATION CO ANALYZER,13820,"Birmingham-Hoover, AL",33.553056,-86.815,POINT,177,NEIGHBORHOOD,500 M TO 4KM,SLAMS,"Jefferson County, AL  Department Of Health",OTHER,,NCORE,17.5,
2022-07-12,010730023,2,0.2,Parts per million,2,North Birmingham,24,100,42101,Carbon monoxide,093,INSTRUMENTAL - GAS FILTER CORRELATION CO ANALYZER,13820,"Birmingham-Hoover, AL",33.553056,-86.815,POINT,177,NEIGHBORHOOD,500 M TO 4KM,SLAMS,"Jefferson County, AL  Department Of Health",OTHER,,NCORE,17.5,
2022-07-13,010730023,2,0.2,Parts per million,2,North Birmingham,24,100,42101,Carbon monoxide,093,INSTRUMENTAL - GAS FILTER CORRELATION CO ANALYZER,13820,"Birmingham-Hoover, AL",33.553056,-86.815,POINT,177,NEIGHBORHOOD,500 M TO 4KM,SLAMS,"Jefferson County, AL  Department Of Health",OTHER,,NCORE,17.5,
2022-07-14,010730023,2,0.3,Parts per million,3,North Birmingham,18,75,42101,Carbon monoxide,093,INSTRUMENTAL - GAS FILTER CORRELATION CO ANALYZER,13820,"Birmingham-Hoover, AL",33.553056,-86.815,POINT,177,NEIGHBORHOOD,500 M TO 4KM,SLAMS,"Jefferson County, AL  Department Of Health",OTHER,,NCORE,17.5,
2022-07-15,010730023,2,0.3,Parts per million,3,North Birmingham,18,75,42101,Carbon monoxide,093,INSTRUMENTAL - GAS FILTER CORRELATION CO ANALYZER,13820,"Birmingham-Hoover, AL",33.553056,-86.815,POINT,177,NEIGHBORHOOD,500 M TO 4KM,SLAMS,"Jefferson County, AL  Department Of Health",OTHER,,NCORE,17.5,
2022-07-16,010730023,2,0.4,Parts per million,5,North Birmingham,24,100,42101,Carbon monoxide,093,INSTRUMENTAL - GAS FILTER CORRELATION CO ANALYZER,13820,"Birmingham-Hoover, AL",33.553056,-86.815,POINT,177,NEIGHBORHOOD,500 M TO 4KM,SLAMS,"Jefferson County, AL  Department Of Health",OTHER,,NCORE,17.5,
2022-07-17,010730023,2,0.2,Parts per million,2,North Birmingham,24,100,42101,Carbon monoxide,093,INSTRUMENTAL - GAS FILTER CORRELATION CO ANALYZER,13820,"Birmingham-Hoover, AL",33.553056,-86.815,POINT,177,NEIGHBORHOOD,500 M TO 4KM,SLAMS,"Jefferson County, AL  Department Of Health",OTHER,,NCORE,17.5,
2022-07-18,010730023,2,0.2,Parts per million,2,North Birmingham,11,46,42101,Carbon monoxide,093,INSTRUMENTAL - GAS FILTER CORRELATION CO ANALYZER,13820,"Birmingham-Hoover, AL",33.553056,-86.815,POINT,177,NEIGHBORHOOD,500 M TO 4KM,SLAMS,"Jefferson County, AL  Department Of Health",OTHER,,NCORE,17.5,
2022-07-19,010730023,2,0.2,Parts per million,2,North Birmingham,10,42,42101,Carbon monoxide,093,INSTRUMENTAL - GAS FILTER CORRELATION CO ANALYZER,13820,"Birmingham-Hoover, AL",33.553056,-86.815,POINT,177,NEIGHBORHOOD,500 M TO 4KM,SLAMS,"Jefferson County, AL  Department Of Health",OTHER,,NCORE,17.5,
2022-07-20,010730023,2,0.1,Parts per million,1,North Birmingham,24,100,42101,Carbon monoxide,093,INSTRUMENTAL - GAS FILTER CORRELATION CO ANALYZER,13820,"Birmingham-Hoover, AL",33.553056,-86.815,POINT,177,NEIGHBORHOOD,500 M TO 4KM,SLAMS,"Jefferson County, AL  Department Of Health",OTHER,,NCORE,17.5,
2022-07-21,010730023,2,0.2,Parts per million,2,North Birmingham,24,100,42101,Carbon monoxide,093,INSTRUMENTAL - GAS FILTER CORRELATION CO ANALYZER,13820,"Birmingham-Hoover, AL",33.553056,-86.815,POINT,177,NEIGHBORHOOD,500 M TO 4KM,SLAMS,"Jefferson County, AL  Department Of Health",OTHER,,NCORE,17.5,
2022-07-22,010730023,2,0.3,Parts per million,3,North Birmingham,24,100,42101,Carbon monoxide,093,INSTRUMENTAL - GAS FILTER CORRELATION CO ANALYZER,13820,"Birmingham-Hoover, AL",33.553056,-86.815,POINT,177,NEIGHBORHOOD,500 M TO 4KM,SLAMS,"Jefferson County, AL  Department Of Health",OTHER,,NCORE,17.5,
2022-07-23,010730023,2,0.3,Parts per million,3,North Birmingham,24,100,42101,Carbon monoxide,093,INSTRUMENTAL - GAS FILTER CORRELATION CO ANALYZER,13820,"Birmingham-Hoover, AL",33.553056,-86.815,POINT,177,NEIGHBORHOOD,500 M TO 4KM,SLAMS,"Jefferson County, AL  Department Of Health",OTHER,,NCORE,17.5,
2022-07-24,010730023,2,0.1,Parts per million,1,North Birmingham,24,100,42101,Carbon monoxide,093,INSTRUMENTAL - GAS FILTER CORRELATION CO ANALYZER,13820,"Birmingham-Hoover, AL",33.553056,-86.815,POINT,177,NEIGHBORHOOD,500 M TO 4KM,SLAMS,"Jefferson County, AL  Department Of Health",OTHER,,NCORE,17.5,
2022-07-25,010730023,2,0.1,Parts per million,1,North Birmingham,24,100,42101,Carbon monoxide,093,INSTRUMENTAL - GAS FILTER CORRELATION CO ANALYZER,13820,"Birmingham-Hoover, AL",33.553056,-86.815,POINT,177,NEIGHBORHOOD,500 M TO 4KM,SLAMS,"Jefferson County, AL  Department Of Health",OTHER,,NCORE,17.5,
2022-07-26,010730023,2,0.1,Parts per million,1,North Birmingham,24,100,42101,Carbon monoxide,093,INSTRUMENTAL - GAS FILTER CORRELATION CO ANALYZER,13820,"Birmingham-Hoover, AL",33.553056,-86.815,POINT,177,NEIGHBORHOOD,500 M TO 4KM,SLAMS,"Jefferson County, AL  Department Of Health",OTHER,,NCORE,17.5,
2022-07-27,010730023,2,0.1,Parts per million,1,North Birmingham,17,71,42101,Carbon monoxide,093,INSTRUMENTAL - GAS FILTER CORRELATION CO ANALYZER,13820,"Birmingham-Hoover, AL",33.553056,-86.815,POINT,177,NEIGHBORHOOD,500 M TO 4KM,SLAMS,"Jefferson County, AL  Department Of Health",OTHER,,NCORE,17.5,
2022-07-28,010730023,2,0.2,Parts per million,2,North Birmingham,18,75,42101,Carbon monoxide,093,INSTRUMENTAL - GAS FILTER CORRELATION CO ANALYZER,13820,"Birmingham-Hoover, AL",33.553056,-86.815,POINT,177,NEIGHBORHOOD,500 M TO 4KM,SLAMS,"Jefferson County, AL  Department Of Health",OTHER,,NCORE,17.5,
2022-07-29,010730023,2,0.1,Parts per million,1,North Birmingham,24,100,42101,Carbon monoxide,093,INSTRUMENTAL - GAS FILTER CORRELATION CO ANALYZER,13820,"Birmingham-Hoover, AL",33.553056,-86.815,POINT,177,NEIGHBORHOOD,500 M TO 4KM,SLAMS,"Jefferson County, AL  Department Of Health",OTHER,,NCORE,17.5,
2022-07-30,010730023,2,0.1,Parts per million,1,North Birmingham,24,100,42101,Carbon monoxide,093,INSTRUMENTAL - GAS FILTER CORRELATION CO ANALYZER,13820,"Birmingham-Hoover, AL",33.553056,-86.815,POINT,177,NEIGHBORHOOD,500 M TO 4KM,SLAMS,"Jefferson County, AL  Department Of Health",OTHER,,NCORE,17.5,
2022-07-31,010730023,2,0.1,Parts per million,1,North Birmingham,24,100,42101,Carbon monoxide,093,INSTRUMENTAL - GAS FILTER CORRELATION CO ANALYZER,13820,"Birmingham-Hoover, AL",33.553056,-86.815,POINT,177,NEIGHBORHOOD,500 M TO 4KM,SLAMS,"Jefferson County, AL  Department Of Health",OTHER,,NCORE,17.5,
2022-08-01,010730023,2,0.2,Parts per million,2,North Birmingham,24,100,42101,Carbon monoxide,093,INSTRUMENTAL - GAS FILTER CORRELATION CO ANALYZER,13820,"Birmingham-Hoover, AL",33.553056,-86.815,POINT,177,NEIGHBORHOOD,500 M TO 4KM,SLAMS,"Jefferson County, AL  Department Of Health",OTHER,,NCORE,17.5,
2022-08-02,010730023,2,0.2,Parts per million,2,North Birmingham,24,100,42101,Carbon monoxide,093,INSTRUMENTAL - GAS FILTER CORRELATION CO ANALYZER,13820,"Birmingham-Hoover, AL",33.553056,-86.815,POINT,177,NEIGHBORHOOD,500 M TO 4KM,SLAMS,"Jefferson County, AL  Department Of Health",OTHER,,NCORE,17.5,
2022-08-03,010730023,2,0.2,Parts per million,2,North Birmingham,24,100,42101,Carbon monoxide,093,INSTRUMENTAL - GAS FILTER CORRELATION CO ANALYZER,13820,"Birmingham-Hoover, AL",33.553056,-86.815,POINT,177,NEIGHBORHOOD,500 M TO 4KM,SLAMS,"Jefferson County, AL  Department Of Health",OTHER,,NCORE,17.5,
2022-08-04,010730023,2,0.2,Parts per million,2,North Birmingham,24,100,42101,Carbon monoxide,093,INSTRUMENTAL - GAS FILTER CORRELATION CO ANALYZER,13820,"Birmingham-Hoover, AL",33.553056,-86.815,POINT,177,NEIGHBORHOOD,500 M TO 4KM,SLAMS,"Jefferson County, AL  Department Of Health",OTHER,,NCORE,17.5,
2022-08-05,010730023,2,0.2,Parts per million,2,North Birmingham,17,71,42101,Carbon monoxide,093,INSTRUMENTAL - GAS FILTER CORRELATION CO ANALYZER,13820,"Birmingham-Hoover, AL",33.553056,-86.815,POINT,177,NEIGHBORHOOD,500 M TO 4KM,SLAMS,"Jefferson County, AL  Department Of Health",OTHER,,NCORE,17.5,
2022-08-06,010730023,2,0.2,Parts per million,2,North Birmingham,24,100,42101,Carbon monoxide,093,INSTRUMENTAL - GAS FILTER CORRELATION CO ANALYZER,13820,"Birmingham-Hoover, AL",33.553056,-86.815,POINT,177,NEIGHBORHOOD,500 M TO 4KM,SLAMS,"Jefferson County, AL  Department Of Health",OTHER,,NCORE,17.5,
2022-08-07,010730023,2,0.3,Parts per million,3,North Birmingham,24,100,42101,Carbon monoxide,093,INSTRUMENTAL - GAS FILTER CORRELATION CO ANALYZER,13820,"Birmingham-Hoover, AL",33.553056,-86.815,POINT,177,NEIGHBORHOOD,500 M TO 4KM,SLAMS,"Jefferson County, AL  Department Of Health",OTHER,,NCORE,17.5,
2022-08-08,010730023,2,0.3,Parts per million,3,North Birmingham,22,92,42101,Carbon monoxide,093,INSTRUMENTAL - GAS FILTER CORRELATION CO ANALYZER,13820,"Birmingham-Hoover, AL",33.553056,-86.815,POINT,177,NEIGHBORHOOD,500 M TO 4KM,SLAMS,"Jefferson County, AL  Department Of Health",OTHER,,NCORE,17.5,
2022-08-09,010730023,2,0.2,Parts per million,2,North Birmingham,5,21,42101,Carbon monoxide,093,INSTRUMENTAL - GAS FILTER CORRELATION CO ANALYZER,13820,"Birmingham-Hoover, AL",33.553056,-86.815,POINT,177,NEIGHBORHOOD,500 M TO 4KM,SLAMS,"Jefferson County, AL  Department Of Health",OTHER,,NCORE,17.5,
2022-08-10,010730023,2,0.2,Parts per million,2,North Birmingham,24,100,42101,Carbon monoxide,093,INSTRUMENTAL - GAS FILTER CORRELATION CO ANALYZER,13820,"Birmingham-Hoover, AL",33.553056,-86.815,POINT,177,NEIGHBORHOOD,500 M TO 4KM,SLAMS,"Jefferson County, AL  Department Of Health",OTHER,,NCORE,17.5,
2022-08-11,010730023,2,0.2,Parts per million,2,North Birmingham,24,100,42101,Carbon monoxide,093,INSTRUMENTAL - GAS FILTER CORRELATION CO ANALYZER,13820,"Birmingham-Hoover, AL",33.553056,-86.815,POINT,177,NEIGHBORHOOD,500 M TO 4KM,SLAMS,"Jefferson County, AL  Department Of Health",OTHER,,NCORE,17.5,
2022-08-12,010730023,2,0.3,Parts per million,3,North Birmingham,24,100,42101,Carbon monoxide,093,INSTRUMENTAL - GAS FILTER CORRELATION CO ANALYZER,13820,"Birmingham-Hoover, AL",33.553056,-86.815,POINT,177,NEIGHBORHOOD,500 M TO 4KM,SLAMS,"Jefferson County, AL  Department Of Health",OTHER,,NCORE,17.5,
2022-08-13,010730023,2,0.3,Parts per million,3,North Birmingham,24,100,42101,Carbon monoxide,093,INSTRUMENTAL - GAS FILTER CORRELATION CO ANALYZER,13820,"Birmingham-Hoover, AL",33.553056,-86.815,POINT,177,NEIGHBORHOOD,500 M TO 4KM,SLAMS,"Jefferson County, AL  Department Of Health",OTHER,,NCORE,17.5,
2022-08-14,010730023,2,0.3,Parts per million,3,North Birmingham,24,100,42101,Carbon monoxide,093,INSTRUMENTAL - GAS FILTER CORRELATION CO ANALYZER,13820,"Birmingham-Hoover, AL",33.553056,-86.815,POINT,177,NEIGHBORHOOD,500 M TO 4KM,SLAMS,"Jefferson County, AL  Department Of Health",OTHER,,NCORE,17.5,
2022-08-15,010730023,2,0.3,Parts per million,3,North Birmingham,24,100,42101,Carbon monoxide,093,INSTRUMENTAL - GAS FILTER CORRELATION CO ANALYZER,13820,"Birmingham-Hoover, AL",33.553056,-86.815,POINT,177,NEIGHBORHOOD,500 M TO 4KM,SLAMS,"Jefferson County, AL  Department Of Health",OTHER,,NCORE,17.5,
2022-08-16,010730023,2,0.3,Parts per million,3,North Birmingham,24,100,42101,Carbon monoxide,093,INSTRUMENTAL - GAS FILTER CORRELATION CO ANALYZER,13820,"Birmingham-Hoover, AL",33.553056,-86.815,POINT,177,NEIGHBORHOOD,500 M TO 4KM,SLAMS,"Jefferson County, AL  Department Of Health",OTHER,,NCORE,17.5,
2022-08-17,010730023,2,0.2,Parts per million,2,North Birmingham,24,100,42101,Carbon monoxide,093,INSTRUMENTAL - GAS FILTER CORRELATION CO ANALYZER,13820,"Birmingham-Hoover, AL",33.553056,-86.815,POINT,177,NEIGHBORHOOD,500 M TO 4KM,SLAMS,"Jefferson County, AL  Department Of Health",OTHER,,NCORE,17.5,
2022-08-18,010730023,2,0.3,Parts per million,3,North Birmingham,24,100,42101,Carbon monoxide,093,INSTRUMENTAL - GAS FILTER CORRELATION CO ANALYZER,13820,"Birmingham-Hoover, AL",33.553056,-86.815,POINT,177,NEIGHBORHOOD,500 M TO 4KM,SLAMS,"Jefferson County, AL  Department Of Health",OTHER,,NCORE,17.5,
2022-08-19,010730023,2,0.3,Parts per million,3,North Birmingham,24,100,42101,Carbon monoxide,093,INSTRUMENTAL - GAS FILTER CORRELATION CO ANALYZER,13820,"Birmingham-Hoover, AL",33.553056,-86.815,POINT,177,NEIGHBORHOOD,500 M TO 4KM,SLAMS,"Jefferson County, AL  Department Of Health",OTHER,,NCORE,17.5,
2022-08-20,010730023,2,0.2,Parts per million,2,North Birmingham,4,17,42101,Carbon monoxide,093,INSTRUMENTAL - GAS FILTER CORRELATION CO ANALYZER,13820,"Birmingham-Hoover, AL",33.553056,-86.815,POINT,177,NEIGHBORHOOD,500 M TO 4KM,SLAMS,"Jefferson County, AL  Department Of Health",OTHER,,NCORE,17.5,
2022-08-22,010730023,2,0.2,Parts per million,2,North Birmingham,12,50,42101,Carbon monoxide,093,INSTRUMENTAL - GAS FILTER CORRELATION CO ANALYZER,13820,"Birmingham-Hoover, AL",33.553056,-86.815,POINT,177,NEIGHBORHOOD,500 M TO 4KM,SLAMS,"Jefferson County, AL  Department Of Health",OTHER,,NCORE,17.5,
2022-08-23,010730023,2,0.1,Parts per million,1,North Birmingham,24,100,42101,Carbon monoxide,093,INSTRUMENTAL - GAS FILTER CORRELATION CO ANALYZER,13820,"Birmingham-Hoover, AL",33.553056,-86.815,POINT,177,NEIGHBORHOOD,500 M TO 4KM,SLAMS,"Jefferson County, AL  Department Of Health",OTHER,,NCORE,17.5,
2022-08-24,010730023,2,0.2,Parts per million,2,North Birmingham,24,100,42101,Carbon monoxide,093,INSTRUMENTAL - GAS FILTER CORRELATION CO ANALYZER,13820,"Birmingham-Hoover, AL",33.553056,-86.815,POINT,177,NEIGHBORHOOD,500 M TO 4KM,SLAMS,"Jefferson County, AL  Department Of Health",OTHER,,NCORE,17.5,
2022-08-25,010730023,2,0.2,Parts per million,2,North Birmingham,15,63,42101,Carbon monoxide,093,INSTRUMENTAL - GAS FILTER CORRELATION CO ANALYZER,13820,"Birmingham-Hoover, AL",33.553056,-86.815,POINT,177,NEIGHBORHOOD,500 M TO 4KM,SLAMS,"Jefferson County, AL  Department Of Health",OTHER,,NCORE,17.5,
2022-08-26,010730023,2,0.3,Parts per million,3,North Birmingham,24,100,42101,Carbon monoxide,093,INSTRUMENTAL - GAS FILTER CORRELATION CO ANALYZER,13820,"Birmingham-Hoover, AL",33.553056,-86.815,POINT,177,NEIGHBORHOOD,500 M TO 4KM,SLAMS,"Jefferson County, AL  Department Of Health",OTHER,,NCORE,17.5,
2022-08-27,010730023,2,0.4,Parts per million,5,North Birmingham,24,100,42101,Carbon monoxide,093,INSTRUMENTAL - GAS FILTER CORRELATION CO ANALYZER,13820,"Birmingham-Hoover, AL",33.553056,-86.815,POINT,177,NEIGHBORHOOD,500 M TO 4KM,SLAMS,"Jefferson County, AL  Department Of Health",OTHER,,NCORE,17.5,
2022-08-28,010730023,2,0.3,Parts per million,3,North Birmingham,20,83,42101,Carbon monoxide,093,INSTRUMENTAL - GAS FILTER CORRELATION CO ANALYZER,13820,"Birmingham-Hoover, AL",33.553056,-86.815,POINT,177,NEIGHBORHOOD,500 M TO 4KM,SLAMS,"Jefferson County, AL  Department Of Health",OTHER,,NCORE,17.5,
2022-08-29,010730023,2,0.3,Parts per million,3,North Birmingham,10,42,42101,Carbon monoxide,093,INSTRUMENTAL - GAS FILTER CORRELATION CO ANALYZER,13820,"Birmingham-Hoover, AL",33.553056,-86.815,POINT,177,NEIGHBORHOOD,500 M TO 4KM,SLAMS,"Jefferson County, AL  Department Of Health",OTHER,,NCORE,17.5,
2022-08-30,010730023,2,0.4,Parts per million,5,North Birmingham,24,100,42101,Carbon monoxide,093,INSTRUMENTAL - GAS FILTER CORRELATION CO ANALYZER,13820,"Birmingham-Hoover, AL",33.553056,-86.815,POINT,177,NEIGHBORHOOD,500 M TO 4KM,SLAMS,"Jefferson County, AL  Department Of Health",OTHER,,NCORE,17.5,
2022-08-31,010730023,2,0.3,Parts per million,3,North Birmingham,24,100,42101,Carbon monoxide,093,INSTRUMENTAL - GAS FILTER CORRELATION CO ANALYZER,13820,"Birmingham-Hoover, AL",33.553056,-86.815,POINT,177,NEIGHBORHOOD,500 M TO 4KM,SLAMS,"Jefferson County, AL  Department Of Health",OTHER,,NCORE,17.5,
2022-09-01,010730023,2,0.3,Parts per million,3,North Birmingham,24,100,42101,Carbon monoxide,093,INSTRUMENTAL - GAS FILTER CORRELATION CO ANALYZER,13820,"Birmingham-Hoover, AL",33.553056,-86.815,POINT,177,NEIGHBORHOOD,500 M TO 4KM,SLAMS,"Jefferson County, AL  Department Of Health",OTHER,,NCORE,17.5,
2022-09-02,010730023,2,0.4,Parts per million,5,North Birmingham,24,100,42101,Carbon monoxide,093,INSTRUMENTAL - GAS FILTER CORRELATION CO ANALYZER,13820,"Birmingham-Hoover, AL",33.553056,-86.815,POINT,177,NEIGHBORHOOD,500 M TO 4KM,SLAMS,"Jefferson County, AL  Department Of Health",OTHER,,NCORE,17.5,
2022-09-03,010730023,2,0.1,Parts per million,1,North Birmingham,24,100,42101,Carbon monoxide,093,INSTRUMENTAL - GAS FILTER CORRELATION CO ANALYZER,13820,"Birmingham-Hoover, AL",33.553056,-86.815,POINT,177,NEIGHBORHOOD,500 M TO 4KM,SLAMS,"Jefferson County, AL  Department Of Health",OTHER,,NCORE,17.5,
2022-09-04,010730023,2,0.1,Parts per million,1,North Birmingham,24,100,42101,Carbon monoxide,093,INSTRUMENTAL - GAS FILTER CORRELATION CO ANALYZER,13820,"Birmingham-Hoover, AL",33.553056,-86.815,POINT,177,NEIGHBORHOOD,500 M TO 4KM,SLAMS,"Jefferson County, AL  Department Of Health",OTHER,,NCORE,17.5,
2022-09-05,010730023,2,0.3,Parts per million,3,North Birmingham,24,100,42101,Carbon monoxide,093,INSTRUMENTAL - GAS FILTER CORRELATION CO ANALYZER,13820,"Birmingham-Hoover, AL",33.553056,-86.815,POINT,177,NEIGHBORHOOD,500 M TO 4KM,SLAMS,"Jefferson County, AL  Department Of Health",OTHER,,NCORE,17.5,
2022-09-06,010730023,2,0.4,Parts per million,5,North Birmingham,24,100,42101,Carbon monoxide,093,INSTRUMENTAL - GAS FILTER CORRELATION CO ANALYZER,13820,"Birmingham-Hoover, AL",33.553056,-86.815,POINT,177,NEIGHBORHOOD,500 M TO 4KM,SLAMS,"Jefferson County, AL  Department Of Health",OTHER,,NCORE,17.5,
2022-09-07,010730023,2,0.2,Parts per million,2,North Birmingham,12,50,42101,Carbon monoxide,093,INSTRUMENTAL - GAS FILTER CORRELATION CO ANALYZER,13820,"Birmingham-Hoover, AL",33.553056,-86.815,POINT,177,NEIGHBORHOOD,500 M TO 4KM,SLAMS,"Jefferson County, AL  Department Of Health",OTHER,,NCORE,17.5,
2022-09-08,010730023,2,0.2,Parts per million,2,North Birmingham,6,25,42101,Carbon monoxide,093,INSTRUMENTAL - GAS FILTER CORRELATION CO ANALYZER,13820,"Birmingham-Hoover, AL",33.553056,-86.815,POINT,177,NEIGHBORHOOD,500 M TO 4KM,SLAMS,"Jefferson County, AL  Department Of Health",OTHER,,NCORE,17.5,
2022-09-09,010730023,2,0.2,Parts per million,2,North Birmingham,24,100,42101,Carbon monoxide,093,INSTRUMENTAL - GAS FILTER CORRELATION CO ANALYZER,13820,"Birmingham-Hoover, AL",33.553056,-86.815,POINT,177,NEIGHBORHOOD,500 M TO 4KM,SLAMS,"Jefferson County, AL  Department Of Health",OTHER,,NCORE,17.5,
2022-09-10,010730023,2,0.2,Parts per million,2,North Birmingham,24,100,42101,Carbon monoxide,093,INSTRUMENTAL - GAS FILTER CORRELATION CO ANALYZER,13820,"Birmingham-Hoover, AL",33.553056,-86.815,POINT,177,NEIGHBORHOOD,500 M TO 4KM,SLAMS,"Jefferson County, AL  Department Of Health",OTHER,,NCORE,17.5,
2022-09-11,010730023,2,0.2,Parts per million,2,North Birmingham,24,100,42101,Carbon monoxide,093,INSTRUMENTAL - GAS FILTER CORRELATION CO ANALYZER,13820,"Birmingham-Hoover, AL",33.553056,-86.815,POINT,177,NEIGHBORHOOD,500 M TO 4KM,SLAMS,"Jefferson County, AL  Department Of Health",OTHER,,NCORE,17.5,
2022-09-12,010730023,2,0.2,Parts per million,2,North Birmingham,24,100,42101,Carbon monoxide,093,INSTRUMENTAL - GAS FILTER CORRELATION CO ANALYZER,13820,"Birmingham-Hoover, AL",33.553056,-86.815,POINT,177,NEIGHBORHOOD,500 M TO 4KM,SLAMS,"Jefferson County, AL  Department Of Health",OTHER,,NCORE,17.5,
2022-09-13,010730023,2,0.4,Parts per million,5,North Birmingham,24,100,42101,Carbon monoxide,093,INSTRUMENTAL - GAS FILTER CORRELATION CO ANALYZER,13820,"Birmingham-Hoover, AL",33.553056,-86.815,POINT,177,NEIGHBORHOOD,500 M TO 4KM,SLAMS,"Jefferson County, AL  Department Of Health",OTHER,,NCORE,17.5,
2022-09-14,010730023,2,0.5,Parts per million,6,North Birmingham,24,100,42101,Carbon monoxide,093,INSTRUMENTAL - GAS FILTER CORRELATION CO ANALYZER,13820,"Birmingham-Hoover, AL",33.553056,-86.815,POINT,177,NEIGHBORHOOD,500 M TO 4KM,SLAMS,"Jefferson County, AL  Department Of Health",OTHER,,NCORE,17.5,
2022-09-15,010730023,2,0.3,Parts per million,3,North Birmingham,24,100,42101,Carbon monoxide,093,INSTRUMENTAL - GAS FILTER CORRELATION CO ANALYZER,13820,"Birmingham-Hoover, AL",33.553056,-86.815,POINT,177,NEIGHBORHOOD,500 M TO 4KM,SLAMS,"Jefferson County, AL  Department Of Health",OTHER,,NCORE,17.5,
2022-09-16,010730023,2,0.3,Parts per million,3,North Birmingham,24,100,42101,Carbon monoxide,093,INSTRUMENTAL - GAS FILTER CORRELATION CO ANALYZER,13820,"Birmingham-Hoover, AL",33.553056,-86.815,POINT,177,NEIGHBORHOOD,500 M TO 4KM,SLAMS,"Jefferson County, AL  Department Of Health",OTHER,,NCORE,17.5,
2022-09-17,010730023,2,0.3,Parts per million,3,North Birmingham,24,100,42101,Carbon monoxide,093,INSTRUMENTAL - GAS FILTER CORRELATION CO ANALYZER,13820,"Birmingham-Hoover, AL",33.553056,-86.815,POINT,177,NEIGHBORHOOD,500 M TO 4KM,SLAMS,"Jefferson County, AL  Department Of Health",OTHER,,NCORE,17.5,
2022-09-18,010730023,2,0.3,Parts per million,3,North Birmingham,24,100,42101,Carbon monoxide,093,INSTRUMENTAL - GAS FILTER CORRELATION CO ANALYZER,13820,"Birmingham-Hoover, AL",33.553056,-86.815,POINT,177,NEIGHBORHOOD,500 M TO 4KM,SLAMS,"Jefferson County, AL  Department Of Health",OTHER,,NCORE,17.5,
2022-09-19,010730023,2,0.5,Parts per million,6,North Birmingham,24,100,42101,Carbon monoxide,093,INSTRUMENTAL - GAS FILTER CORRELATION CO ANALYZER,13820,"Birmingham-Hoover, AL",33.553056,-86.815,POINT,177,NEIGHBORHOOD,500 M TO 4KM,SLAMS,"Jefferson County, AL  Department Of Health",OTHER,,NCORE,17.5,
2022-09-20,010730023,2,0.5,Parts per million,6,North Birmingham,24,100,42101,Carbon monoxide,093,INSTRUMENTAL - GAS FILTER CORRELATION CO ANALYZER,13820,"Birmingham-Hoover, AL",33.553056,-86.815,POINT,177,NEIGHBORHOOD,500 M TO 4KM,SLAMS,"Jefferson County, AL  Department Of Health",OTHER,,NCORE,17.5,
2022-09-21,010730023,2,0.4,Parts per million,5,North Birmingham,17,71,42101,Carbon monoxide,093,INSTRUMENTAL - GAS FILTER CORRELATION CO ANALYZER,13820,"Birmingham-Hoover, AL",33.553056,-86.815,POINT,177,NEIGHBORHOOD,500 M TO 4KM,SLAMS,"Jefferson County, AL  Department Of Health",OTHER,,NCORE,17.5,
2022-09-22,010730023,2,0.4,Parts per million,5,North Birmingham,18,75,42101,Carbon monoxide,093,INSTRUMENTAL - GAS FILTER CORRELATION CO ANALYZER,13820,"Birmingham-Hoover, AL",33.553056,-86.815,POINT,177,NEIGHBORHOOD,500 M TO 4KM,SLAMS,"Jefferson County, AL  Department Of Health",OTHER,,NCORE,17.5,
2022-09-23,010730023,2,0.2,Parts per million,2,North Birmingham,24,100,42101,Carbon monoxide,093,INSTRUMENTAL - GAS FILTER CORRELATION CO ANALYZER,13820,"Birmingham-Hoover, AL",33.553056,-86.815,POINT,177,NEIGHBORHOOD,500 M TO 4KM,SLAMS,"Jefferson County, AL  Department Of Health",OTHER,,NCORE,17.5,
2022-09-24,010730023,2,0.3,Parts per million,3,North Birmingham,24,100,42101,Carbon monoxide,093,INSTRUMENTAL - GAS FILTER CORRELATION CO ANALYZER,13820,"Birmingham-Hoover, AL",33.553056,-86.815,POINT,177,NEIGHBORHOOD,500 M TO 4KM,SLAMS,"Jefferson County, AL  Department Of Health",OTHER,,NCORE,17.5,
2022-09-25,010730023,2,0.2,Parts per million,2,North Birmingham,24,100,42101,Carbon monoxide,093,INSTRUMENTAL - GAS FILTER CORRELATION CO ANALYZER,13820,"Birmingham-Hoover, AL",33.553056,-86.815,POINT,177,NEIGHBORHOOD,500 M TO 4KM,SLAMS,"Jefferson County, AL  Department Of Health",OTHER,,NCORE,17.5,
2022-09-26,010730023,2,0.3,Parts per million,3,North Birmingham,24,100,42101,Carbon monoxide,093,INSTRUMENTAL - GAS FILTER CORRELATION CO ANALYZER,13820,"Birmingham-Hoover, AL",33.553056,-86.815,POINT,177,NEIGHBORHOOD,500 M TO 4KM,SLAMS,"Jefferson County, AL  Department Of Health",OTHER,,NCORE,17.5,
2022-09-27,010730023,2,0.3,Parts per million,3,North Birmingham,24,100,42101,Carbon monoxide,093,INSTRUMENTAL - GAS FILTER CORRELATION CO ANALYZER,13820,"Birmingham-Hoover, AL",33.553056,-86.815,POINT,177,NEIGHBORHOOD,500 M TO 4KM,SLAMS,"Jefferson County, AL  Department Of Health",OTHER,,NCORE,17.5,
2022-09-28,010730023,2,0.2,Parts per million,2,North Birmingham,24,100,42101,Carbon monoxide,093,INSTRUMENTAL - GAS FILTER CORRELATION CO ANALYZER,13820,"Birmingham-Hoover, AL",33.553056,-86.815,POINT,177,NEIGHBORHOOD,500 M TO 4KM,SLAMS,"Jefferson County, AL  Department Of Health",OTHER,,NCORE,17.5,
2022-09-29,010730023,2,0.2,Parts per million,2,North Birmingham,24,100,42101,Carbon monoxide,093,INSTRUMENTAL - GAS FILTER CORRELATION CO ANALYZER,13820,"Birmingham-Hoover, AL",33.553056,-86.815,POINT,177,NEIGHBORHOOD,500 M TO 4KM,SLAMS,"Jefferson County, AL  Department Of Health",OTHER,,NCORE,17.5,
2022-09-30,010730023,2,0.3,Parts per million,3,North Birmingham,24,100,42101,Carbon monoxide,093,INSTRUMENTAL - GAS FILTER CORRELATION CO ANALYZER,13820,"Birmingham-Hoover, AL",33.553056,-86.815,POINT,177,NEIGHBORHOOD,500 M TO 4KM,SLAMS,"Jefferson County, AL  Department Of Health",OTHER,,NCORE,17.5,
2022-10-01,010730023,2,0.4,Parts per million,5,North Birmingham,24,100,42101,Carbon monoxide,093,INSTRUMENTAL - GAS FILTER CORRELATION CO ANALYZER,13820,"Birmingham-Hoover, AL",33.553056,-86.815,POINT,177,NEIGHBORHOOD,500 M TO 4KM,SLAMS,"Jefferson County, AL  Department Of Health",OTHER,,NCORE,17.5,
2022-10-02,010730023,2,0.3,Parts per million,3,North Birmingham,24,100,42101,Carbon monoxide,093,INSTRUMENTAL - GAS FILTER CORRELATION CO ANALYZER,13820,"Birmingham-Hoover, AL",33.553056,-86.815,POINT,177,NEIGHBORHOOD,500 M TO 4KM,SLAMS,"Jefferson County, AL  Department Of Health",OTHER,,NCORE,17.5,
2022-10-03,010730023,2,0.2,Parts per million,2,North Birmingham,16,67,42101,Carbon monoxide,093,INSTRUMENTAL - GAS FILTER CORRELATION CO ANALYZER,13820,"Birmingham-Hoover, AL",33.553056,-86.815,POINT,177,NEIGHBORHOOD,500 M TO 4KM,SLAMS,"Jefferson County, AL  Department Of Health",OTHER,,NCORE,17.5,
2022-10-04,010730023,2,0.3,Parts per million,3,North Birmingham,24,100,42101,Carbon monoxide,093,INSTRUMENTAL - GAS FILTER CORRELATION CO ANALYZER,13820,"Birmingham-Hoover, AL",33.553056,-86.815,POINT,177,NEIGHBORHOOD,500 M TO 4KM,SLAMS,"Jefferson County, AL  Department Of Health",OTHER,,NCORE,17.5,
2022-10-05,010730023,2,0.5,Parts per million,6,North Birmingham,17,71,42101,Carbon monoxide,093,INSTRUMENTAL - GAS FILTER CORRELATION CO ANALYZER,13820,"Birmingham-Hoover, AL",33.553056,-86.815,POINT,177,NEIGHBORHOOD,500 M TO 4KM,SLAMS,"Jefferson County, AL  Department Of Health",OTHER,,NCORE,17.5,
2022-10-06,010730023,2,0.5,Parts per million,6,North Birmingham,17,71,42101,Carbon monoxide,093,INSTRUMENTAL - GAS FILTER CORRELATION CO ANALYZER,13820,"Birmingham-Hoover, AL",33.553056,-86.815,POINT,177,NEIGHBORHOOD,500 M TO 4KM,SLAMS,"Jefferson County, AL  Department Of Health",OTHER,,NCORE,17.5,
2022-10-07,010730023,2,0.6,Parts per million,7,North Birmingham,24,100,42101,Carbon monoxide,093,INSTRUMENTAL - GAS FILTER CORRELATION CO ANALYZER,13820,"Birmingham-Hoover, AL",33.553056,-86.815,POINT,177,NEIGHBORHOOD,500 M TO 4KM,SLAMS,"Jefferson County, AL  Department Of Health",OTHER,,NCORE,17.5,
2022-10-08,010730023,2,0.2,Parts per million,2,North Birmingham,24,100,42101,Carbon monoxide,093,INSTRUMENTAL - GAS FILTER CORRELATION CO ANALYZER,13820,"Birmingham-Hoover, AL",33.553056,-86.815,POINT,177,NEIGHBORHOOD,500 M TO 4KM,SLAMS,"Jefferson County, AL  Department Of Health",OTHER,,NCORE,17.5,
2022-10-09,010730023,2,0.3,Parts per million,3,North Birmingham,24,100,42101,Carbon monoxide,093,INSTRUMENTAL - GAS FILTER CORRELATION CO ANALYZER,13820,"Birmingham-Hoover, AL",33.553056,-86.815,POINT,177,NEIGHBORHOOD,500 M TO 4KM,SLAMS,"Jefferson County, AL  Department Of Health",OTHER,,NCORE,17.5,
2022-10-10,010730023,2,0.4,Parts per million,5,North Birmingham,24,100,42101,Carbon monoxide,093,INSTRUMENTAL - GAS FILTER CORRELATION CO ANALYZER,13820,"Birmingham-Hoover, AL",33.553056,-86.815,POINT,177,NEIGHBORHOOD,500 M TO 4KM,SLAMS,"Jefferson County, AL  Department Of Health",OTHER,,NCORE,17.5,
2022-10-11,010730023,2,0.4,Parts per million,5,North Birmingham,24,100,42101,Carbon monoxide,093,INSTRUMENTAL - GAS FILTER CORRELATION CO ANALYZER,13820,"Birmingham-Hoover, AL",33.553056,-86.815,POINT,177,NEIGHBORHOOD,500 M TO 4KM,SLAMS,"Jefferson County, AL  Department Of Health",OTHER,,NCORE,17.5,
2022-10-12,010730023,2,0.2,Parts per million,2,North Birmingham,24,100,42101,Carbon monoxide,093,INSTRUMENTAL - GAS FILTER CORRELATION CO ANALYZER,13820,"Birmingham-Hoover, AL",33.553056,-86.815,POINT,177,NEIGHBORHOOD,500 M TO 4KM,SLAMS,"Jefferson County, AL  Department Of Health",OTHER,,NCORE,17.5,
2022-10-13,010730023,2,0.2,Parts per million,2,North Birmingham,17,71,42101,Carbon monoxide,093,INSTRUMENTAL - GAS FILTER CORRELATION CO ANALYZER,13820,"Birmingham-Hoover, AL",33.553056,-86.815,POINT,177,NEIGHBORHOOD,500 M TO 4KM,SLAMS,"Jefferson County, AL  Department Of Health",OTHER,,NCORE,17.5,
2022-10-14,010730023,2,0.4,Parts per million,5,North Birmingham,24,100,42101,Carbon monoxide,093,INSTRUMENTAL - GAS FILTER CORRELATION CO ANALYZER,13820,"Birmingham-Hoover, AL",33.553056,-86.815,POINT,177,NEIGHBORHOOD,500 M TO 4KM,SLAMS,"Jefferson County, AL  Department Of Health",OTHER,,NCORE,17.5,
2022-10-15,010730023,2,0.4,Parts per million,5,North Birmingham,24,100,42101,Carbon monoxide,093,INSTRUMENTAL - GAS FILTER CORRELATION CO ANALYZER,13820,"Birmingham-Hoover, AL",33.553056,-86.815,POINT,177,NEIGHBORHOOD,500 M TO 4KM,SLAMS,"Jefferson County, AL  Department Of Health",OTHER,,NCORE,17.5,
2022-10-16,010730023,2,0.4,Parts per million,5,North Birmingham,24,100,42101,Carbon monoxide,093,INSTRUMENTAL - GAS FILTER CORRELATION CO ANALYZER,13820,"Birmingham-Hoover, AL",33.553056,-86.815,POINT,177,NEIGHBORHOOD,500 M TO 4KM,SLAMS,"Jefferson County, AL  Department Of Health",OTHER,,NCORE,17.5,
2022-10-17,010730023,2,0.4,Parts per million,5,North Birmingham,17,71,42101,Carbon monoxide,093,INSTRUMENTAL - GAS FILTER CORRELATION CO ANALYZER,13820,"Birmingham-Hoover, AL",33.553056,-86.815,POINT,177,NEIGHBORHOOD,500 M TO 4KM,SLAMS,"Jefferson County, AL  Department Of Health",OTHER,,NCORE,17.5,
2022-10-18,010730023,2,0.1,Parts per million,1,North Birmingham,24,100,42101,Carbon monoxide,093,INSTRUMENTAL - GAS FILTER CORRELATION CO ANALYZER,13820,"Birmingham-Hoover, AL",33.553056,-86.815,POINT,177,NEIGHBORHOOD,500 M TO 4KM,SLAMS,"Jefferson County, AL  Department Of Health",OTHER,,NCORE,17.5,
2022-10-19,010730023,2,0.4,Parts per million,5,North Birmingham,24,100,42101,Carbon monoxide,093,INSTRUMENTAL - GAS FILTER CORRELATION CO ANALYZER,13820,"Birmingham-Hoover, AL",33.553056,-86.815,POINT,177,NEIGHBORHOOD,500 M TO 4KM,SLAMS,"Jefferson County, AL  Department Of Health",OTHER,,NCORE,17.5,
2022-10-20,010730023,2,0.6,Parts per million,7,North Birmingham,24,100,42101,Carbon monoxide,093,INSTRUMENTAL - GAS FILTER CORRELATION CO ANALYZER,13820,"Birmingham-Hoover, AL",33.553056,-86.815,POINT,177,NEIGHBORHOOD,500 M TO 4KM,SLAMS,"Jefferson County, AL  Department Of Health",OTHER,,NCORE,17.5,
2022-10-21,010730023,2,0.5,Parts per million,6,North Birmingham,24,100,42101,Carbon monoxide,093,INSTRUMENTAL - GAS FILTER CORRELATION CO ANALYZER,13820,"Birmingham-Hoover, AL",33.553056,-86.815,POINT,177,NEIGHBORHOOD,500 M TO 4KM,SLAMS,"Jefferson County, AL  Department Of Health",OTHER,,NCORE,17.5,
2022-10-22,010730023,2,0.2,Parts per million,2,North Birmingham,24,100,42101,Carbon monoxide,093,INSTRUMENTAL - GAS FILTER CORRELATION CO ANALYZER,13820,"Birmingham-Hoover, AL",33.553056,-86.815,POINT,177,NEIGHBORHOOD,500 M TO 4KM,SLAMS,"Jefferson County, AL  Department Of Health",OTHER,,NCORE,17.5,
2022-10-23,010730023,2,0.3,Parts per million,3,North Birmingham,24,100,42101,Carbon monoxide,093,INSTRUMENTAL - GAS FILTER CORRELATION CO ANALYZER,13820,"Birmingham-Hoover, AL",33.553056,-86.815,POINT,177,NEIGHBORHOOD,500 M TO 4KM,SLAMS,"Jefferson County, AL  Department Of Health",OTHER,,NCORE,17.5,
2022-10-24,010730023,2,0.4,Parts per million,5,North Birmingham,24,100,42101,Carbon monoxide,093,INSTRUMENTAL - GAS FILTER CORRELATION CO ANALYZER,13820,"Birmingham-Hoover, AL",33.553056,-86.815,POINT,177,NEIGHBORHOOD,500 M TO 4KM,SLAMS,"Jefferson County, AL  Department Of Health",OTHER,,NCORE,17.5,
2022-10-25,010730023,2,0.2,Parts per million,2,North Birmingham,24,100,42101,Carbon monoxide,093,INSTRUMENTAL - GAS FILTER CORRELATION CO ANALYZER,13820,"Birmingham-Hoover, AL",33.553056,-86.815,POINT,177,NEIGHBORHOOD,500 M TO 4KM,SLAMS,"Jefferson County, AL  Department Of Health",OTHER,,NCORE,17.5,
2022-10-26,010730023,2,0.1,Parts per million,1,North Birmingham,24,100,42101,Carbon monoxide,093,INSTRUMENTAL - GAS FILTER CORRELATION CO ANALYZER,13820,"Birmingham-Hoover, AL",33.553056,-86.815,POINT,177,NEIGHBORHOOD,500 M TO 4KM,SLAMS,"Jefferson County, AL  Department Of Health",OTHER,,NCORE,17.5,
2022-10-27,010730023,2,0.2,Parts per million,2,North Birmingham,24,100,42101,Carbon monoxide,093,INSTRUMENTAL - GAS FILTER CORRELATION CO ANALYZER,13820,"Birmingham-Hoover, AL",33.553056,-86.815,POINT,177,NEIGHBORHOOD,500 M TO 4KM,SLAMS,"Jefferson County, AL  Department Of Health",OTHER,,NCORE,17.5,
2022-10-28,010730023,2,0.2,Parts per million,2,North Birmingham,24,100,42101,Carbon monoxide,093,INSTRUMENTAL - GAS FILTER CORRELATION CO ANALYZER,13820,"Birmingham-Hoover, AL",33.553056,-86.815,POINT,177,NEIGHBORHOOD,500 M TO 4KM,SLAMS,"Jefferson County, AL  Department Of Health",OTHER,,NCORE,17.5,
2022-10-29,010730023,2,0.2,Parts per million,2,North Birmingham,24,100,42101,Carbon monoxide,093,INSTRUMENTAL - GAS FILTER CORRELATION CO ANALYZER,13820,"Birmingham-Hoover, AL",33.553056,-86.815,POINT,177,NEIGHBORHOOD,500 M TO 4KM,SLAMS,"Jefferson County, AL  Department Of Health",OTHER,,NCORE,17.5,
2022-10-30,010730023,2,0.2,Parts per million,2,North Birmingham,24,100,42101,Carbon monoxide,093,INSTRUMENTAL - GAS FILTER CORRELATION CO ANALYZER,13820,"Birmingham-Hoover, AL",33.553056,-86.815,POINT,177,NEIGHBORHOOD,500 M TO 4KM,SLAMS,"Jefferson County, AL  Department Of Health",OTHER,,NCORE,17.5,
2022-10-31,010730023,2,0.5,Parts per million,6,North Birmingham,17,71,42101,Carbon monoxide,093,INSTRUMENTAL - GAS FILTER CORRELATION CO ANALYZER,13820,"Birmingham-Hoover, AL",33.553056,-86.815,POINT,177,NEIGHBORHOOD,500 M TO 4KM,SLAMS,"Jefferson County, AL  Department Of Health",OTHER,,NCORE,17.5,
2022-11-01,010730023,2,0.5,Parts per million,6,North Birmingham,18,75,42101,Carbon monoxide,093,INSTRUMENTAL - GAS FILTER CORRELATION CO ANALYZER,13820,"Birmingham-Hoover, AL",33.553056,-86.815,POINT,177,NEIGHBORHOOD,500 M TO 4KM,SLAMS,"Jefferson County, AL  Department Of Health",OTHER,,NCORE,17.5,
2022-11-02,010730023,2,0.7,Parts per million,8,North Birmingham,24,100,42101,Carbon monoxide,093,INSTRUMENTAL - GAS FILTER CORRELATION CO ANALYZER,13820,"Birmingham-Hoover, AL",33.553056,-86.815,POINT,177,NEIGHBORHOOD,500 M TO 4KM,SLAMS,"Jefferson County, AL  Department Of Health",OTHER,,NCORE,17.5,
2022-11-03,010730023,2,0.4,Parts per million,5,North Birmingham,14,58,42101,Carbon monoxide,093,INSTRUMENTAL - GAS FILTER CORRELATION CO ANALYZER,13820,"Birmingham-Hoover, AL",33.553056,-86.815,POINT,177,NEIGHBORHOOD,500 M TO 4KM,SLAMS,"Jefferson County, AL  Department Of Health",OTHER,,NCORE,17.5,
2022-11-04,010730023,2,0.4,Parts per million,5,North Birmingham,24,100,42101,Carbon monoxide,093,INSTRUMENTAL - GAS FILTER CORRELATION CO ANALYZER,13820,"Birmingham-Hoover, AL",33.553056,-86.815,POINT,177,NEIGHBORHOOD,500 M TO 4KM,SLAMS,"Jefferson County, AL  Department Of Health",OTHER,,NCORE,17.5,
2022-11-05,010730023,2,0.2,Parts per million,2,North Birmingham,24,100,42101,Carbon monoxide,093,INSTRUMENTAL - GAS FILTER CORRELATION CO ANALYZER,13820,"Birmingham-Hoover, AL",33.553056,-86.815,POINT,177,NEIGHBORHOOD,500 M TO 4KM,SLAMS,"Jefferson County, AL  Department Of Health",OTHER,,NCORE,17.5,
2022-11-06,010730023,2,0.3,Parts per million,3,North Birmingham,24,100,42101,Carbon monoxide,093,INSTRUMENTAL - GAS FILTER CORRELATION CO ANALYZER,13820,"Birmingham-Hoover, AL",33.553056,-86.815,POINT,177,NEIGHBORHOOD,500 M TO 4KM,SLAMS,"Jefferson County, AL  Department Of Health",OTHER,,NCORE,17.5,
2022-11-07,010730023,2,0.3,Parts per million,3,North Birmingham,24,100,42101,Carbon monoxide,093,INSTRUMENTAL - GAS FILTER CORRELATION CO ANALYZER,13820,"Birmingham-Hoover, AL",33.553056,-86.815,POINT,177,NEIGHBORHOOD,500 M TO 4KM,SLAMS,"Jefferson County, AL  Department Of Health",OTHER,,NCORE,17.5,
2022-11-08,010730023,2,0.2,Parts per million,2,North Birmingham,21,88,42101,Carbon monoxide,093,INSTRUMENTAL - GAS FILTER CORRELATION CO ANALYZER,13820,"Birmingham-Hoover, AL",33.553056,-86.815,POINT,177,NEIGHBORHOOD,500 M TO 4KM,SLAMS,"Jefferson County, AL  Department Of Health",OTHER,,NCORE,17.5,
2022-11-09,010730023,2,0.2,Parts per million,2,North Birmingham,11,46,42101,Carbon monoxide,093,INSTRUMENTAL - GAS FILTER CORRELATION CO ANALYZER,13820,"Birmingham-Hoover, AL",33.553056,-86.815,POINT,177,NEIGHBORHOOD,500 M TO 4KM,SLAMS,"Jefferson County, AL  Department Of Health",OTHER,,NCORE,17.5,
2022-11-10,010730023,2,0.2,Parts per million,2,North Birmingham,24,100,42101,Carbon monoxide,093,INSTRUMENTAL - GAS FILTER CORRELATION CO ANALYZER,13820,"Birmingham-Hoover, AL",33.553056,-86.815,POINT,177,NEIGHBORHOOD,500 M TO 4KM,SLAMS,"Jefferson County, AL  Department Of Health",OTHER,,NCORE,17.5,
2022-11-11,010730023,2,0.5,Parts per million,6,North Birmingham,24,100,42101,Carbon monoxide,093,INSTRUMENTAL - GAS FILTER CORRELATION CO ANALYZER,13820,"Birmingham-Hoover, AL",33.553056,-86.815,POINT,177,NEIGHBORHOOD,500 M TO 4KM,SLAMS,"Jefferson County, AL  Department Of Health",OTHER,,NCORE,17.5,
2022-11-12,010730023,2,0.5,Parts per million,6,North Birmingham,24,100,42101,Carbon monoxide,093,INSTRUMENTAL - GAS FILTER CORRELATION CO ANALYZER,13820,"Birmingham-Hoover, AL",33.553056,-86.815,POINT,177,NEIGHBORHOOD,500 M TO 4KM,SLAMS,"Jefferson County, AL  Department Of Health",OTHER,,NCORE,17.5,
2022-11-13,010730023,2,0.1,Parts per million,1,North Birmingham,24,100,42101,Carbon monoxide,093,INSTRUMENTAL - GAS FILTER CORRELATION CO ANALYZER,13820,"Birmingham-Hoover, AL",33.553056,-86.815,POINT,177,NEIGHBORHOOD,500 M TO 4KM,SLAMS,"Jefferson County, AL  Department Of Health",OTHER,,NCORE,17.5,
2022-11-14,010730023,2,0.2,Parts per million,2,North Birmingham,18,75,42101,Carbon monoxide,093,INSTRUMENTAL - GAS FILTER CORRELATION CO ANALYZER,13820,"Birmingham-Hoover, AL",33.553056,-86.815,POINT,177,NEIGHBORHOOD,500 M TO 4KM,SLAMS,"Jefferson County, AL  Department Of Health",OTHER,,NCORE,17.5,
2022-11-15,010730023,2,0.2,Parts per million,2,North Birmingham,17,71,42101,Carbon monoxide,093,INSTRUMENTAL - GAS FILTER CORRELATION CO ANALYZER,13820,"Birmingham-Hoover, AL",33.553056,-86.815,POINT,177,NEIGHBORHOOD,500 M TO 4KM,SLAMS,"Jefferson County, AL  Department Of Health",OTHER,,NCORE,17.5,
2022-11-16,010730023,2,0.2,Parts per million,2,North Birmingham,18,75,42101,Carbon monoxide,093,INSTRUMENTAL - GAS FILTER CORRELATION CO ANALYZER,13820,"Birmingham-Hoover, AL",33.553056,-86.815,POINT,177,NEIGHBORHOOD,500 M TO 4KM,SLAMS,"Jefferson County, AL  Department Of Health",OTHER,,NCORE,17.5,
2022-11-17,010730023,2,0.3,Parts per million,3,North Birmingham,24,100,42101,Carbon monoxide,093,INSTRUMENTAL - GAS FILTER CORRELATION CO ANALYZER,13820,"Birmingham-Hoover, AL",33.553056,-86.815,POINT,177,NEIGHBORHOOD,500 M TO 4KM,SLAMS,"Jefferson County, AL  Department Of Health",OTHER,,NCORE,17.5,
2022-11-18,010730023,2,0.6,Parts per million,7,North Birmingham,24,100,42101,Carbon monoxide,093,INSTRUMENTAL - GAS FILTER CORRELATION CO ANALYZER,13820,"Birmingham-Hoover, AL",33.553056,-86.815,POINT,177,NEIGHBORHOOD,500 M TO 4KM,SLAMS,"Jefferson County, AL  Department Of Health",OTHER,,NCORE,17.5,
2022-11-19,010730023,2,0.7,Parts per million,8,North Birmingham,24,100,42101,Carbon monoxide,093,INSTRUMENTAL - GAS FILTER CORRELATION CO ANALYZER,13820,"Birmingham-Hoover, AL",33.553056,-86.815,POINT,177,NEIGHBORHOOD,500 M TO 4KM,SLAMS,"Jefferson County, AL  Department Of Health",OTHER,,NCORE,17.5,
2022-11-20,010730023,2,0.3,Parts per million,3,North Birmingham,24,100,42101,Carbon monoxide,093,INSTRUMENTAL - GAS FILTER CORRELATION CO ANALYZER,13820,"Birmingham-Hoover, AL",33.553056,-86.815,POINT,177,NEIGHBORHOOD,500 M TO 4KM,SLAMS,"Jefferson County, AL  Department Of Health",OTHER,,NCORE,17.5,
2022-11-21,010730023,2,0.4,Parts per million,5,North Birmingham,24,100,42101,Carbon monoxide,093,INSTRUMENTAL - GAS FILTER CORRELATION CO ANALYZER,13820,"Birmingham-Hoover, AL",33.553056,-86.815,POINT,177,NEIGHBORHOOD,500 M TO 4KM,SLAMS,"Jefferson County, AL  Department Of Health",OTHER,,NCORE,17.5,
2022-11-22,010730023,2,0.4,Parts per million,5,North Birmingham,24,100,42101,Carbon monoxide,093,INSTRUMENTAL - GAS FILTER CORRELATION CO ANALYZER,13820,"Birmingham-Hoover, AL",33.553056,-86.815,POINT,177,NEIGHBORHOOD,500 M TO 4KM,SLAMS,"Jefferson County, AL  Department Of Health",OTHER,,NCORE,17.5,
2022-11-23,010730023,2,0.5,Parts per million,6,North Birmingham,24,100,42101,Carbon monoxide,093,INSTRUMENTAL - GAS FILTER CORRELATION CO ANALYZER,13820,"Birmingham-Hoover, AL",33.553056,-86.815,POINT,177,NEIGHBORHOOD,500 M TO 4KM,SLAMS,"Jefferson County, AL  Department Of Health",OTHER,,NCORE,17.5,
2022-11-24,010730023,2,0.5,Parts per million,6,North Birmingham,24,100,42101,Carbon monoxide,093,INSTRUMENTAL - GAS FILTER CORRELATION CO ANALYZER,13820,"Birmingham-Hoover, AL",33.553056,-86.815,POINT,177,NEIGHBORHOOD,500 M TO 4KM,SLAMS,"Jefferson County, AL  Department Of Health",OTHER,,NCORE,17.5,
2022-11-25,010730023,2,0.2,Parts per million,2,North Birmingham,24,100,42101,Carbon monoxide,093,INSTRUMENTAL - GAS FILTER CORRELATION CO ANALYZER,13820,"Birmingham-Hoover, AL",33.553056,-86.815,POINT,177,NEIGHBORHOOD,500 M TO 4KM,SLAMS,"Jefferson County, AL  Department Of Health",OTHER,,NCORE,17.5,
2022-11-26,010730023,2,0.3,Parts per million,3,North Birmingham,24,100,42101,Carbon monoxide,093,INSTRUMENTAL - GAS FILTER CORRELATION CO ANALYZER,13820,"Birmingham-Hoover, AL",33.553056,-86.815,POINT,177,NEIGHBORHOOD,500 M TO 4KM,SLAMS,"Jefferson County, AL  Department Of Health",OTHER,,NCORE,17.5,
2022-11-27,010730023,2,0.2,Parts per million,2,North Birmingham,24,100,42101,Carbon monoxide,093,INSTRUMENTAL - GAS FILTER CORRELATION CO ANALYZER,13820,"Birmingham-Hoover, AL",33.553056,-86.815,POINT,177,NEIGHBORHOOD,500 M TO 4KM,SLAMS,"Jefferson County, AL  Department Of Health",OTHER,,NCORE,17.5,
2022-11-28,010730023,2,0.5,Parts per million,6,North Birmingham,14,58,42101,Carbon monoxide,093,INSTRUMENTAL - GAS FILTER CORRELATION CO ANALYZER,13820,"Birmingham-Hoover, AL",33.553056,-86.815,POINT,177,NEIGHBORHOOD,500 M TO 4KM,SLAMS,"Jefferson County, AL  Department Of Health",OTHER,,NCORE,17.5,
2022-11-29,010730023,2,0.5,Parts per million,6,North Birmingham,24,100,42101,Carbon monoxide,093,INSTRUMENTAL - GAS FILTER CORRELATION CO ANALYZER,13820,"Birmingham-Hoover, AL",33.553056,-86.815,POINT,177,NEIGHBORHOOD,500 M TO 4KM,SLAMS,"Jefferson County, AL  Department Of Health",OTHER,,NCORE,17.5,
2022-11-30,010730023,2,0.2,Parts per million,2,North Birmingham,24,100,42101,Carbon monoxide,093,INSTRUMENTAL - GAS FILTER CORRELATION CO ANALYZER,13820,"Birmingham-Hoover, AL",33.553056,-86.815,POINT,177,NEIGHBORHOOD,500 M TO 4KM,SLAMS,"Jefferson County, AL  Department Of Health",OTHER,,NCORE,17.5,
2022-12-01,010730023,2,0.3,Parts per million,3,North Birmingham,17,71,42101,Carbon monoxide,093,INSTRUMENTAL - GAS FILTER CORRELATION CO ANALYZER,13820,"Birmingham-Hoover, AL",33.553056,-86.815,POINT,177,NEIGHBORHOOD,500 M TO 4KM,SLAMS,"Jefferson County, AL  Department Of Health",OTHER,,NCORE,17.5,
2022-12-02,010730023,2,0.3,Parts per million,3,North Birmingham,24,100,42101,Carbon monoxide,093,INSTRUMENTAL - GAS FILTER CORRELATION CO ANALYZER,13820,"Birmingham-Hoover, AL",33.553056,-86.815,POINT,177,NEIGHBORHOOD,500 M TO 4KM,SLAMS,"Jefferson County, AL  Department Of Health",OTHER,,NCORE,17.5,
2022-12-03,010730023,2,0.2,Parts per million,2,North Birmingham,24,100,42101,Carbon monoxide,093,INSTRUMENTAL - GAS FILTER CORRELATION CO ANALYZER,13820,"Birmingham-Hoover, AL",33.553056,-86.815,POINT,177,NEIGHBORHOOD,500 M TO 4KM,SLAMS,"Jefferson County, AL  Department Of Health",OTHER,,NCORE,17.5,
2022-12-04,010730023,2,0.2,Parts per million,2,North Birmingham,24,100,42101,Carbon monoxide,093,INSTRUMENTAL - GAS FILTER CORRELATION CO ANALYZER,13820,"Birmingham-Hoover, AL",33.553056,-86.815,POINT,177,NEIGHBORHOOD,500 M TO 4KM,SLAMS,"Jefferson County, AL  Department Of Health",OTHER,,NCORE,17.5,
2022-12-05,010730023,2,0.3,Parts per million,3,North Birmingham,24,100,42101,Carbon monoxide,093,INSTRUMENTAL - GAS FILTER CORRELATION CO ANALYZER,13820,"Birmingham-Hoover, AL",33.553056,-86.815,POINT,177,NEIGHBORHOOD,500 M TO 4KM,SLAMS,"Jefferson County, AL  Department Of Health",OTHER,,NCORE,17.5,
2022-12-06,010730023,2,0.3,Parts per million,3,North Birmingham,24,100,42101,Carbon monoxide,093,INSTRUMENTAL - GAS FILTER CORRELATION CO ANALYZER,13820,"Birmingham-Hoover, AL",33.553056,-86.815,POINT,177,NEIGHBORHOOD,500 M TO 4KM,SLAMS,"Jefferson County, AL  Department Of Health",OTHER,,NCORE,17.5,
2022-12-07,010730023,2,0.6,Parts per million,7,North Birmingham,24,100,42101,Carbon monoxide,093,INSTRUMENTAL - GAS FILTER CORRELATION CO ANALYZER,13820,"Birmingham-Hoover, AL",33.553056,-86.815,POINT,177,NEIGHBORHOOD,500 M TO 4KM,SLAMS,"Jefferson County, AL  Department Of Health",OTHER,,NCORE,17.5,
2022-12-08,010730023,2,0.6,Parts per million,7,North Birmingham,24,100,42101,Carbon monoxide,093,INSTRUMENTAL - GAS FILTER CORRELATION CO ANALYZER,13820,"Birmingham-Hoover, AL",33.553056,-86.815,POINT,177,NEIGHBORHOOD,500 M TO 4KM,SLAMS,"Jefferson County, AL  Department Of Health",OTHER,,NCORE,17.5,
2022-12-09,010730023,2,0.2,Parts per million,2,North Birmingham,24,100,42101,Carbon monoxide,093,INSTRUMENTAL - GAS FILTER CORRELATION CO ANALYZER,13820,"Birmingham-Hoover, AL",33.553056,-86.815,POINT,177,NEIGHBORHOOD,500 M TO 4KM,SLAMS,"Jefferson County, AL  Department Of Health",OTHER,,NCORE,17.5,
2022-12-10,010730023,2,0.2,Parts per million,2,North Birmingham,24,100,42101,Carbon monoxide,093,INSTRUMENTAL - GAS FILTER CORRELATION CO ANALYZER,13820,"Birmingham-Hoover, AL",33.553056,-86.815,POINT,177,NEIGHBORHOOD,500 M TO 4KM,SLAMS,"Jefferson County, AL  Department Of Health",OTHER,,NCORE,17.5,
2022-12-11,010730023,2,0.4,Parts per million,5,North Birmingham,24,100,42101,Carbon monoxide,093,INSTRUMENTAL - GAS FILTER CORRELATION CO ANALYZER,13820,"Birmingham-Hoover, AL",33.553056,-86.815,POINT,177,NEIGHBORHOOD,500 M TO 4KM,SLAMS,"Jefferson County, AL  Department Of Health",OTHER,,NCORE,17.5,
2022-12-12,010730023,2,0.3,Parts per million,3,North Birmingham,16,67,42101,Carbon monoxide,093,INSTRUMENTAL - GAS FILTER CORRELATION CO ANALYZER,13820,"Birmingham-Hoover, AL",33.553056,-86.815,POINT,177,NEIGHBORHOOD,500 M TO 4KM,SLAMS,"Jefferson County, AL  Department Of Health",OTHER,,NCORE,17.5,
2022-12-13,010730023,2,0.2,Parts per million,2,North Birmingham,24,100,42101,Carbon monoxide,093,INSTRUMENTAL - GAS FILTER CORRELATION CO ANALYZER,13820,"Birmingham-Hoover, AL",33.553056,-86.815,POINT,177,NEIGHBORHOOD,500 M TO 4KM,SLAMS,"Jefferson County, AL  Department Of Health",OTHER,,NCORE,17.5,
2022-12-14,010730023,2,0.1,Parts per million,1,North Birmingham,24,100,42101,Carbon monoxide,093,INSTRUMENTAL - GAS FILTER CORRELATION CO ANALYZER,13820,"Birmingham-Hoover, AL",33.553056,-86.815,POINT,177,NEIGHBORHOOD,500 M TO 4KM,SLAMS,"Jefferson County, AL  Department Of Health",OTHER,,NCORE,17.5,
2022-12-15,010730023,2,0.3,Parts per million,3,North Birmingham,24,100,42101,Carbon monoxide,093,INSTRUMENTAL - GAS FILTER CORRELATION CO ANALYZER,13820,"Birmingham-Hoover, AL",33.553056,-86.815,POINT,177,NEIGHBORHOOD,500 M TO 4KM,SLAMS,"Jefferson County, AL  Department Of Health",OTHER,,NCORE,17.5,
2022-12-16,010730023,2,0.3,Parts per million,3,North Birmingham,24,100,42101,Carbon monoxide,093,INSTRUMENTAL - GAS FILTER CORRELATION CO ANALYZER,13820,"Birmingham-Hoover, AL",33.553056,-86.815,POINT,177,NEIGHBORHOOD,500 M TO 4KM,SLAMS,"Jefferson County, AL  Department Of Health",OTHER,,NCORE,17.5,
2022-12-17,010730023,2,0.2,Parts per million,2,North Birmingham,24,100,42101,Carbon monoxide,093,INSTRUMENTAL - GAS FILTER CORRELATION CO ANALYZER,13820,"Birmingham-Hoover, AL",33.553056,-86.815,POINT,177,NEIGHBORHOOD,500 M TO 4KM,SLAMS,"Jefferson County, AL  Department Of Health",OTHER,,NCORE,17.5,
2022-12-18,010730023,2,0.3,Parts per million,3,North Birmingham,24,100,42101,Carbon monoxide,093,INSTRUMENTAL - GAS FILTER CORRELATION CO ANALYZER,13820,"Birmingham-Hoover, AL",33.553056,-86.815,POINT,177,NEIGHBORHOOD,500 M TO 4KM,SLAMS,"Jefferson County, AL  Department Of Health",OTHER,,NCORE,17.5,
2022-12-19,010730023,2,0.3,Parts per million,3,North Birmingham,24,100,42101,Carbon monoxide,093,INSTRUMENTAL - GAS FILTER CORRELATION CO ANALYZER,13820,"Birmingham-Hoover, AL",33.553056,-86.815,POINT,177,NEIGHBORHOOD,500 M TO 4KM,SLAMS,"Jefferson County, AL  Department Of Health",OTHER,,NCORE,17.5,
2022-12-20,010730023,2,0.3,Parts per million,3,North Birmingham,24,100,42101,Carbon monoxide,093,INSTRUMENTAL - GAS FILTER CORRELATION CO ANALYZER,13820,"Birmingham-Hoover, AL",33.553056,-86.815,POINT,177,NEIGHBORHOOD,500 M TO 4KM,SLAMS,"Jefferson County, AL  Department Of Health",OTHER,,NCORE,17.5,
2022-12-21,010730023,2,0.2,Parts per million,2,North Birmingham,18,75,42101,Carbon monoxide,093,INSTRUMENTAL - GAS FILTER CORRELATION CO ANALYZER,13820,"Birmingham-Hoover, AL",33.553056,-86.815,POINT,177,NEIGHBORHOOD,500 M TO 4KM,SLAMS,"Jefferson County, AL  Department Of Health",OTHER,,NCORE,17.5,
2022-12-22,010730023,2,0.2,Parts per million,2,North Birmingham,17,71,42101,Carbon monoxide,093,INSTRUMENTAL - GAS FILTER CORRELATION CO ANALYZER,13820,"Birmingham-Hoover, AL",33.553056,-86.815,POINT,177,NEIGHBORHOOD,500 M TO 4KM,SLAMS,"Jefferson County, AL  Department Of Health",OTHER,,NCORE,17.5,
2022-12-23,010730023,2,0.2,Parts per million,2,North Birmingham,24,100,42101,Carbon monoxide,093,INSTRUMENTAL - GAS FILTER CORRELATION CO ANALYZER,13820,"Birmingham-Hoover, AL",33.553056,-86.815,POINT,177,NEIGHBORHOOD,500 M TO 4KM,SLAMS,"Jefferson County, AL  Department Of Health",OTHER,,NCORE,17.5,
2022-12-24,010730023,2,0.2,Parts per million,2,North Birmingham,24,100,42101,Carbon monoxide,093,INSTRUMENTAL - GAS FILTER CORRELATION CO ANALYZER,13820,"Birmingham-Hoover, AL",33.553056,-86.815,POINT,177,NEIGHBORHOOD,500 M TO 4KM,SLAMS,"Jefferson County, AL  Department Of Health",OTHER,,NCORE,17.5,
2022-12-25,010730023,2,0.4,Parts per million,5,North Birmingham,24,100,42101,Carbon monoxide,093,INSTRUMENTAL - GAS FILTER CORRELATION CO ANALYZER,13820,"Birmingham-Hoover, AL",33.553056,-86.815,POINT,177,NEIGHBORHOOD,500 M TO 4KM,SLAMS,"Jefferson County, AL  Department Of Health",OTHER,,NCORE,17.5,
2022-12-26,010730023,2,0.6,Parts per million,7,North Birmingham,24,100,42101,Carbon monoxide,093,INSTRUMENTAL - GAS FILTER CORRELATION CO ANALYZER,13820,"Birmingham-Hoover, AL",33.553056,-86.815,POINT,177,NEIGHBORHOOD,500 M TO 4KM,SLAMS,"Jefferson County, AL  Department Of Health",OTHER,,NCORE,17.5,
2022-12-27,010730023,2,0.6,Parts per million,7,North Birmingham,24,100,42101,Carbon monoxide,093,INSTRUMENTAL - GAS FILTER CORRELATION CO ANALYZER,13820,"Birmingham-Hoover, AL",33.553056,-86.815,POINT,177,NEIGHBORHOOD,500 M TO 4KM,SLAMS,"Jefferson County, AL  Department Of Health",OTHER,,NCORE,17.5,
2022-12-28,010730023,2,0.6,Parts per million,7,North Birmingham,24,100,42101,Carbon monoxide,093,INSTRUMENTAL - GAS FILTER CORRELATION CO ANALYZER,13820,"Birmingham-Hoover, AL",33.553056,-86.815,POINT,177,NEIGHBORHOOD,500 M TO 4KM,SLAMS,"Jefferson County, AL  Department Of Health",OTHER,,NCORE,17.5,
2022-12-29,010730023,2,0.2,Parts per million,2,North Birmingham,24,100,42101,Carbon monoxide,093,INSTRUMENTAL - GAS FILTER CORRELATION CO ANALYZER,13820,"Birmingham-Hoover, AL",33.553056,-86.815,POINT,177,NEIGHBORHOOD,500 M TO 4KM,SLAMS,"Jefferson County, AL  Department Of Health",OTHER,,NCORE,17.5,
2022-12-30,010730023,2,0.2,Parts per million,2,North Birmingham,24,100,42101,Carbon monoxide,093,INSTRUMENTAL - GAS FILTER CORRELATION CO ANALYZER,13820,"Birmingham-Hoover, AL",33.553056,-86.815,POINT,177,NEIGHBORHOOD,500 M TO 4KM,SLAMS,"Jefferson County, AL  Department Of Health",OTHER,,NCORE,17.5,
2022-12-31,010730023,2,0.2,Parts per million,2,North Birmingham,24,100,42101,Carbon monoxide,093,INSTRUMENTAL - GAS FILTER CORRELATION CO ANALYZER,13820,"Birmingham-Hoover, AL",33.553056,-86.815,POINT,177,NEIGHBORHOOD,500 M TO 4KM,SLAMS,"Jefferson County, AL  Department Of Health",OTHER,,NCORE,17.5,
2023-01-01,010730023,2,0.2,Parts per million,2,North Birmingham,19,79,42101,Carbon monoxide,093,INSTRUMENTAL - GAS FILTER CORRELATION CO ANALYZER,13820,"Birmingham-Hoover, AL",33.553056,-86.815,POINT,177,NEIGHBORHOOD,500 M TO 4KM,SLAMS,"Jefferson County, AL  Department Of Health",OTHER,,NCORE,17.5,
2023-01-02,010730023,2,0.3,Parts per million,3,North Birmingham,24,100,42101,Carbon monoxide,093,INSTRUMENTAL - GAS FILTER CORRELATION CO ANALYZER,13820,"Birmingham-Hoover, AL",33.553056,-86.815,POINT,177,NEIGHBORHOOD,500 M TO 4KM,SLAMS,"Jefferson County, AL  Department Of Health",OTHER,,NCORE,17.5,
2023-01-03,010730023,2,0.2,Parts per million,2,North Birmingham,24,100,42101,Carbon monoxide,093,INSTRUMENTAL - GAS FILTER CORRELATION CO ANALYZER,13820,"Birmingham-Hoover, AL",33.553056,-86.815,POINT,177,NEIGHBORHOOD,500 M TO 4KM,SLAMS,"Jefferson County, AL  Department Of Health",OTHER,,NCORE,17.5,
2023-01-04,010730023,2,0.5,Parts per million,6,North Birmingham,24,100,42101,Carbon monoxide,093,INSTRUMENTAL - GAS FILTER CORRELATION CO ANALYZER,13820,"Birmingham-Hoover, AL",33.553056,-86.815,POINT,177,NEIGHBORHOOD,500 M TO 4KM,SLAMS,"Jefferson County, AL  Department Of Health",OTHER,,NCORE,17.5,
2023-01-05,010730023,2,0.6,Parts per million,7,North Birmingham,10,42,42101,Carbon monoxide,093,INSTRUMENTAL - GAS FILTER CORRELATION CO ANALYZER,13820,"Birmingham-Hoover, AL",33.553056,-86.815,POINT,177,NEIGHBORHOOD,500 M TO 4KM,SLAMS,"Jefferson County, AL  Department Of Health",OTHER,,NCORE,17.5,
2023-01-06,010730023,2,0.4,Parts per million,5,North Birmingham,18,75,42101,Carbon monoxide,093,INSTRUMENTAL - GAS FILTER CORRELATION CO ANALYZER,13820,"Birmingham-Hoover, AL",33.553056,-86.815,POINT,177,NEIGHBORHOOD,500 M TO 4KM,SLAMS,"Jefferson County, AL  Department Of Health",OTHER,,NCORE,17.5,
2023-01-07,010730023,2,0.5,Parts per million,6,North Birmingham,24,100,42101,Carbon monoxide,093,INSTRUMENTAL - GAS FILTER CORRELATION CO ANALYZER,13820,"Birmingham-Hoover, AL",33.553056,-86.815,POINT,177,NEIGHBORHOOD,500 M TO 4KM,SLAMS,"Jefferson County, AL  Department Of Health",OTHER,,NCORE,17.5,
2023-01-08,010730023,2,0.2,Parts per million,2,North Birmingham,24,100,42101,Carbon monoxide,093,INSTRUMENTAL - GAS FILTER CORRELATION CO ANALYZER,13820,"Birmingham-Hoover, AL",33.553056,-86.815,POINT,177,NEIGHBORHOOD,500 M TO 4KM,SLAMS,"Jefferson County, AL  Department Of Health",OTHER,,NCORE,17.5,
2023-01-09,010730023,2,0.3,Parts per million,3,North Birmingham,24,100,42101,Carbon monoxide,093,INSTRUMENTAL - GAS FILTER CORRELATION CO ANALYZER,13820,"Birmingham-Hoover, AL",33.553056,-86.815,POINT,177,NEIGHBORHOOD,500 M TO 4KM,SLAMS,"Jefferson County, AL  Department Of Health",OTHER,,NCORE,17.5,
2023-01-10,010730023,2,0.6,Parts per million,7,North Birmingham,24,100,42101,Carbon monoxide,093,INSTRUMENTAL - GAS FILTER CORRELATION CO ANALYZER,13820,"Birmingham-Hoover, AL",33.553056,-86.815,POINT,177,NEIGHBORHOOD,500 M TO 4KM,SLAMS,"Jefferson County, AL  Department Of Health",OTHER,,NCORE,17.5,
2023-01-11,010730023,2,0.4,Parts per million,5,North Birmingham,24,100,42101,Carbon monoxide,093,INSTRUMENTAL - GAS FILTER CORRELATION CO ANALYZER,13820,"Birmingham-Hoover, AL",33.553056,-86.815,POINT,177,NEIGHBORHOOD,500 M TO 4KM,SLAMS,"Jefferson County, AL  Department Of Health",OTHER,,NCORE,17.5,
2023-01-12,010730023,2,0.2,Parts per million,2,North Birmingham,24,100,42101,Carbon monoxide,093,INSTRUMENTAL - GAS FILTER CORRELATION CO ANALYZER,13820,"Birmingham-Hoover, AL",33.553056,-86.815,POINT,177,NEIGHBORHOOD,500 M TO 4KM,SLAMS,"Jefferson County, AL  Department Of Health",OTHER,,NCORE,17.5,
2023-01-13,010730023,2,0.1,Parts per million,1,North Birmingham,14,58,42101,Carbon monoxide,093,INSTRUMENTAL - GAS FILTER CORRELATION CO ANALYZER,13820,"Birmingham-Hoover, AL",33.553056,-86.815,POINT,177,NEIGHBORHOOD,500 M TO 4KM,SLAMS,"Jefferson County, AL  Department Of Health",OTHER,,NCORE,17.5,
2023-01-14,010730023,2,0.2,Parts per million,2,North Birmingham,24,100,42101,Carbon monoxide,093,INSTRUMENTAL - GAS FILTER CORRELATION CO ANALYZER,13820,"Birmingham-Hoover, AL",33.553056,-86.815,POINT,177,NEIGHBORHOOD,500 M TO 4KM,SLAMS,"Jefferson County, AL  Department Of Health",OTHER,,NCORE,17.5,
2023-01-15,010730023,2,0.6,Parts per million,7,North Birmingham,24,100,42101,Carbon monoxide,093,INSTRUMENTAL - GAS FILTER CORRELATION CO ANALYZER,13820,"Birmingham-Hoover, AL",33.553056,-86.815,POINT,177,NEIGHBORHOOD,500 M TO 4KM,SLAMS,"Jefferson County, AL  Department Of Health",OTHER,,NCORE,17.5,
2023-01-16,010730023,2,0.6,Parts per million,7,North Birmingham,24,100,42101,Carbon monoxide,093,INSTRUMENTAL - GAS FILTER CORRELATION CO ANALYZER,13820,"Birmingham-Hoover, AL",33.553056,-86.815,POINT,177,NEIGHBORHOOD,500 M TO 4KM,SLAMS,"Jefferson County, AL  Department Of Health",OTHER,,NCORE,17.5,
2023-01-17,010730023,2,0.6,Parts per million,7,North Birmingham,24,100,42101,Carbon monoxide,093,INSTRUMENTAL - GAS FILTER CORRELATION CO ANALYZER,13820,"Birmingham-Hoover, AL",33.553056,-86.815,POINT,177,NEIGHBORHOOD,500 M TO 4KM,SLAMS,"Jefferson County, AL  Department Of Health",OTHER,,NCORE,17.5,
2023-01-18,010730023,2,0.6,Parts per million,7,North Birmingham,24,100,42101,Carbon monoxide,093,INSTRUMENTAL - GAS FILTER CORRELATION CO ANALYZER,13820,"Birmingham-Hoover, AL",33.553056,-86.815,POINT,177,NEIGHBORHOOD,500 M TO 4KM,SLAMS,"Jefferson County, AL  Department Of Health",OTHER,,NCORE,17.5,
2023-01-19,010730023,2,0.2,Parts per million,2,North Birmingham,16,67,42101,Carbon monoxide,093,INSTRUMENTAL - GAS FILTER CORRELATION CO ANALYZER,13820,"Birmingham-Hoover, AL",33.553056,-86.815,POINT,177,NEIGHBORHOOD,500 M TO 4KM,SLAMS,"Jefferson County, AL  Department Of Health",OTHER,,NCORE,17.5,
2023-01-20,010730023,2,0.2,Parts per million,2,North Birmingham,16,67,42101,Carbon monoxide,093,INSTRUMENTAL - GAS FILTER CORRELATION CO ANALYZER,13820,"Birmingham-Hoover, AL",33.553056,-86.815,POINT,177,NEIGHBORHOOD,500 M TO 4KM,SLAMS,"Jefferson County, AL  Department Of Health",OTHER,,NCORE,17.5,
2023-01-21,010730023,2,0.2,Parts per million,2,North Birmingham,24,100,42101,Carbon monoxide,093,INSTRUMENTAL - GAS FILTER CORRELATION CO ANALYZER,13820,"Birmingham-Hoover, AL",33.553056,-86.815,POINT,177,NEIGHBORHOOD,500 M TO 4KM,SLAMS,"Jefferson County, AL  Department Of Health",OTHER,,NCORE,17.5,
2023-01-22,010730023,2,0.2,Parts per million,2,North Birmingham,24,100,42101,Carbon monoxide,093,INSTRUMENTAL - GAS FILTER CORRELATION CO ANALYZER,13820,"Birmingham-Hoover, AL",33.553056,-86.815,POINT,177,NEIGHBORHOOD,500 M TO 4KM,SLAMS,"Jefferson County, AL  Department Of Health",OTHER,,NCORE,17.5,
2023-01-23,010730023,2,0.3,Parts per million,3,North Birmingham,24,100,42101,Carbon monoxide,093,INSTRUMENTAL - GAS FILTER CORRELATION CO ANALYZER,13820,"Birmingham-Hoover, AL",33.553056,-86.815,POINT,177,NEIGHBORHOOD,500 M TO 4KM,SLAMS,"Jefferson County, AL  Department Of Health",OTHER,,NCORE,17.5,
2023-01-24,010730023,2,0.4,Parts per million,5,North Birmingham,24,100,42101,Carbon monoxide,093,INSTRUMENTAL - GAS FILTER CORRELATION CO ANALYZER,13820,"Birmingham-Hoover, AL",33.553056,-86.815,POINT,177,NEIGHBORHOOD,500 M TO 4KM,SLAMS,"Jefferson County, AL  Department Of Health",OTHER,,NCORE,17.5,
2023-01-25,010730023,2,0.2,Parts per million,2,North Birmingham,24,100,42101,Carbon monoxide,093,INSTRUMENTAL - GAS FILTER CORRELATION CO ANALYZER,13820,"Birmingham-Hoover, AL",33.553056,-86.815,POINT,177,NEIGHBORHOOD,500 M TO 4KM,SLAMS,"Jefferson County, AL  Department Of Health",OTHER,,NCORE,17.5,
2023-01-26,010730023,2,0.2,Parts per million,2,North Birmingham,24,100,42101,Carbon monoxide,093,INSTRUMENTAL - GAS FILTER CORRELATION CO ANALYZER,13820,"Birmingham-Hoover, AL",33.553056,-86.815,POINT,177,NEIGHBORHOOD,500 M TO 4KM,SLAMS,"Jefferson County, AL  Department Of Health",OTHER,,NCORE,17.5,
2023-01-27,010730023,2,0.4,Parts per million,5,North Birmingham,24,100,42101,Carbon monoxide,093,INSTRUMENTAL - GAS FILTER CORRELATION CO ANALYZER,13820,"Birmingham-Hoover, AL",33.553056,-86.815,POINT,177,NEIGHBORHOOD,500 M TO 4KM,SLAMS,"Jefferson County, AL  Department Of Health",OTHER,,NCORE,17.5,
2023-01-28,010730023,2,0.4,Parts per million,5,North Birmingham,24,100,42101,Carbon monoxide,093,INSTRUMENTAL - GAS FILTER CORRELATION CO ANALYZER,13820,"Birmingham-Hoover, AL",33.553056,-86.815,POINT,177,NEIGHBORHOOD,500 M TO 4KM,SLAMS,"Jefferson County, AL  Department Of Health",OTHER,,NCORE,17.5,
2023-01-29,010730023,2,0.2,Parts per million,2,North Birmingham,24,100,42101,Carbon monoxide,093,INSTRUMENTAL - GAS FILTER CORRELATION CO ANALYZER,13820,"Birmingham-Hoover, AL",33.553056,-86.815,POINT,177,NEIGHBORHOOD,500 M TO 4KM,SLAMS,"Jefferson County, AL  Department Of Health",OTHER,,NCORE,17.5,
2023-01-30,010730023,2,0.3,Parts per million,3,North Birmingham,24,100,42101,Carbon monoxide,093,INSTRUMENTAL - GAS FILTER CORRELATION CO ANALYZER,13820,"Birmingham-Hoover, AL",33.553056,-86.815,POINT,177,NEIGHBORHOOD,500 M TO 4KM,SLAMS,"Jefferson County, AL  Department Of Health",OTHER,,NCORE,17.5,
2023-01-31,010730023,2,0.4,Parts per million,5,North Birmingham,24,100,42101,Carbon monoxide,093,INSTRUMENTAL - GAS FILTER CORRELATION CO ANALYZER,13820,"Birmingham-Hoover, AL",33.553056,-86.815,POINT,177,NEIGHBORHOOD,500 M TO 4KM,SLAMS,"Jefferson County, AL  Department Of Health",OTHER,,NCORE,17.5,
2023-02-01,010730023,2,0.2,Parts per million,2,North Birmingham,24,100,42101,Carbon monoxide,093,INSTRUMENTAL - GAS FILTER CORRELATION CO ANALYZER,13820,"Birmingham-Hoover, AL",33.553056,-86.815,POINT,177,NEIGHBORHOOD,500 M TO 4KM,SLAMS,"Jefferson County, AL  Department Of Health",OTHER,,NCORE,17.5,
2023-02-02,010730023,2,0.2,Parts per million,2,North Birmingham,17,71,42101,Carbon monoxide,093,INSTRUMENTAL - GAS FILTER CORRELATION CO ANALYZER,13820,"Birmingham-Hoover, AL",33.553056,-86.815,POINT,177,NEIGHBORHOOD,500 M TO 4KM,SLAMS,"Jefferson County, AL  Department Of Health",OTHER,,NCORE,17.5,
2023-02-03,010730023,2,0.2,Parts per million,2,North Birmingham,24,100,42101,Carbon monoxide,093,INSTRUMENTAL - GAS FILTER CORRELATION CO ANALYZER,13820,"Birmingham-Hoover, AL",33.553056,-86.815,POINT,177,NEIGHBORHOOD,500 M TO 4KM,SLAMS,"Jefferson County, AL  Department Of Health",OTHER,,NCORE,17.5,
2023-02-04,010730023,2,0.2,Parts per million,2,North Birmingham,24,100,42101,Carbon monoxide,093,INSTRUMENTAL - GAS FILTER CORRELATION CO ANALYZER,13820,"Birmingham-Hoover, AL",33.553056,-86.815,POINT,177,NEIGHBORHOOD,500 M TO 4KM,SLAMS,"Jefferson County, AL  Department Of Health",OTHER,,NCORE,17.5,
2023-02-05,010730023,2,0.3,Parts per million,3,North Birmingham,24,100,42101,Carbon monoxide,093,INSTRUMENTAL - GAS FILTER CORRELATION CO ANALYZER,13820,"Birmingham-Hoover, AL",33.553056,-86.815,POINT,177,NEIGHBORHOOD,500 M TO 4KM,SLAMS,"Jefferson County, AL  Department Of Health",OTHER,,NCORE,17.5,
2023-02-06,010730023,2,0.5,Parts per million,6,North Birmingham,24,100,42101,Carbon monoxide,093,INSTRUMENTAL - GAS FILTER CORRELATION CO ANALYZER,13820,"Birmingham-Hoover, AL",33.553056,-86.815,POINT,177,NEIGHBORHOOD,500 M TO 4KM,SLAMS,"Jefferson County, AL  Department Of Health",OTHER,,NCORE,17.5,
2023-02-07,010730023,2,0.5,Parts per million,6,North Birmingham,24,100,42101,Carbon monoxide,093,INSTRUMENTAL - GAS FILTER CORRELATION CO ANALYZER,13820,"Birmingham-Hoover, AL",33.553056,-86.815,POINT,177,NEIGHBORHOOD,500 M TO 4KM,SLAMS,"Jefferson County, AL  Department Of Health",OTHER,,NCORE,17.5,
2023-02-08,010730023,2,0.4,Parts per million,5,North Birmingham,24,100,42101,Carbon monoxide,093,INSTRUMENTAL - GAS FILTER CORRELATION CO ANALYZER,13820,"Birmingham-Hoover, AL",33.553056,-86.815,POINT,177,NEIGHBORHOOD,500 M TO 4KM,SLAMS,"Jefferson County, AL  Department Of Health",OTHER,,NCORE,17.5,
2023-02-09,010730023,2,0.2,Parts per million,2,North Birmingham,24,100,42101,Carbon monoxide,093,INSTRUMENTAL - GAS FILTER CORRELATION CO ANALYZER,13820,"Birmingham-Hoover, AL",33.553056,-86.815,POINT,177,NEIGHBORHOOD,500 M TO 4KM,SLAMS,"Jefferson County, AL  Department Of Health",OTHER,,NCORE,17.5,
2023-02-10,010730023,2,0.2,Parts per million,2,North Birmingham,24,100,42101,Carbon monoxide,093,INSTRUMENTAL - GAS FILTER CORRELATION CO ANALYZER,13820,"Birmingham-Hoover, AL",33.553056,-86.815,POINT,177,NEIGHBORHOOD,500 M TO 4KM,SLAMS,"Jefferson County, AL  Department Of Health",OTHER,,NCORE,17.5,
2023-02-11,010730023,2,0.1,Parts per million,1,North Birmingham,24,100,42101,Carbon monoxide,093,INSTRUMENTAL - GAS FILTER CORRELATION CO ANALYZER,13820,"Birmingham-Hoover, AL",33.553056,-86.815,POINT,177,NEIGHBORHOOD,500 M TO 4KM,SLAMS,"Jefferson County, AL  Department Of Health",OTHER,,NCORE,17.5,
2023-02-12,010730023,2,0.4,Parts per million,5,North Birmingham,24,100,42101,Carbon monoxide,093,INSTRUMENTAL - GAS FILTER CORRELATION CO ANALYZER,13820,"Birmingham-Hoover, AL",33.553056,-86.815,POINT,177,NEIGHBORHOOD,500 M TO 4KM,SLAMS,"Jefferson County, AL  Department Of Health",OTHER,,NCORE,17.5,
2023-02-13,010730023,2,0.6,Parts per million,7,North Birmingham,24,100,42101,Carbon monoxide,093,INSTRUMENTAL - GAS FILTER CORRELATION CO ANALYZER,13820,"Birmingham-Hoover, AL",33.553056,-86.815,POINT,177,NEIGHBORHOOD,500 M TO 4KM,SLAMS,"Jefferson County, AL  Department Of Health",OTHER,,NCORE,17.5,
2023-02-14,010730023,2,0.6,Parts per million,7,North Birmingham,24,100,42101,Carbon monoxide,093,INSTRUMENTAL - GAS FILTER CORRELATION CO ANALYZER,13820,"Birmingham-Hoover, AL",33.553056,-86.815,POINT,177,NEIGHBORHOOD,500 M TO 4KM,SLAMS,"Jefferson County, AL  Department Of Health",OTHER,,NCORE,17.5,
2023-02-15,010730023,2,0.2,Parts per million,2,North Birmingham,24,100,42101,Carbon monoxide,093,INSTRUMENTAL - GAS FILTER CORRELATION CO ANALYZER,13820,"Birmingham-Hoover, AL",33.553056,-86.815,POINT,177,NEIGHBORHOOD,500 M TO 4KM,SLAMS,"Jefferson County, AL  Department Of Health",OTHER,,NCORE,17.5,
2023-02-16,010730023,2,0.2,Parts per million,2,North Birmingham,15,63,42101,Carbon monoxide,093,INSTRUMENTAL - GAS FILTER CORRELATION CO ANALYZER,13820,"Birmingham-Hoover, AL",33.553056,-86.815,POINT,177,NEIGHBORHOOD,500 M TO 4KM,SLAMS,"Jefferson County, AL  Department Of Health",OTHER,,NCORE,17.5,
2023-02-17,010730023,2,0.2,Parts per million,2,North Birmingham,24,100,42101,Carbon monoxide,093,INSTRUMENTAL - GAS FILTER CORRELATION CO ANALYZER,13820,"Birmingham-Hoover, AL",33.553056,-86.815,POINT,177,NEIGHBORHOOD,500 M TO 4KM,SLAMS,"Jefferson County, AL  Department Of Health",OTHER,,NCORE,17.5,
2023-02-18,010730023,2,0.4,Parts per million,5,North Birmingham,24,100,42101,Carbon monoxide,093,INSTRUMENTAL - GAS FILTER CORRELATION CO ANALYZER,13820,"Birmingham-Hoover, AL",33.553056,-86.815,POINT,177,NEIGHBORHOOD,500 M TO 4KM,SLAMS,"Jefferson County, AL  Department Of Health",OTHER,,NCORE,17.5,
2023-02-19,010730023,2,0.4,Parts per million,5,North Birmingham,24,100,42101,Carbon monoxide,093,INSTRUMENTAL - GAS FILTER CORRELATION CO ANALYZER,13820,"Birmingham-Hoover, AL",33.553056,-86.815,POINT,177,NEIGHBORHOOD,500 M TO 4KM,SLAMS,"Jefferson County, AL  Department Of Health",OTHER,,NCORE,17.5,
2023-02-20,010730023,2,0.2,Parts per million,2,North Birmingham,24,100,42101,Carbon monoxide,093,INSTRUMENTAL - GAS FILTER CORRELATION CO ANALYZER,13820,"Birmingham-Hoover, AL",33.553056,-86.815,POINT,177,NEIGHBORHOOD,500 M TO 4KM,SLAMS,"Jefferson County, AL  Department Of Health",OTHER,,NCORE,17.5,
2023-02-21,010730023,2,0.2,Parts per million,2,North Birmingham,24,100,42101,Carbon monoxide,093,INSTRUMENTAL - GAS FILTER CORRELATION CO ANALYZER,13820,"Birmingham-Hoover, AL",33.553056,-86.815,POINT,177,NEIGHBORHOOD,500 M TO 4KM,SLAMS,"Jefferson County, AL  Department Of Health",OTHER,,NCORE,17.5,
2023-02-22,010730023,2,0.2,Parts per million,2,North Birmingham,24,100,42101,Carbon monoxide,093,INSTRUMENTAL - GAS FILTER CORRELATION CO ANALYZER,13820,"Birmingham-Hoover, AL",33.553056,-86.815,POINT,177,NEIGHBORHOOD,500 M TO 4KM,SLAMS,"Jefferson County, AL  Department Of Health",OTHER,,NCORE,17.5,
2023-02-23,010730023,2,0.3,Parts per million,3,North Birmingham,24,100,42101,Carbon monoxide,093,INSTRUMENTAL - GAS FILTER CORRELATION CO ANALYZER,13820,"Birmingham-Hoover, AL",33.553056,-86.815,POINT,177,NEIGHBORHOOD,500 M TO 4KM,SLAMS,"Jefferson County, AL  Department Of Health",OTHER,,NCORE,17.5,
2023-02-24,010730023,2,0.3,Parts per million,3,North Birmingham,24,100,42101,Carbon monoxide,093,INSTRUMENTAL - GAS FILTER CORRELATION CO ANALYZER,13820,"Birmingham-Hoover, AL",33.553056,-86.815,POINT,177,NEIGHBORHOOD,500 M TO 4KM,SLAMS,"Jefferson County, AL  Department Of Health",OTHER,,NCORE,17.5,
2023-02-25,010730023,2,0.2,Parts per million,2,North Birmingham,24,100,42101,Carbon monoxide,093,INSTRUMENTAL - GAS FILTER CORRELATION CO ANALYZER,13820,"Birmingham-Hoover, AL",33.553056,-86.815,POINT,177,NEIGHBORHOOD,500 M TO 4KM,SLAMS,"Jefferson County, AL  Department Of Health",OTHER,,NCORE,17.5,
2023-02-26,010730023,2,0.3,Parts per million,3,North Birmingham,24,100,42101,Carbon monoxide,093,INSTRUMENTAL - GAS FILTER CORRELATION CO ANALYZER,13820,"Birmingham-Hoover, AL",33.553056,-86.815,POINT,177,NEIGHBORHOOD,500 M TO 4KM,SLAMS,"Jefferson County, AL  Department Of Health",OTHER,,NCORE,17.5,
2023-02-27,010730023,2,0.3,Parts per million,3,North Birmingham,24,100,42101,Carbon monoxide,093,INSTRUMENTAL - GAS FILTER CORRELATION CO ANALYZER,13820,"Birmingham-Hoover, AL",33.553056,-86.815,POINT,177,NEIGHBORHOOD,500 M TO 4KM,SLAMS,"Jefferson County, AL  Department Of Health",OTHER,,NCORE,17.5,
2023-02-28,010730023,2,0.5,Parts per million,6,North Birmingham,24,100,42101,Carbon monoxide,093,INSTRUMENTAL - GAS FILTER CORRELATION CO ANALYZER,13820,"Birmingham-Hoover, AL",33.553056,-86.815,POINT,177,NEIGHBORHOOD,500 M TO 4KM,SLAMS,"Jefferson County, AL  Department Of Health",OTHER,,NCORE,17.5,
2023-03-01,010730023,2,0.6,Parts per million,7,North Birmingham,24,100,42101,Carbon monoxide,093,INSTRUMENTAL - GAS FILTER CORRELATION CO ANALYZER,13820,"Birmingham-Hoover, AL",33.553056,-86.815,POINT,177,NEIGHBORHOOD,500 M TO 4KM,SLAMS,"Jefferson County, AL  Department Of Health",OTHER,,NCORE,17.5,
2023-03-02,010730023,2,0.1,Parts per million,1,North Birmingham,14,58,42101,Carbon monoxide,093,INSTRUMENTAL - GAS FILTER CORRELATION CO ANALYZER,13820,"Birmingham-Hoover, AL",33.553056,-86.815,POINT,177,NEIGHBORHOOD,500 M TO 4KM,SLAMS,"Jefferson County, AL  Department Of Health",OTHER,,NCORE,17.5,
2023-03-03,010730023,2,0.2,Parts per million,2,North Birmingham,24,100,42101,Carbon monoxide,093,INSTRUMENTAL - GAS FILTER CORRELATION CO ANALYZER,13820,"Birmingham-Hoover, AL",33.553056,-86.815,POINT,177,NEIGHBORHOOD,500 M TO 4KM,SLAMS,"Jefferson County, AL  Department Of Health",OTHER,,NCORE,17.5,
2023-03-04,010730023,2,0.3,Parts per million,3,North Birmingham,24,100,42101,Carbon monoxide,093,INSTRUMENTAL - GAS FILTER CORRELATION CO ANALYZER,13820,"Birmingham-Hoover, AL",33.553056,-86.815,POINT,177,NEIGHBORHOOD,500 M TO 4KM,SLAMS,"Jefferson County, AL  Department Of Health",OTHER,,NCORE,17.5,
2023-03-05,010730023,2,0.3,Parts per million,3,North Birmingham,24,100,42101,Carbon monoxide,093,INSTRUMENTAL - GAS FILTER CORRELATION CO ANALYZER,13820,"Birmingham-Hoover, AL",33.553056,-86.815,POINT,177,NEIGHBORHOOD,500 M TO 4KM,SLAMS,"Jefferson County, AL  Department Of Health",OTHER,,NCORE,17.5,
2023-03-06,010730023,2,0.4,Parts per million,5,North Birmingham,24,100,42101,Carbon monoxide,093,INSTRUMENTAL - GAS FILTER CORRELATION CO ANALYZER,13820,"Birmingham-Hoover, AL",33.553056,-86.815,POINT,177,NEIGHBORHOOD,500 M TO 4KM,SLAMS,"Jefferson County, AL  Department Of Health",OTHER,,NCORE,17.5,
2023-03-07,010730023,2,0.2,Parts per million,2,North Birmingham,24,100,42101,Carbon monoxide,093,INSTRUMENTAL - GAS FILTER CORRELATION CO ANALYZER,13820,"Birmingham-Hoover, AL",33.553056,-86.815,POINT,177,NEIGHBORHOOD,500 M TO 4KM,SLAMS,"Jefferson County, AL  Department Of Health",OTHER,,NCORE,17.5,
2023-03-08,010730023,2,0.2,Parts per million,2,North Birmingham,24,100,42101,Carbon monoxide,093,INSTRUMENTAL - GAS FILTER CORRELATION CO ANALYZER,13820,"Birmingham-Hoover, AL",33.553056,-86.815,POINT,177,NEIGHBORHOOD,500 M TO 4KM,SLAMS,"Jefferson County, AL  Department Of Health",OTHER,,NCORE,17.5,
2023-03-09,010730023,2,0.3,Parts per million,3,North Birmingham,24,100,42101,Carbon monoxide,093,INSTRUMENTAL - GAS FILTER CORRELATION CO ANALYZER,13820,"Birmingham-Hoover, AL",33.553056,-86.815,POINT,177,NEIGHBORHOOD,500 M TO 4KM,SLAMS,"Jefferson County, AL  Department Of Health",OTHER,,NCORE,17.5,
2023-03-10,010730023,2,0.3,Parts per million,3,North Birmingham,24,100,42101,Carbon monoxide,093,INSTRUMENTAL - GAS FILTER CORRELATION CO ANALYZER,13820,"Birmingham-Hoover, AL",33.553056,-86.815,POINT,177,NEIGHBORHOOD,500 M TO 4KM,SLAMS,"Jefferson County, AL  Department Of Health",OTHER,,NCORE,17.5,
2023-03-11,010730023,2,0.2,Parts per million,2,North Birmingham,24,100,42101,Carbon monoxide,093,INSTRUMENTAL - GAS FILTER CORRELATION CO ANALYZER,13820,"Birmingham-Hoover, AL",33.553056,-86.815,POINT,177,NEIGHBORHOOD,500 M TO 4KM,SLAMS,"Jefferson County, AL  Department Of Health",OTHER,,NCORE,17.5,
2023-03-12,010730023,2,0.2,Parts per million,2,North Birmingham,24,100,42101,Carbon monoxide,093,INSTRUMENTAL - GAS FILTER CORRELATION CO ANALYZER,13820,"Birmingham-Hoover, AL",33.553056,-86.815,POINT,177,NEIGHBORHOOD,500 M TO 4KM,SLAMS,"Jefferson County, AL  Department Of Health",OTHER,,NCORE,17.5,
2023-03-13,010730023,2,0.1,Parts per million,1,North Birmingham,24,100,42101,Carbon monoxide,093,INSTRUMENTAL - GAS FILTER CORRELATION CO ANALYZER,13820,"Birmingham-Hoover, AL",33.553056,-86.815,POINT,177,NEIGHBORHOOD,500 M TO 4KM,SLAMS,"Jefferson County, AL  Department Of Health",OTHER,,NCORE,17.5,
2023-03-14,010730023,2,0.1,Parts per million,1,North Birmingham,24,100,42101,Carbon monoxide,093,INSTRUMENTAL - GAS FILTER CORRELATION CO ANALYZER,13820,"Birmingham-Hoover, AL",33.553056,-86.815,POINT,177,NEIGHBORHOOD,500 M TO 4KM,SLAMS,"Jefferson County, AL  Department Of Health",OTHER,,NCORE,17.5,
2023-03-15,010730023,2,0.4,Parts per million,5,North Birmingham,16,67,42101,Carbon monoxide,093,INSTRUMENTAL - GAS FILTER CORRELATION CO ANALYZER,13820,"Birmingham-Hoover, AL",33.553056,-86.815,POINT,177,NEIGHBORHOOD,500 M TO 4KM,SLAMS,"Jefferson County, AL  Department Of Health",OTHER,,NCORE,17.5,
2023-03-16,010730023,2,0.4,Parts per million,5,North Birmingham,16,67,42101,Carbon monoxide,093,INSTRUMENTAL - GAS FILTER CORRELATION CO ANALYZER,13820,"Birmingham-Hoover, AL",33.553056,-86.815,POINT,177,NEIGHBORHOOD,500 M TO 4KM,SLAMS,"Jefferson County, AL  Department Of Health",OTHER,,NCORE,17.5,
2023-03-20,010730023,2,0.2,Parts per million,2,North Birmingham,11,46,42101,Carbon monoxide,093,INSTRUMENTAL - GAS FILTER CORRELATION CO ANALYZER,13820,"Birmingham-Hoover, AL",33.553056,-86.815,POINT,177,NEIGHBORHOOD,500 M TO 4KM,SLAMS,"Jefferson County, AL  Department Of Health",OTHER,,NCORE,17.5,
2023-03-21,010730023,2,0.4,Parts per million,5,North Birmingham,24,100,42101,Carbon monoxide,093,INSTRUMENTAL - GAS FILTER CORRELATION CO ANALYZER,13820,"Birmingham-Hoover, AL",33.553056,-86.815,POINT,177,NEIGHBORHOOD,500 M TO 4KM,SLAMS,"Jefferson County, AL  Department Of Health",OTHER,,NCORE,17.5,
2023-03-22,010730023,2,0.3,Parts per million,3,North Birmingham,17,71,42101,Carbon monoxide,093,INSTRUMENTAL - GAS FILTER CORRELATION CO ANALYZER,13820,"Birmingham-Hoover, AL",33.553056,-86.815,POINT,177,NEIGHBORHOOD,500 M TO 4KM,SLAMS,"Jefferson County, AL  Department Of Health",OTHER,,NCORE,17.5,
2023-03-23,010730023,2,0.2,Parts per million,2,North Birmingham,24,100,42101,Carbon monoxide,093,INSTRUMENTAL - GAS FILTER CORRELATION CO ANALYZER,13820,"Birmingham-Hoover, AL",33.553056,-86.815,POINT,177,NEIGHBORHOOD,500 M TO 4KM,SLAMS,"Jefferson County, AL  Department Of Health",OTHER,,NCORE,17.5,
2023-03-24,010730023,2,0.2,Parts per million,2,North Birmingham,24,100,42101,Carbon monoxide,093,INSTRUMENTAL - GAS FILTER CORRELATION CO ANALYZER,13820,"Birmingham-Hoover, AL",33.553056,-86.815,POINT,177,NEIGHBORHOOD,500 M TO 4KM,SLAMS,"Jefferson County, AL  Department Of Health",OTHER,,NCORE,17.5,
2023-03-25,010730023,2,0.4,Parts per million,5,North Birmingham,24,100,42101,Carbon monoxide,093,INSTRUMENTAL - GAS FILTER CORRELATION CO ANALYZER,13820,"Birmingham-Hoover, AL",33.553056,-86.815,POINT,177,NEIGHBORHOOD,500 M TO 4KM,SLAMS,"Jefferson County, AL  Department Of Health",OTHER,,NCORE,17.5,
2023-03-26,010730023,2,0.5,Parts per million,6,North Birmingham,24,100,42101,Carbon monoxide,093,INSTRUMENTAL - GAS FILTER CORRELATION CO ANALYZER,13820,"Birmingham-Hoover, AL",33.553056,-86.815,POINT,177,NEIGHBORHOOD,500 M TO 4KM,SLAMS,"Jefferson County, AL  Department Of Health",OTHER,,NCORE,17.5,
2023-03-27,010730023,2,0.2,Parts per million,2,North Birmingham,24,100,42101,Carbon monoxide,093,INSTRUMENTAL - GAS FILTER CORRELATION CO ANALYZER,13820,"Birmingham-Hoover, AL",33.553056,-86.815,POINT,177,NEIGHBORHOOD,500 M TO 4KM,SLAMS,"Jefferson County, AL  Department Of Health",OTHER,,NCORE,17.5,
2023-03-28,010730023,2,0.2,Parts per million,2,North Birmingham,24,100,42101,Carbon monoxide,093,INSTRUMENTAL - GAS FILTER CORRELATION CO ANALYZER,13820,"Birmingham-Hoover, AL",33.553056,-86.815,POINT,177,NEIGHBORHOOD,500 M TO 4KM,SLAMS,"Jefferson County, AL  Department Of Health",OTHER,,NCORE,17.5,
2023-03-29,010730023,2,0.3,Parts per million,3,North Birmingham,18,75,42101,Carbon monoxide,093,INSTRUMENTAL - GAS FILTER CORRELATION CO ANALYZER,13820,"Birmingham-Hoover, AL",33.553056,-86.815,POINT,177,NEIGHBORHOOD,500 M TO 4KM,SLAMS,"Jefferson County, AL  Department Of Health",OTHER,,NCORE,17.5,
2023-03-30,010730023,2,0.4,Parts per million,5,North Birmingham,15,63,42101,Carbon monoxide,093,INSTRUMENTAL - GAS FILTER CORRELATION CO ANALYZER,13820,"Birmingham-Hoover, AL",33.553056,-86.815,POINT,177,NEIGHBORHOOD,500 M TO 4KM,SLAMS,"Jefferson County, AL  Department Of Health",OTHER,,NCORE,17.5,
2023-03-31,010730023,2,0.2,Parts per million,2,North Birmingham,24,100,42101,Carbon monoxide,093,INSTRUMENTAL - GAS FILTER CORRELATION CO ANALYZER,13820,"Birmingham-Hoover, AL",33.553056,-86.815,POINT,177,NEIGHBORHOOD,500 M TO 4KM,SLAMS,"Jefferson County, AL  Department Of Health",OTHER,,NCORE,17.5,
2023-04-01,010730023,2,0.1,Parts per million,1,North Birmingham,24,100,42101,Carbon monoxide,093,INSTRUMENTAL - GAS FILTER CORRELATION CO ANALYZER,13820,"Birmingham-Hoover, AL",33.553056,-86.815,POINT,177,NEIGHBORHOOD,500 M TO 4KM,SLAMS,"Jefferson County, AL  Department Of Health",OTHER,,NCORE,17.5,
2023-04-02,010730023,2,0.2,Parts per million,2,North Birmingham,24,100,42101,Carbon monoxide,093,INSTRUMENTAL - GAS FILTER CORRELATION CO ANALYZER,13820,"Birmingham-Hoover, AL",33.553056,-86.815,POINT,177,NEIGHBORHOOD,500 M TO 4KM,SLAMS,"Jefferson County, AL  Department Of Health",OTHER,,NCORE,17.5,
2023-04-03,010730023,2,0.2,Parts per million,2,North Birmingham,24,100,42101,Carbon monoxide,093,INSTRUMENTAL - GAS FILTER CORRELATION CO ANALYZER,13820,"Birmingham-Hoover, AL",33.553056,-86.815,POINT,177,NEIGHBORHOOD,500 M TO 4KM,SLAMS,"Jefferson County, AL  Department Of Health",OTHER,,NCORE,17.5,
2023-04-04,010730023,2,0.2,Parts per million,2,North Birmingham,24,100,42101,Carbon monoxide,093,INSTRUMENTAL - GAS FILTER CORRELATION CO ANALYZER,13820,"Birmingham-Hoover, AL",33.553056,-86.815,POINT,177,NEIGHBORHOOD,500 M TO 4KM,SLAMS,"Jefferson County, AL  Department Of Health",OTHER,,NCORE,17.5,
2023-04-05,010730023,2,0.2,Parts per million,2,North Birmingham,17,71,42101,Carbon monoxide,093,INSTRUMENTAL - GAS FILTER CORRELATION CO ANALYZER,13820,"Birmingham-Hoover, AL",33.553056,-86.815,POINT,177,NEIGHBORHOOD,500 M TO 4KM,SLAMS,"Jefferson County, AL  Department Of Health",OTHER,,NCORE,17.5,
2023-04-06,010730023,2,0.4,Parts per million,5,North Birmingham,24,100,42101,Carbon monoxide,093,INSTRUMENTAL - GAS FILTER CORRELATION CO ANALYZER,13820,"Birmingham-Hoover, AL",33.553056,-86.815,POINT,177,NEIGHBORHOOD,500 M TO 4KM,SLAMS,"Jefferson County, AL  Department Of Health",OTHER,,NCORE,17.5,
2023-04-07,010730023,2,0.2,Parts per million,2,North Birmingham,24,100,42101,Carbon monoxide,093,INSTRUMENTAL - GAS FILTER CORRELATION CO ANALYZER,13820,"Birmingham-Hoover, AL",33.553056,-86.815,POINT,177,NEIGHBORHOOD,500 M TO 4KM,SLAMS,"Jefferson County, AL  Department Of Health",OTHER,,NCORE,17.5,
2023-04-08,010730023,2,0.2,Parts per million,2,North Birmingham,24,100,42101,Carbon monoxide,093,INSTRUMENTAL - GAS FILTER CORRELATION CO ANALYZER,13820,"Birmingham-Hoover, AL",33.553056,-86.815,POINT,177,NEIGHBORHOOD,500 M TO 4KM,SLAMS,"Jefferson County, AL  Department Of Health",OTHER,,NCORE,17.5,
2023-04-09,010730023,2,0.2,Parts per million,2,North Birmingham,24,100,42101,Carbon monoxide,093,INSTRUMENTAL - GAS FILTER CORRELATION CO ANALYZER,13820,"Birmingham-Hoover, AL",33.553056,-86.815,POINT,177,NEIGHBORHOOD,500 M TO 4KM,SLAMS,"Jefferson County, AL  Department Of Health",OTHER,,NCORE,17.5,
2023-04-10,010730023,2,0.3,Parts per million,3,North Birmingham,24,100,42101,Carbon monoxide,093,INSTRUMENTAL - GAS FILTER CORRELATION CO ANALYZER,13820,"Birmingham-Hoover, AL",33.553056,-86.815,POINT,177,NEIGHBORHOOD,500 M TO 4KM,SLAMS,"Jefferson County, AL  Department Of Health",OTHER,,NCORE,17.5,
2023-04-11,010730023,2,0.4,Parts per million,5,North Birmingham,24,100,42101,Carbon monoxide,093,INSTRUMENTAL - GAS FILTER CORRELATION CO ANALYZER,13820,"Birmingham-Hoover, AL",33.553056,-86.815,POINT,177,NEIGHBORHOOD,500 M TO 4KM,SLAMS,"Jefferson County, AL  Department Of Health",OTHER,,NCORE,17.5,
2023-04-12,010730023,2,0.5,Parts per million,6,North Birmingham,24,100,42101,Carbon monoxide,093,INSTRUMENTAL - GAS FILTER CORRELATION CO ANALYZER,13820,"Birmingham-Hoover, AL",33.553056,-86.815,POINT,177,NEIGHBORHOOD,500 M TO 4KM,SLAMS,"Jefferson County, AL  Department Of Health",OTHER,,NCORE,17.5,
2023-04-13,010730023,2,0.5,Parts per million,6,North Birmingham,24,100,42101,Carbon monoxide,093,INSTRUMENTAL - GAS FILTER CORRELATION CO ANALYZER,13820,"Birmingham-Hoover, AL",33.553056,-86.815,POINT,177,NEIGHBORHOOD,500 M TO 4KM,SLAMS,"Jefferson County, AL  Department Of Health",OTHER,,NCORE,17.5,
2023-04-14,010730023,2,0.3,Parts per million,3,North Birmingham,16,67,42101,Carbon monoxide,093,INSTRUMENTAL - GAS FILTER CORRELATION CO ANALYZER,13820,"Birmingham-Hoover, AL",33.553056,-86.815,POINT,177,NEIGHBORHOOD,500 M TO 4KM,SLAMS,"Jefferson County, AL  Department Of Health",OTHER,,NCORE,17.5,
2023-04-15,010730023,2,0.5,Parts per million,6,North Birmingham,24,100,42101,Carbon monoxide,093,INSTRUMENTAL - GAS FILTER CORRELATION CO ANALYZER,13820,"Birmingham-Hoover, AL",33.553056,-86.815,POINT,177,NEIGHBORHOOD,500 M TO 4KM,SLAMS,"Jefferson County, AL  Department Of Health",OTHER,,NCORE,17.5,
2023-04-16,010730023,2,0.3,Parts per million,3,North Birmingham,24,100,42101,Carbon monoxide,093,INSTRUMENTAL - GAS FILTER CORRELATION CO ANALYZER,13820,"Birmingham-Hoover, AL",33.553056,-86.815,POINT,177,NEIGHBORHOOD,500 M TO 4KM,SLAMS,"Jefferson County, AL  Department Of Health",OTHER,,NCORE,17.5,
2023-04-17,010730023,2,0.3,Parts per million,3,North Birmingham,24,100,42101,Carbon monoxide,093,INSTRUMENTAL - GAS FILTER CORRELATION CO ANALYZER,13820,"Birmingham-Hoover, AL",33.553056,-86.815,POINT,177,NEIGHBORHOOD,500 M TO 4KM,SLAMS,"Jefferson County, AL  Department Of Health",OTHER,,NCORE,17.5,
2023-04-18,010730023,2,0.6,Parts per million,7,North Birmingham,24,100,42101,Carbon monoxide,093,INSTRUMENTAL - GAS FILTER CORRELATION CO ANALYZER,13820,"Birmingham-Hoover, AL",33.553056,-86.815,POINT,177,NEIGHBORHOOD,500 M TO 4KM,SLAMS,"Jefferson County, AL  Department Of Health",OTHER,,NCORE,17.5,
2023-04-19,010730023,2,0.6,Parts per million,7,North Birmingham,10,42,42101,Carbon monoxide,093,INSTRUMENTAL - GAS FILTER CORRELATION CO ANALYZER,13820,"Birmingham-Hoover, AL",33.553056,-86.815,POINT,177,NEIGHBORHOOD,500 M TO 4KM,SLAMS,"Jefferson County, AL  Department Of Health",OTHER,,NCORE,17.5,
2023-04-20,010730023,2,0.2,Parts per million,2,North Birmingham,5,21,42101,Carbon monoxide,093,INSTRUMENTAL - GAS FILTER CORRELATION CO ANALYZER,13820,"Birmingham-Hoover, AL",33.553056,-86.815,POINT,177,NEIGHBORHOOD,500 M TO 4KM,SLAMS,"Jefferson County, AL  Department Of Health",OTHER,,NCORE,17.5,
2023-04-21,010730023,2,0.2,Parts per million,2,North Birmingham,24,100,42101,Carbon monoxide,093,INSTRUMENTAL - GAS FILTER CORRELATION CO ANALYZER,13820,"Birmingham-Hoover, AL",33.553056,-86.815,POINT,177,NEIGHBORHOOD,500 M TO 4KM,SLAMS,"Jefferson County, AL  Department Of Health",OTHER,,NCORE,17.5,
2023-04-22,010730023,2,0.3,Parts per million,3,North Birmingham,24,100,42101,Carbon monoxide,093,INSTRUMENTAL - GAS FILTER CORRELATION CO ANALYZER,13820,"Birmingham-Hoover, AL",33.553056,-86.815,POINT,177,NEIGHBORHOOD,500 M TO 4KM,SLAMS,"Jefferson County, AL  Department Of Health",OTHER,,NCORE,17.5,
2023-04-23,010730023,2,0.3,Parts per million,3,North Birmingham,24,100,42101,Carbon monoxide,093,INSTRUMENTAL - GAS FILTER CORRELATION CO ANALYZER,13820,"Birmingham-Hoover, AL",33.553056,-86.815,POINT,177,NEIGHBORHOOD,500 M TO 4KM,SLAMS,"Jefferson County, AL  Department Of Health",OTHER,,NCORE,17.5,
2023-04-24,010730023,2,0.2,Parts per million,2,North Birmingham,24,100,42101,Carbon monoxide,093,INSTRUMENTAL - GAS FILTER CORRELATION CO ANALYZER,13820,"Birmingham-Hoover, AL",33.553056,-86.815,POINT,177,NEIGHBORHOOD,500 M TO 4KM,SLAMS,"Jefferson County, AL  Department Of Health",OTHER,,NCORE,17.5,
2023-04-25,010730023,2,0.2,Parts per million,2,North Birmingham,24,100,42101,Carbon monoxide,093,INSTRUMENTAL - GAS FILTER CORRELATION CO ANALYZER,13820,"Birmingham-Hoover, AL",33.553056,-86.815,POINT,177,NEIGHBORHOOD,500 M TO 4KM,SLAMS,"Jefferson County, AL  Department Of Health",OTHER,,NCORE,17.5,
2023-04-26,010730023,2,0.6,Parts per million,7,North Birmingham,24,100,42101,Carbon monoxide,093,INSTRUMENTAL - GAS FILTER CORRELATION CO ANALYZER,13820,"Birmingham-Hoover, AL",33.553056,-86.815,POINT,177,NEIGHBORHOOD,500 M TO 4KM,SLAMS,"Jefferson County, AL  Department Of Health",OTHER,,NCORE,17.5,
2023-04-27,010730023,2,0.2,Parts per million,2,North Birmingham,24,100,42101,Carbon monoxide,093,INSTRUMENTAL - GAS FILTER CORRELATION CO ANALYZER,13820,"Birmingham-Hoover, AL",33.553056,-86.815,POINT,177,NEIGHBORHOOD,500 M TO 4KM,SLAMS,"Jefferson County, AL  Department Of Health",OTHER,,NCORE,17.5,
2023-04-28,010730023,2,0.2,Parts per million,2,North Birmingham,17,71,42101,Carbon monoxide,093,INSTRUMENTAL - GAS FILTER CORRELATION CO ANALYZER,13820,"Birmingham-Hoover, AL",33.553056,-86.815,POINT,177,NEIGHBORHOOD,500 M TO 4KM,SLAMS,"Jefferson County, AL  Department Of Health",OTHER,,NCORE,17.5,
2023-04-29,010730023,2,0.3,Parts per million,3,North Birmingham,24,100,42101,Carbon monoxide,093,INSTRUMENTAL - GAS FILTER CORRELATION CO ANALYZER,13820,"Birmingham-Hoover, AL",33.553056,-86.815,POINT,177,NEIGHBORHOOD,500 M TO 4KM,SLAMS,"Jefferson County, AL  Department Of Health",OTHER,,NCORE,17.5,
2023-04-30,010730023,2,0.2,Parts per million,2,North Birmingham,24,100,42101,Carbon monoxide,093,INSTRUMENTAL - GAS FILTER CORRELATION CO ANALYZER,13820,"Birmingham-Hoover, AL",33.553056,-86.815,POINT,177,NEIGHBORHOOD,500 M TO 4KM,SLAMS,"Jefferson County, AL  Department Of Health",OTHER,,NCORE,17.5,
2023-05-01,010730023,2,0.2,Parts per million,2,North Birmingham,24,100,42101,Carbon monoxide,093,INSTRUMENTAL - GAS FILTER CORRELATION CO ANALYZER,13820,"Birmingham-Hoover, AL",33.553056,-86.815,POINT,177,NEIGHBORHOOD,500 M TO 4KM,SLAMS,"Jefferson County, AL  Department Of Health",OTHER,,NCORE,17.5,
2023-05-02,010730023,2,0.2,Parts per million,2,North Birmingham,24,100,42101,Carbon monoxide,093,INSTRUMENTAL - GAS FILTER CORRELATION CO ANALYZER,13820,"Birmingham-Hoover, AL",33.553056,-86.815,POINT,177,NEIGHBORHOOD,500 M TO 4KM,SLAMS,"Jefferson County, AL  Department Of Health",OTHER,,NCORE,17.5,
2023-05-03,010730023,2,0.3,Parts per million,3,North Birmingham,24,100,42101,Carbon monoxide,093,INSTRUMENTAL - GAS FILTER CORRELATION CO ANALYZER,13820,"Birmingham-Hoover, AL",33.553056,-86.815,POINT,177,NEIGHBORHOOD,500 M TO 4KM,SLAMS,"Jefferson County, AL  Department Of Health",OTHER,,NCORE,17.5,
2023-05-04,010730023,2,0.4,Parts per million,5,North Birmingham,24,100,42101,Carbon monoxide,093,INSTRUMENTAL - GAS FILTER CORRELATION CO ANALYZER,13820,"Birmingham-Hoover, AL",33.553056,-86.815,POINT,177,NEIGHBORHOOD,500 M TO 4KM,SLAMS,"Jefferson County, AL  Department Of Health",OTHER,,NCORE,17.5,
2023-05-05,010730023,2,0.3,Parts per million,3,North Birmingham,24,100,42101,Carbon monoxide,093,INSTRUMENTAL - GAS FILTER CORRELATION CO ANALYZER,13820,"Birmingham-Hoover, AL",33.553056,-86.815,POINT,177,NEIGHBORHOOD,500 M TO 4KM,SLAMS,"Jefferson County, AL  Department Of Health",OTHER,,NCORE,17.5,
2023-05-06,010730023,2,0.2,Parts per million,2,North Birmingham,24,100,42101,Carbon monoxide,093,INSTRUMENTAL - GAS FILTER CORRELATION CO ANALYZER,13820,"Birmingham-Hoover, AL",33.553056,-86.815,POINT,177,NEIGHBORHOOD,500 M TO 4KM,SLAMS,"Jefferson County, AL  Department Of Health",OTHER,,NCORE,17.5,
2023-05-07,010730023,2,0.2,Parts per million,2,North Birmingham,24,100,42101,Carbon monoxide,093,INSTRUMENTAL - GAS FILTER CORRELATION CO ANALYZER,13820,"Birmingham-Hoover, AL",33.553056,-86.815,POINT,177,NEIGHBORHOOD,500 M TO 4KM,SLAMS,"Jefferson County, AL  Department Of Health",OTHER,,NCORE,17.5,
2023-05-08,010730023,2,0.2,Parts per million,2,North Birmingham,24,100,42101,Carbon monoxide,093,INSTRUMENTAL - GAS FILTER CORRELATION CO ANALYZER,13820,"Birmingham-Hoover, AL",33.553056,-86.815,POINT,177,NEIGHBORHOOD,500 M TO 4KM,SLAMS,"Jefferson County, AL  Department Of Health",OTHER,,NCORE,17.5,
2023-05-09,010730023,2,0.2,Parts per million,2,North Birmingham,24,100,42101,Carbon monoxide,093,INSTRUMENTAL - GAS FILTER CORRELATION CO ANALYZER,13820,"Birmingham-Hoover, AL",33.553056,-86.815,POINT,177,NEIGHBORHOOD,500 M TO 4KM,SLAMS,"Jefferson County, AL  Department Of Health",OTHER,,NCORE,17.5,
2023-05-10,010730023,2,0.3,Parts per million,3,North Birmingham,24,100,42101,Carbon monoxide,093,INSTRUMENTAL - GAS FILTER CORRELATION CO ANALYZER,13820,"Birmingham-Hoover, AL",33.553056,-86.815,POINT,177,NEIGHBORHOOD,500 M TO 4KM,SLAMS,"Jefferson County, AL  Department Of Health",OTHER,,NCORE,17.5,
2023-05-11,010730023,2,0.2,Parts per million,2,North Birmingham,16,67,42101,Carbon monoxide,093,INSTRUMENTAL - GAS FILTER CORRELATION CO ANALYZER,13820,"Birmingham-Hoover, AL",33.553056,-86.815,POINT,177,NEIGHBORHOOD,500 M TO 4KM,SLAMS,"Jefferson County, AL  Department Of Health",OTHER,,NCORE,17.5,
2023-05-12,010730023,2,0.2,Parts per million,2,North Birmingham,24,100,42101,Carbon monoxide,093,INSTRUMENTAL - GAS FILTER CORRELATION CO ANALYZER,13820,"Birmingham-Hoover, AL",33.553056,-86.815,POINT,177,NEIGHBORHOOD,500 M TO 4KM,SLAMS,"Jefferson County, AL  Department Of Health",OTHER,,NCORE,17.5,
2023-05-13,010730023,2,0.3,Parts per million,3,North Birmingham,24,100,42101,Carbon monoxide,093,INSTRUMENTAL - GAS FILTER CORRELATION CO ANALYZER,13820,"Birmingham-Hoover, AL",33.553056,-86.815,POINT,177,NEIGHBORHOOD,500 M TO 4KM,SLAMS,"Jefferson County, AL  Department Of Health",OTHER,,NCORE,17.5,
2023-05-14,010730023,2,0.4,Parts per million,5,North Birmingham,24,100,42101,Carbon monoxide,093,INSTRUMENTAL - GAS FILTER CORRELATION CO ANALYZER,13820,"Birmingham-Hoover, AL",33.553056,-86.815,POINT,177,NEIGHBORHOOD,500 M TO 4KM,SLAMS,"Jefferson County, AL  Department Of Health",OTHER,,NCORE,17.5,
2023-05-15,010730023,2,0.3,Parts per million,3,North Birmingham,24,100,42101,Carbon monoxide,093,INSTRUMENTAL - GAS FILTER CORRELATION CO ANALYZER,13820,"Birmingham-Hoover, AL",33.553056,-86.815,POINT,177,NEIGHBORHOOD,500 M TO 4KM,SLAMS,"Jefferson County, AL  Department Of Health",OTHER,,NCORE,17.5,
2023-05-16,010730023,2,0.3,Parts per million,3,North Birmingham,24,100,42101,Carbon monoxide,093,INSTRUMENTAL - GAS FILTER CORRELATION CO ANALYZER,13820,"Birmingham-Hoover, AL",33.553056,-86.815,POINT,177,NEIGHBORHOOD,500 M TO 4KM,SLAMS,"Jefferson County, AL  Department Of Health",OTHER,,NCORE,17.5,
2023-05-17,010730023,2,0.4,Parts per million,5,North Birmingham,24,100,42101,Carbon monoxide,093,INSTRUMENTAL - GAS FILTER CORRELATION CO ANALYZER,13820,"Birmingham-Hoover, AL",33.553056,-86.815,POINT,177,NEIGHBORHOOD,500 M TO 4KM,SLAMS,"Jefferson County, AL  Department Of Health",OTHER,,NCORE,17.5,
2023-05-18,010730023,2,0.4,Parts per million,5,North Birmingham,24,100,42101,Carbon monoxide,093,INSTRUMENTAL - GAS FILTER CORRELATION CO ANALYZER,13820,"Birmingham-Hoover, AL",33.553056,-86.815,POINT,177,NEIGHBORHOOD,500 M TO 4KM,SLAMS,"Jefferson County, AL  Department Of Health",OTHER,,NCORE,17.5,
2023-05-19,010730023,2,0.2,Parts per million,2,North Birmingham,24,100,42101,Carbon monoxide,093,INSTRUMENTAL - GAS FILTER CORRELATION CO ANALYZER,13820,"Birmingham-Hoover, AL",33.553056,-86.815,POINT,177,NEIGHBORHOOD,500 M TO 4KM,SLAMS,"Jefferson County, AL  Department Of Health",OTHER,,NCORE,17.5,
2023-05-20,010730023,2,0.2,Parts per million,2,North Birmingham,24,100,42101,Carbon monoxide,093,INSTRUMENTAL - GAS FILTER CORRELATION CO ANALYZER,13820,"Birmingham-Hoover, AL",33.553056,-86.815,POINT,177,NEIGHBORHOOD,500 M TO 4KM,SLAMS,"Jefferson County, AL  Department Of Health",OTHER,,NCORE,17.5,
2023-05-21,010730023,2,0.4,Parts per million,5,North Birmingham,24,100,42101,Carbon monoxide,093,INSTRUMENTAL - GAS FILTER CORRELATION CO ANALYZER,13820,"Birmingham-Hoover, AL",33.553056,-86.815,POINT,177,NEIGHBORHOOD,500 M TO 4KM,SLAMS,"Jefferson County, AL  Department Of Health",OTHER,,NCORE,17.5,
2023-05-22,010730023,2,0.4,Parts per million,5,North Birmingham,24,100,42101,Carbon monoxide,093,INSTRUMENTAL - GAS FILTER CORRELATION CO ANALYZER,13820,"Birmingham-Hoover, AL",33.553056,-86.815,POINT,177,NEIGHBORHOOD,500 M TO 4KM,SLAMS,"Jefferson County, AL  Department Of Health",OTHER,,NCORE,17.5,
2023-05-23,010730023,2,0.2,Parts per million,2,North Birmingham,16,67,42101,Carbon monoxide,093,INSTRUMENTAL - GAS FILTER CORRELATION CO ANALYZER,13820,"Birmingham-Hoover, AL",33.553056,-86.815,POINT,177,NEIGHBORHOOD,500 M TO 4KM,SLAMS,"Jefferson County, AL  Department Of Health",OTHER,,NCORE,17.5,
2023-05-24,010730023,2,0.4,Parts per million,5,North Birmingham,24,100,42101,Carbon monoxide,093,INSTRUMENTAL - GAS FILTER CORRELATION CO ANALYZER,13820,"Birmingham-Hoover, AL",33.553056,-86.815,POINT,177,NEIGHBORHOOD,500 M TO 4KM,SLAMS,"Jefferson County, AL  Department Of Health",OTHER,,NCORE,17.5,
2023-05-25,010730023,2,0.5,Parts per million,6,North Birmingham,24,100,42101,Carbon monoxide,093,INSTRUMENTAL - GAS FILTER CORRELATION CO ANALYZER,13820,"Birmingham-Hoover, AL",33.553056,-86.815,POINT,177,NEIGHBORHOOD,500 M TO 4KM,SLAMS,"Jefferson County, AL  Department Of Health",OTHER,,NCORE,17.5,
2023-05-26,010730023,2,0.4,Parts per million,5,North Birmingham,24,100,42101,Carbon monoxide,093,INSTRUMENTAL - GAS FILTER CORRELATION CO ANALYZER,13820,"Birmingham-Hoover, AL",33.553056,-86.815,POINT,177,NEIGHBORHOOD,500 M TO 4KM,SLAMS,"Jefferson County, AL  Department Of Health",OTHER,,NCORE,17.5,
2023-05-27,010730023,2,0.3,Parts per million,3,North Birmingham,24,100,42101,Carbon monoxide,093,INSTRUMENTAL - GAS FILTER CORRELATION CO ANALYZER,13820,"Birmingham-Hoover, AL",33.553056,-86.815,POINT,177,NEIGHBORHOOD,500 M TO 4KM,SLAMS,"Jefferson County, AL  Department Of Health",OTHER,,NCORE,17.5,
2023-05-28,010730023,2,0.3,Parts per million,3,North Birmingham,24,100,42101,Carbon monoxide,093,INSTRUMENTAL - GAS FILTER CORRELATION CO ANALYZER,13820,"Birmingham-Hoover, AL",33.553056,-86.815,POINT,177,NEIGHBORHOOD,500 M TO 4KM,SLAMS,"Jefferson County, AL  Department Of Health",OTHER,,NCORE,17.5,
2023-05-29,010730023,2,0.2,Parts per million,2,North Birmingham,24,100,42101,Carbon monoxide,093,INSTRUMENTAL - GAS FILTER CORRELATION CO ANALYZER,13820,"Birmingham-Hoover, AL",33.553056,-86.815,POINT,177,NEIGHBORHOOD,500 M TO 4KM,SLAMS,"Jefferson County, AL  Department Of Health",OTHER,,NCORE,17.5,
2023-05-30,010730023,2,0.3,Parts per million,3,North Birmingham,24,100,42101,Carbon monoxide,093,INSTRUMENTAL - GAS FILTER CORRELATION CO ANALYZER,13820,"Birmingham-Hoover, AL",33.553056,-86.815,POINT,177,NEIGHBORHOOD,500 M TO 4KM,SLAMS,"Jefferson County, AL  Department Of Health",OTHER,,NCORE,17.5,
2023-05-31,010730023,2,0.3,Parts per million,3,North Birmingham,24,100,42101,Carbon monoxide,093,INSTRUMENTAL - GAS FILTER CORRELATION CO ANALYZER,13820,"Birmingham-Hoover, AL",33.553056,-86.815,POINT,177,NEIGHBORHOOD,500 M TO 4KM,SLAMS,"Jefferson County, AL  Department Of Health",OTHER,,NCORE,17.5,
2023-06-01,010730023,2,0.3,Parts per million,3,North Birmingham,24,100,42101,Carbon monoxide,093,INSTRUMENTAL - GAS FILTER CORRELATION CO ANALYZER,13820,"Birmingham-Hoover, AL",33.553056,-86.815,POINT,177,NEIGHBORHOOD,500 M TO 4KM,SLAMS,"Jefferson County, AL  Department Of Health",OTHER,,NCORE,17.5,
2023-06-02,010730023,2,0.3,Parts per million,3,North Birmingham,24,100,42101,Carbon monoxide,093,INSTRUMENTAL - GAS FILTER CORRELATION CO ANALYZER,13820,"Birmingham-Hoover, AL",33.553056,-86.815,POINT,177,NEIGHBORHOOD,500 M TO 4KM,SLAMS,"Jefferson County, AL  Department Of Health",OTHER,,NCORE,17.5,
2023-06-03,010730023,2,0.3,Parts per million,3,North Birmingham,24,100,42101,Carbon monoxide,093,INSTRUMENTAL - GAS FILTER CORRELATION CO ANALYZER,13820,"Birmingham-Hoover, AL",33.553056,-86.815,POINT,177,NEIGHBORHOOD,500 M TO 4KM,SLAMS,"Jefferson County, AL  Department Of Health",OTHER,,NCORE,17.5,
2023-06-04,010730023,2,0.4,Parts per million,5,North Birmingham,24,100,42101,Carbon monoxide,093,INSTRUMENTAL - GAS FILTER CORRELATION CO ANALYZER,13820,"Birmingham-Hoover, AL",33.553056,-86.815,POINT,177,NEIGHBORHOOD,500 M TO 4KM,SLAMS,"Jefferson County, AL  Department Of Health",OTHER,,NCORE,17.5,
2023-06-05,010730023,2,0.3,Parts per million,3,North Birmingham,24,100,42101,Carbon monoxide,093,INSTRUMENTAL - GAS FILTER CORRELATION CO ANALYZER,13820,"Birmingham-Hoover, AL",33.553056,-86.815,POINT,177,NEIGHBORHOOD,500 M TO 4KM,SLAMS,"Jefferson County, AL  Department Of Health",OTHER,,NCORE,17.5,
2023-06-06,010730023,2,0.3,Parts per million,3,North Birmingham,24,100,42101,Carbon monoxide,093,INSTRUMENTAL - GAS FILTER CORRELATION CO ANALYZER,13820,"Birmingham-Hoover, AL",33.553056,-86.815,POINT,177,NEIGHBORHOOD,500 M TO 4KM,SLAMS,"Jefferson County, AL  Department Of Health",OTHER,,NCORE,17.5,
2023-06-07,010730023,2,0.3,Parts per million,3,North Birmingham,24,100,42101,Carbon monoxide,093,INSTRUMENTAL - GAS FILTER CORRELATION CO ANALYZER,13820,"Birmingham-Hoover, AL",33.553056,-86.815,POINT,177,NEIGHBORHOOD,500 M TO 4KM,SLAMS,"Jefferson County, AL  Department Of Health",OTHER,,NCORE,17.5,
2023-06-08,010730023,2,0.4,Parts per million,5,North Birmingham,15,63,42101,Carbon monoxide,093,INSTRUMENTAL - GAS FILTER CORRELATION CO ANALYZER,13820,"Birmingham-Hoover, AL",33.553056,-86.815,POINT,177,NEIGHBORHOOD,500 M TO 4KM,SLAMS,"Jefferson County, AL  Department Of Health",OTHER,,NCORE,17.5,
2023-06-09,010730023,2,0.3,Parts per million,3,North Birmingham,24,100,42101,Carbon monoxide,093,INSTRUMENTAL - GAS FILTER CORRELATION CO ANALYZER,13820,"Birmingham-Hoover, AL",33.553056,-86.815,POINT,177,NEIGHBORHOOD,500 M TO 4KM,SLAMS,"Jefferson County, AL  Department Of Health",OTHER,,NCORE,17.5,
2023-06-10,010730023,2,0.4,Parts per million,5,North Birmingham,24,100,42101,Carbon monoxide,093,INSTRUMENTAL - GAS FILTER CORRELATION CO ANALYZER,13820,"Birmingham-Hoover, AL",33.553056,-86.815,POINT,177,NEIGHBORHOOD,500 M TO 4KM,SLAMS,"Jefferson County, AL  Department Of Health",OTHER,,NCORE,17.5,
2023-06-11,010730023,2,0.3,Parts per million,3,North Birmingham,24,100,42101,Carbon monoxide,093,INSTRUMENTAL - GAS FILTER CORRELATION CO ANALYZER,13820,"Birmingham-Hoover, AL",33.553056,-86.815,POINT,177,NEIGHBORHOOD,500 M TO 4KM,SLAMS,"Jefferson County, AL  Department Of Health",OTHER,,NCORE,17.5,
2023-06-12,010730023,2,0.3,Parts per million,3,North Birmingham,24,100,42101,Carbon monoxide,093,INSTRUMENTAL - GAS FILTER CORRELATION CO ANALYZER,13820,"Birmingham-Hoover, AL",33.553056,-86.815,POINT,177,NEIGHBORHOOD,500 M TO 4KM,SLAMS,"Jefferson County, AL  Department Of Health",OTHER,,NCORE,17.5,
2023-06-13,010730023,2,0.3,Parts per million,3,North Birmingham,24,100,42101,Carbon monoxide,093,INSTRUMENTAL - GAS FILTER CORRELATION CO ANALYZER,13820,"Birmingham-Hoover, AL",33.553056,-86.815,POINT,177,NEIGHBORHOOD,500 M TO 4KM,SLAMS,"Jefferson County, AL  Department Of Health",OTHER,,NCORE,17.5,
2023-06-14,010730023,2,0.2,Parts per million,2,North Birmingham,18,75,42101,Carbon monoxide,093,INSTRUMENTAL - GAS FILTER CORRELATION CO ANALYZER,13820,"Birmingham-Hoover, AL",33.553056,-86.815,POINT,177,NEIGHBORHOOD,500 M TO 4KM,SLAMS,"Jefferson County, AL  Department Of Health",OTHER,,NCORE,17.5,
2023-06-15,010730023,2,0.2,Parts per million,2,North Birmingham,24,100,42101,Carbon monoxide,093,INSTRUMENTAL - GAS FILTER CORRELATION CO ANALYZER,13820,"Birmingham-Hoover, AL",33.553056,-86.815,POINT,177,NEIGHBORHOOD,500 M TO 4KM,SLAMS,"Jefferson County, AL  Department Of Health",OTHER,,NCORE,17.5,
2023-06-16,010730023,2,0.2,Parts per million,2,North Birmingham,24,100,42101,Carbon monoxide,093,INSTRUMENTAL - GAS FILTER CORRELATION CO ANALYZER,13820,"Birmingham-Hoover, AL",33.553056,-86.815,POINT,177,NEIGHBORHOOD,500 M TO 4KM,SLAMS,"Jefferson County, AL  Department Of Health",OTHER,,NCORE,17.5,
2023-06-17,010730023,2,0.3,Parts per million,3,North Birmingham,24,100,42101,Carbon monoxide,093,INSTRUMENTAL - GAS FILTER CORRELATION CO ANALYZER,13820,"Birmingham-Hoover, AL",33.553056,-86.815,POINT,177,NEIGHBORHOOD,500 M TO 4KM,SLAMS,"Jefferson County, AL  Department Of Health",OTHER,,NCORE,17.5,
2023-06-18,010730023,2,0.5,Parts per million,6,North Birmingham,24,100,42101,Carbon monoxide,093,INSTRUMENTAL - GAS FILTER CORRELATION CO ANALYZER,13820,"Birmingham-Hoover, AL",33.553056,-86.815,POINT,177,NEIGHBORHOOD,500 M TO 4KM,SLAMS,"Jefferson County, AL  Department Of Health",OTHER,,NCORE,17.5,
2023-06-19,010730023,2,0.2,Parts per million,2,North Birmingham,24,100,42101,Carbon monoxide,093,INSTRUMENTAL - GAS FILTER CORRELATION CO ANALYZER,13820,"Birmingham-Hoover, AL",33.553056,-86.815,POINT,177,NEIGHBORHOOD,500 M TO 4KM,SLAMS,"Jefferson County, AL  Department Of Health",OTHER,,NCORE,17.5,
2023-06-20,010730023,2,0.2,Parts per million,2,North Birmingham,24,100,42101,Carbon monoxide,093,INSTRUMENTAL - GAS FILTER CORRELATION CO ANALYZER,13820,"Birmingham-Hoover, AL",33.553056,-86.815,POINT,177,NEIGHBORHOOD,500 M TO 4KM,SLAMS,"Jefferson County, AL  Department Of Health",OTHER,,NCORE,17.5,
2023-06-21,010730023,2,0.2,Parts per million,2,North Birmingham,24,100,42101,Carbon monoxide,093,INSTRUMENTAL - GAS FILTER CORRELATION CO ANALYZER,13820,"Birmingham-Hoover, AL",33.553056,-86.815,POINT,177,NEIGHBORHOOD,500 M TO 4KM,SLAMS,"Jefferson County, AL  Department Of Health",OTHER,,NCORE,17.5,
2023-06-22,010730023,2,0.3,Parts per million,3,North Birmingham,17,71,42101,Carbon monoxide,093,INSTRUMENTAL - GAS FILTER CORRELATION CO ANALYZER,13820,"Birmingham-Hoover, AL",33.553056,-86.815,POINT,177,NEIGHBORHOOD,500 M TO 4KM,SLAMS,"Jefferson County, AL  Department Of Health",OTHER,,NCORE,17.5,
2023-06-23,010730023,2,0.4,Parts per million,5,North Birmingham,24,100,42101,Carbon monoxide,093,INSTRUMENTAL - GAS FILTER CORRELATION CO ANALYZER,13820,"Birmingham-Hoover, AL",33.553056,-86.815,POINT,177,NEIGHBORHOOD,500 M TO 4KM,SLAMS,"Jefferson County, AL  Department Of Health",OTHER,,NCORE,17.5,
2023-06-24,010730023,2,0.5,Parts per million,6,North Birmingham,24,100,42101,Carbon monoxide,093,INSTRUMENTAL - GAS FILTER CORRELATION CO ANALYZER,13820,"Birmingham-Hoover, AL",33.553056,-86.815,POINT,177,NEIGHBORHOOD,500 M TO 4KM,SLAMS,"Jefferson County, AL  Department Of Health",OTHER,,NCORE,17.5,
2023-06-25,010730023,2,0.4,Parts per million,5,North Birmingham,24,100,42101,Carbon monoxide,093,INSTRUMENTAL - GAS FILTER CORRELATION CO ANALYZER,13820,"Birmingham-Hoover, AL",33.553056,-86.815,POINT,177,NEIGHBORHOOD,500 M TO 4KM,SLAMS,"Jefferson County, AL  Department Of Health",OTHER,,NCORE,17.5,
2023-06-26,010730023,2,0.2,Parts per million,2,North Birmingham,24,100,42101,Carbon monoxide,093,INSTRUMENTAL - GAS FILTER CORRELATION CO ANALYZER,13820,"Birmingham-Hoover, AL",33.553056,-86.815,POINT,177,NEIGHBORHOOD,500 M TO 4KM,SLAMS,"Jefferson County, AL  Department Of Health",OTHER,,NCORE,17.5,
2023-06-27,010730023,2,0.3,Parts per million,3,North Birmingham,24,100,42101,Carbon monoxide,093,INSTRUMENTAL - GAS FILTER CORRELATION CO ANALYZER,13820,"Birmingham-Hoover, AL",33.553056,-86.815,POINT,177,NEIGHBORHOOD,500 M TO 4KM,SLAMS,"Jefferson County, AL  Department Of Health",OTHER,,NCORE,17.5,
2023-06-28,010730023,2,0.4,Parts per million,5,North Birmingham,24,100,42101,Carbon monoxide,093,INSTRUMENTAL - GAS FILTER CORRELATION CO ANALYZER,13820,"Birmingham-Hoover, AL",33.553056,-86.815,POINT,177,NEIGHBORHOOD,500 M TO 4KM,SLAMS,"Jefferson County, AL  Department Of Health",OTHER,,NCORE,17.5,
2023-06-29,010730023,2,0.5,Parts per million,6,North Birmingham,24,100,42101,Carbon monoxide,093,INSTRUMENTAL - GAS FILTER CORRELATION CO ANALYZER,13820,"Birmingham-Hoover, AL",33.553056,-86.815,POINT,177,NEIGHBORHOOD,500 M TO 4KM,SLAMS,"Jefferson County, AL  Department Of Health",OTHER,,NCORE,17.5,
2023-06-30,010730023,2,0.4,Parts per million,5,North Birmingham,24,100,42101,Carbon monoxide,093,INSTRUMENTAL - GAS FILTER CORRELATION CO ANALYZER,13820,"Birmingham-Hoover, AL",33.553056,-86.815,POINT,177,NEIGHBORHOOD,500 M TO 4KM,SLAMS,"Jefferson County, AL  Department Of Health",OTHER,,NCORE,17.5,
2023-07-01,010730023,2,0.3,Parts per million,3,North Birmingham,24,100,42101,Carbon monoxide,093,INSTRUMENTAL - GAS FILTER CORRELATION CO ANALYZER,13820,"Birmingham-Hoover, AL",33.553056,-86.815,POINT,177,NEIGHBORHOOD,500 M TO 4KM,SLAMS,"Jefferson County, AL  Department Of Health",OTHER,,NCORE,17.5,
2023-07-02,010730023,2,0.3,Parts per million,3,North Birmingham,24,100,42101,Carbon monoxide,093,INSTRUMENTAL - GAS FILTER CORRELATION CO ANALYZER,13820,"Birmingham-Hoover, AL",33.553056,-86.815,POINT,177,NEIGHBORHOOD,500 M TO 4KM,SLAMS,"Jefferson County, AL  Department Of Health",OTHER,,NCORE,17.5,
2023-07-03,010730023,2,0.3,Parts per million,3,North Birmingham,24,100,42101,Carbon monoxide,093,INSTRUMENTAL - GAS FILTER CORRELATION CO ANALYZER,13820,"Birmingham-Hoover, AL",33.553056,-86.815,POINT,177,NEIGHBORHOOD,500 M TO 4KM,SLAMS,"Jefferson County, AL  Department Of Health",OTHER,,NCORE,17.5,
2023-07-04,010730023,2,0.3,Parts per million,3,North Birmingham,24,100,42101,Carbon monoxide,093,INSTRUMENTAL - GAS FILTER CORRELATION CO ANALYZER,13820,"Birmingham-Hoover, AL",33.553056,-86.815,POINT,177,NEIGHBORHOOD,500 M TO 4KM,SLAMS,"Jefferson County, AL  Department Of Health",OTHER,,NCORE,17.5,
2023-07-05,010730023,2,0.3,Parts per million,3,North Birmingham,24,100,42101,Carbon monoxide,093,INSTRUMENTAL - GAS FILTER CORRELATION CO ANALYZER,13820,"Birmingham-Hoover, AL",33.553056,-86.815,POINT,177,NEIGHBORHOOD,500 M TO 4KM,SLAMS,"Jefferson County, AL  Department Of Health",OTHER,,NCORE,17.5,
2023-07-06,010730023,2,0.2,Parts per million,2,North Birmingham,16,67,42101,Carbon monoxide,093,INSTRUMENTAL - GAS FILTER CORRELATION CO ANALYZER,13820,"Birmingham-Hoover, AL",33.553056,-86.815,POINT,177,NEIGHBORHOOD,500 M TO 4KM,SLAMS,"Jefferson County, AL  Department Of Health",OTHER,,NCORE,17.5,
2023-07-07,010730023,2,0.2,Parts per million,2,North Birmingham,24,100,42101,Carbon monoxide,093,INSTRUMENTAL - GAS FILTER CORRELATION CO ANALYZER,13820,"Birmingham-Hoover, AL",33.553056,-86.815,POINT,177,NEIGHBORHOOD,500 M TO 4KM,SLAMS,"Jefferson County, AL  Department Of Health",OTHER,,NCORE,17.5,
2023-07-08,010730023,2,0.2,Parts per million,2,North Birmingham,24,100,42101,Carbon monoxide,093,INSTRUMENTAL - GAS FILTER CORRELATION CO ANALYZER,13820,"Birmingham-Hoover, AL",33.553056,-86.815,POINT,177,NEIGHBORHOOD,500 M TO 4KM,SLAMS,"Jefferson County, AL  Department Of Health",OTHER,,NCORE,17.5,
2023-07-09,010730023,2,0.1,Parts per million,1,North Birmingham,24,100,42101,Carbon monoxide,093,INSTRUMENTAL - GAS FILTER CORRELATION CO ANALYZER,13820,"Birmingham-Hoover, AL",33.553056,-86.815,POINT,177,NEIGHBORHOOD,500 M TO 4KM,SLAMS,"Jefferson County, AL  Department Of Health",OTHER,,NCORE,17.5,
2023-07-10,010730023,2,0.2,Parts per million,2,North Birmingham,24,100,42101,Carbon monoxide,093,INSTRUMENTAL - GAS FILTER CORRELATION CO ANALYZER,13820,"Birmingham-Hoover, AL",33.553056,-86.815,POINT,177,NEIGHBORHOOD,500 M TO 4KM,SLAMS,"Jefferson County, AL  Department Of Health",OTHER,,NCORE,17.5,
2023-07-11,010730023,2,0.3,Parts per million,3,North Birmingham,24,100,42101,Carbon monoxide,093,INSTRUMENTAL - GAS FILTER CORRELATION CO ANALYZER,13820,"Birmingham-Hoover, AL",33.553056,-86.815,POINT,177,NEIGHBORHOOD,500 M TO 4KM,SLAMS,"Jefferson County, AL  Department Of Health",OTHER,,NCORE,17.5,
2023-07-12,010730023,2,0.4,Parts per million,5,North Birmingham,24,100,42101,Carbon monoxide,093,INSTRUMENTAL - GAS FILTER CORRELATION CO ANALYZER,13820,"Birmingham-Hoover, AL",33.553056,-86.815,POINT,177,NEIGHBORHOOD,500 M TO 4KM,SLAMS,"Jefferson County, AL  Department Of Health",OTHER,,NCORE,17.5,
2023-07-13,010730023,2,0.2,Parts per million,2,North Birmingham,24,100,42101,Carbon monoxide,093,INSTRUMENTAL - GAS FILTER CORRELATION CO ANALYZER,13820,"Birmingham-Hoover, AL",33.553056,-86.815,POINT,177,NEIGHBORHOOD,500 M TO 4KM,SLAMS,"Jefferson County, AL  Department Of Health",OTHER,,NCORE,17.5,
2023-07-14,010730023,2,0.3,Parts per million,3,North Birmingham,24,100,42101,Carbon monoxide,093,INSTRUMENTAL - GAS FILTER CORRELATION CO ANALYZER,13820,"Birmingham-Hoover, AL",33.553056,-86.815,POINT,177,NEIGHBORHOOD,500 M TO 4KM,SLAMS,"Jefferson County, AL  Department Of Health",OTHER,,NCORE,17.5,
2023-07-15,010730023,2,0.2,Parts per million,2,North Birmingham,24,100,42101,Carbon monoxide,093,INSTRUMENTAL - GAS FILTER CORRELATION CO ANALYZER,13820,"Birmingham-Hoover, AL",33.553056,-86.815,POINT,177,NEIGHBORHOOD,500 M TO 4KM,SLAMS,"Jefferson County, AL  Department Of Health",OTHER,,NCORE,17.5,
2023-07-16,010730023,2,0.3,Parts per million,3,North Birmingham,24,100,42101,Carbon monoxide,093,INSTRUMENTAL - GAS FILTER CORRELATION CO ANALYZER,13820,"Birmingham-Hoover, AL",33.553056,-86.815,POINT,177,NEIGHBORHOOD,500 M TO 4KM,SLAMS,"Jefferson County, AL  Department Of Health",OTHER,,NCORE,17.5,
2023-07-17,010730023,2,0.5,Parts per million,6,North Birmingham,24,100,42101,Carbon monoxide,093,INSTRUMENTAL - GAS FILTER CORRELATION CO ANALYZER,13820,"Birmingham-Hoover, AL",33.553056,-86.815,POINT,177,NEIGHBORHOOD,500 M TO 4KM,SLAMS,"Jefferson County, AL  Department Of Health",OTHER,,NCORE,17.5,
2023-07-18,010730023,2,0.6,Parts per million,7,North Birmingham,24,100,42101,Carbon monoxide,093,INSTRUMENTAL - GAS FILTER CORRELATION CO ANALYZER,13820,"Birmingham-Hoover, AL",33.553056,-86.815,POINT,177,NEIGHBORHOOD,500 M TO 4KM,SLAMS,"Jefferson County, AL  Department Of Health",OTHER,,NCORE,17.5,
2023-07-19,010730023,2,0.2,Parts per million,2,North Birmingham,24,100,42101,Carbon monoxide,093,INSTRUMENTAL - GAS FILTER CORRELATION CO ANALYZER,13820,"Birmingham-Hoover, AL",33.553056,-86.815,POINT,177,NEIGHBORHOOD,500 M TO 4KM,SLAMS,"Jefferson County, AL  Department Of Health",OTHER,,NCORE,17.5,
2023-07-20,010730023,2,0.3,Parts per million,3,North Birmingham,16,67,42101,Carbon monoxide,093,INSTRUMENTAL - GAS FILTER CORRELATION CO ANALYZER,13820,"Birmingham-Hoover, AL",33.553056,-86.815,POINT,177,NEIGHBORHOOD,500 M TO 4KM,SLAMS,"Jefferson County, AL  Department Of Health",OTHER,,NCORE,17.5,
2023-07-21,010730023,2,0.3,Parts per million,3,North Birmingham,24,100,42101,Carbon monoxide,093,INSTRUMENTAL - GAS FILTER CORRELATION CO ANALYZER,13820,"Birmingham-Hoover, AL",33.553056,-86.815,POINT,177,NEIGHBORHOOD,500 M TO 4KM,SLAMS,"Jefferson County, AL  Department Of Health",OTHER,,NCORE,17.5,
2023-07-22,010730023,2,0.2,Parts per million,2,North Birmingham,24,100,42101,Carbon monoxide,093,INSTRUMENTAL - GAS FILTER CORRELATION CO ANALYZER,13820,"Birmingham-Hoover, AL",33.553056,-86.815,POINT,177,NEIGHBORHOOD,500 M TO 4KM,SLAMS,"Jefferson County, AL  Department Of Health",OTHER,,NCORE,17.5,
2023-07-23,010730023,2,0.3,Parts per million,3,North Birmingham,24,100,42101,Carbon monoxide,093,INSTRUMENTAL - GAS FILTER CORRELATION CO ANALYZER,13820,"Birmingham-Hoover, AL",33.553056,-86.815,POINT,177,NEIGHBORHOOD,500 M TO 4KM,SLAMS,"Jefferson County, AL  Department Of Health",OTHER,,NCORE,17.5,
2023-07-24,010730023,2,0.3,Parts per million,3,North Birmingham,24,100,42101,Carbon monoxide,093,INSTRUMENTAL - GAS FILTER CORRELATION CO ANALYZER,13820,"Birmingham-Hoover, AL",33.553056,-86.815,POINT,177,NEIGHBORHOOD,500 M TO 4KM,SLAMS,"Jefferson County, AL  Department Of Health",OTHER,,NCORE,17.5,
2023-07-25,010730023,2,0.4,Parts per million,5,North Birmingham,24,100,42101,Carbon monoxide,093,INSTRUMENTAL - GAS FILTER CORRELATION CO ANALYZER,13820,"Birmingham-Hoover, AL",33.553056,-86.815,POINT,177,NEIGHBORHOOD,500 M TO 4KM,SLAMS,"Jefferson County, AL  Department Of Health",OTHER,,NCORE,17.5,
2023-07-26,010730023,2,0.4,Parts per million,5,North Birmingham,24,100,42101,Carbon monoxide,093,INSTRUMENTAL - GAS FILTER CORRELATION CO ANALYZER,13820,"Birmingham-Hoover, AL",33.553056,-86.815,POINT,177,NEIGHBORHOOD,500 M TO 4KM,SLAMS,"Jefferson County, AL  Department Of Health",OTHER,,NCORE,17.5,
2023-07-27,010730023,2,0.5,Parts per million,6,North Birmingham,24,100,42101,Carbon monoxide,093,INSTRUMENTAL - GAS FILTER CORRELATION CO ANALYZER,13820,"Birmingham-Hoover, AL",33.553056,-86.815,POINT,177,NEIGHBORHOOD,500 M TO 4KM,SLAMS,"Jefferson County, AL  Department Of Health",OTHER,,NCORE,17.5,
2023-07-28,010730023,2,0.5,Parts per million,6,North Birmingham,24,100,42101,Carbon monoxide,093,INSTRUMENTAL - GAS FILTER CORRELATION CO ANALYZER,13820,"Birmingham-Hoover, AL",33.553056,-86.815,POINT,177,NEIGHBORHOOD,500 M TO 4KM,SLAMS,"Jefferson County, AL  Department Of Health",OTHER,,NCORE,17.5,
2023-07-29,010730023,2,0.4,Parts per million,5,North Birmingham,24,100,42101,Carbon monoxide,093,INSTRUMENTAL - GAS FILTER CORRELATION CO ANALYZER,13820,"Birmingham-Hoover, AL",33.553056,-86.815,POINT,177,NEIGHBORHOOD,500 M TO 4KM,SLAMS,"Jefferson County, AL  Department Of Health",OTHER,,NCORE,17.5,
2023-07-30,010730023,2,0.4,Parts per million,5,North Birmingham,24,100,42101,Carbon monoxide,093,INSTRUMENTAL - GAS FILTER CORRELATION CO ANALYZER,13820,"Birmingham-Hoover, AL",33.553056,-86.815,POINT,177,NEIGHBORHOOD,500 M TO 4KM,SLAMS,"Jefferson County, AL  Department Of Health",OTHER,,NCORE,17.5,
2023-07-31,010730023,2,0.4,Parts per million,5,North Birmingham,24,100,42101,Carbon monoxide,093,INSTRUMENTAL - GAS FILTER CORRELATION CO ANALYZER,13820,"Birmingham-Hoover, AL",33.553056,-86.815,POINT,177,NEIGHBORHOOD,500 M TO 4KM,SLAMS,"Jefferson County, AL  Department Of Health",OTHER,,NCORE,17.5,
2023-08-01,010730023,2,0.3,Parts per million,3,North Birmingham,24,100,42101,Carbon monoxide,093,INSTRUMENTAL - GAS FILTER CORRELATION CO ANALYZER,13820,"Birmingham-Hoover, AL",33.553056,-86.815,POINT,177,NEIGHBORHOOD,500 M TO 4KM,SLAMS,"Jefferson County, AL  Department Of Health",OTHER,,NCORE,17.5,
2023-08-02,010730023,2,0.3,Parts per million,3,North Birmingham,15,63,42101,Carbon monoxide,093,INSTRUMENTAL - GAS FILTER CORRELATION CO ANALYZER,13820,"Birmingham-Hoover, AL",33.553056,-86.815,POINT,177,NEIGHBORHOOD,500 M TO 4KM,SLAMS,"Jefferson County, AL  Department Of Health",OTHER,,NCORE,17.5,
2023-08-03,010730023,2,0.3,Parts per million,3,North Birmingham,24,100,42101,Carbon monoxide,093,INSTRUMENTAL - GAS FILTER CORRELATION CO ANALYZER,13820,"Birmingham-Hoover, AL",33.553056,-86.815,POINT,177,NEIGHBORHOOD,500 M TO 4KM,SLAMS,"Jefferson County, AL  Department Of Health",OTHER,,NCORE,17.5,
2023-08-04,010730023,2,0.3,Parts per million,3,North Birmingham,24,100,42101,Carbon monoxide,093,INSTRUMENTAL - GAS FILTER CORRELATION CO ANALYZER,13820,"Birmingham-Hoover, AL",33.553056,-86.815,POINT,177,NEIGHBORHOOD,500 M TO 4KM,SLAMS,"Jefferson County, AL  Department Of Health",OTHER,,NCORE,17.5,
2023-08-05,010730023,2,0.3,Parts per million,3,North Birmingham,24,100,42101,Carbon monoxide,093,INSTRUMENTAL - GAS FILTER CORRELATION CO ANALYZER,13820,"Birmingham-Hoover, AL",33.553056,-86.815,POINT,177,NEIGHBORHOOD,500 M TO 4KM,SLAMS,"Jefferson County, AL  Department Of Health",OTHER,,NCORE,17.5,
2023-08-06,010730023,2,0.2,Parts per million,2,North Birmingham,24,100,42101,Carbon monoxide,093,INSTRUMENTAL - GAS FILTER CORRELATION CO ANALYZER,13820,"Birmingham-Hoover, AL",33.553056,-86.815,POINT,177,NEIGHBORHOOD,500 M TO 4KM,SLAMS,"Jefferson County, AL  Department Of Health",OTHER,,NCORE,17.5,
2023-08-07,010730023,2,0.3,Parts per million,3,North Birmingham,24,100,42101,Carbon monoxide,093,INSTRUMENTAL - GAS FILTER CORRELATION CO ANALYZER,13820,"Birmingham-Hoover, AL",33.553056,-86.815,POINT,177,NEIGHBORHOOD,500 M TO 4KM,SLAMS,"Jefferson County, AL  Department Of Health",OTHER,,NCORE,17.5,
2023-08-08,010730023,2,0.4,Parts per million,5,North Birmingham,24,100,42101,Carbon monoxide,093,INSTRUMENTAL - GAS FILTER CORRELATION CO ANALYZER,13820,"Birmingham-Hoover, AL",33.553056,-86.815,POINT,177,NEIGHBORHOOD,500 M TO 4KM,SLAMS,"Jefferson County, AL  Department Of Health",OTHER,,NCORE,17.5,
2023-08-09,010730023,2,0.4,Parts per million,5,North Birmingham,24,100,42101,Carbon monoxide,093,INSTRUMENTAL - GAS FILTER CORRELATION CO ANALYZER,13820,"Birmingham-Hoover, AL",33.553056,-86.815,POINT,177,NEIGHBORHOOD,500 M TO 4KM,SLAMS,"Jefferson County, AL  Department Of Health",OTHER,,NCORE,17.5,
2023-08-10,010730023,2,0.2,Parts per million,2,North Birmingham,24,100,42101,Carbon monoxide,093,INSTRUMENTAL - GAS FILTER CORRELATION CO ANALYZER,13820,"Birmingham-Hoover, AL",33.553056,-86.815,POINT,177,NEIGHBORHOOD,500 M TO 4KM,SLAMS,"Jefferson County, AL  Department Of Health",OTHER,,NCORE,17.5,
2023-08-11,010730023,2,0.3,Parts per million,3,North Birmingham,24,100,42101,Carbon monoxide,093,INSTRUMENTAL - GAS FILTER CORRELATION CO ANALYZER,13820,"Birmingham-Hoover, AL",33.553056,-86.815,POINT,177,NEIGHBORHOOD,500 M TO 4KM,SLAMS,"Jefferson County, AL  Department Of Health",OTHER,,NCORE,17.5,
2023-08-12,010730023,2,0.4,Parts per million,5,North Birmingham,24,100,42101,Carbon monoxide,093,INSTRUMENTAL - GAS FILTER CORRELATION CO ANALYZER,13820,"Birmingham-Hoover, AL",33.553056,-86.815,POINT,177,NEIGHBORHOOD,500 M TO 4KM,SLAMS,"Jefferson County, AL  Department Of Health",OTHER,,NCORE,17.5,
2023-08-13,010730023,2,0.3,Parts per million,3,North Birmingham,24,100,42101,Carbon monoxide,093,INSTRUMENTAL - GAS FILTER CORRELATION CO ANALYZER,13820,"Birmingham-Hoover, AL",33.553056,-86.815,POINT,177,NEIGHBORHOOD,500 M TO 4KM,SLAMS,"Jefferson County, AL  Department Of Health",OTHER,,NCORE,17.5,
2023-08-14,010730023,2,0.2,Parts per million,2,North Birmingham,24,100,42101,Carbon monoxide,093,INSTRUMENTAL - GAS FILTER CORRELATION CO ANALYZER,13820,"Birmingham-Hoover, AL",33.553056,-86.815,POINT,177,NEIGHBORHOOD,500 M TO 4KM,SLAMS,"Jefferson County, AL  Department Of Health",OTHER,,NCORE,17.5,
2023-08-15,010730023,2,0.2,Parts per million,2,North Birmingham,24,100,42101,Carbon monoxide,093,INSTRUMENTAL - GAS FILTER CORRELATION CO ANALYZER,13820,"Birmingham-Hoover, AL",33.553056,-86.815,POINT,177,NEIGHBORHOOD,500 M TO 4KM,SLAMS,"Jefferson County, AL  Department Of Health",OTHER,,NCORE,17.5,
2023-08-16,010730023,2,0.3,Parts per million,3,North Birmingham,24,100,42101,Carbon monoxide,093,INSTRUMENTAL - GAS FILTER CORRELATION CO ANALYZER,13820,"Birmingham-Hoover, AL",33.553056,-86.815,POINT,177,NEIGHBORHOOD,500 M TO 4KM,SLAMS,"Jefferson County, AL  Department Of Health",OTHER,,NCORE,17.5,
2023-08-17,010730023,2,0.4,Parts per million,5,North Birmingham,24,100,42101,Carbon monoxide,093,INSTRUMENTAL - GAS FILTER CORRELATION CO ANALYZER,13820,"Birmingham-Hoover, AL",33.553056,-86.815,POINT,177,NEIGHBORHOOD,500 M TO 4KM,SLAMS,"Jefferson County, AL  Department Of Health",OTHER,,NCORE,17.5,
2023-08-18,010730023,2,0.4,Parts per million,5,North Birmingham,15,63,42101,Carbon monoxide,093,INSTRUMENTAL - GAS FILTER CORRELATION CO ANALYZER,13820,"Birmingham-Hoover, AL",33.553056,-86.815,POINT,177,NEIGHBORHOOD,500 M TO 4KM,SLAMS,"Jefferson County, AL  Department Of Health",OTHER,,NCORE,17.5,
2023-08-19,010730023,2,0.4,Parts per million,5,North Birmingham,24,100,42101,Carbon monoxide,093,INSTRUMENTAL - GAS FILTER CORRELATION CO ANALYZER,13820,"Birmingham-Hoover, AL",33.553056,-86.815,POINT,177,NEIGHBORHOOD,500 M TO 4KM,SLAMS,"Jefferson County, AL  Department Of Health",OTHER,,NCORE,17.5,
2023-08-20,010730023,2,0.3,Parts per million,3,North Birmingham,24,100,42101,Carbon monoxide,093,INSTRUMENTAL - GAS FILTER CORRELATION CO ANALYZER,13820,"Birmingham-Hoover, AL",33.553056,-86.815,POINT,177,NEIGHBORHOOD,500 M TO 4KM,SLAMS,"Jefferson County, AL  Department Of Health",OTHER,,NCORE,17.5,
2023-08-21,010730023,2,0.3,Parts per million,3,North Birmingham,24,100,42101,Carbon monoxide,093,INSTRUMENTAL - GAS FILTER CORRELATION CO ANALYZER,13820,"Birmingham-Hoover, AL",33.553056,-86.815,POINT,177,NEIGHBORHOOD,500 M TO 4KM,SLAMS,"Jefferson County, AL  Department Of Health",OTHER,,NCORE,17.5,
2023-08-22,010730023,2,0.4,Parts per million,5,North Birmingham,24,100,42101,Carbon monoxide,093,INSTRUMENTAL - GAS FILTER CORRELATION CO ANALYZER,13820,"Birmingham-Hoover, AL",33.553056,-86.815,POINT,177,NEIGHBORHOOD,500 M TO 4KM,SLAMS,"Jefferson County, AL  Department Of Health",OTHER,,NCORE,17.5,
2023-08-23,010730023,2,0.3,Parts per million,3,North Birmingham,24,100,42101,Carbon monoxide,093,INSTRUMENTAL - GAS FILTER CORRELATION CO ANALYZER,13820,"Birmingham-Hoover, AL",33.553056,-86.815,POINT,177,NEIGHBORHOOD,500 M TO 4KM,SLAMS,"Jefferson County, AL  Department Of Health",OTHER,,NCORE,17.5,
2023-08-24,010730023,2,0.4,Parts per million,5,North Birmingham,24,100,42101,Carbon monoxide,093,INSTRUMENTAL - GAS FILTER CORRELATION CO ANALYZER,13820,"Birmingham-Hoover, AL",33.553056,-86.815,POINT,177,NEIGHBORHOOD,500 M TO 4KM,SLAMS,"Jefferson County, AL  Department Of Health",OTHER,,NCORE,17.5,
2023-08-25,010730023,2,0.4,Parts per million,5,North Birmingham,24,100,42101,Carbon monoxide,093,INSTRUMENTAL - GAS FILTER CORRELATION CO ANALYZER,13820,"Birmingham-Hoover, AL",33.553056,-86.815,POINT,177,NEIGHBORHOOD,500 M TO 4KM,SLAMS,"Jefferson County, AL  Department Of Health",OTHER,,NCORE,17.5,
2023-08-26,010730023,2,0.4,Parts per million,5,North Birmingham,24,100,42101,Carbon monoxide,093,INSTRUMENTAL - GAS FILTER CORRELATION CO ANALYZER,13820,"Birmingham-Hoover, AL",33.553056,-86.815,POINT,177,NEIGHBORHOOD,500 M TO 4KM,SLAMS,"Jefferson County, AL  Department Of Health",OTHER,,NCORE,17.5,
2023-08-27,010730023,2,0.3,Parts per million,3,North Birmingham,24,100,42101,Carbon monoxide,093,INSTRUMENTAL - GAS FILTER CORRELATION CO ANALYZER,13820,"Birmingham-Hoover, AL",33.553056,-86.815,POINT,177,NEIGHBORHOOD,500 M TO 4KM,SLAMS,"Jefferson County, AL  Department Of Health",OTHER,,NCORE,17.5,
2023-08-28,010730023,2,0.2,Parts per million,2,North Birmingham,24,100,42101,Carbon monoxide,093,INSTRUMENTAL - GAS FILTER CORRELATION CO ANALYZER,13820,"Birmingham-Hoover, AL",33.553056,-86.815,POINT,177,NEIGHBORHOOD,500 M TO 4KM,SLAMS,"Jefferson County, AL  Department Of Health",OTHER,,NCORE,17.5,
2023-08-29,010730023,2,0.2,Parts per million,2,North Birmingham,24,100,42101,Carbon monoxide,093,INSTRUMENTAL - GAS FILTER CORRELATION CO ANALYZER,13820,"Birmingham-Hoover, AL",33.553056,-86.815,POINT,177,NEIGHBORHOOD,500 M TO 4KM,SLAMS,"Jefferson County, AL  Department Of Health",OTHER,,NCORE,17.5,
2023-08-30,010730023,2,0.2,Parts per million,2,North Birmingham,24,100,42101,Carbon monoxide,093,INSTRUMENTAL - GAS FILTER CORRELATION CO ANALYZER,13820,"Birmingham-Hoover, AL",33.553056,-86.815,POINT,177,NEIGHBORHOOD,500 M TO 4KM,SLAMS,"Jefferson County, AL  Department Of Health",OTHER,,NCORE,17.5,
2023-08-31,010730023,2,0.3,Parts per million,3,North Birmingham,16,67,42101,Carbon monoxide,093,INSTRUMENTAL - GAS FILTER CORRELATION CO ANALYZER,13820,"Birmingham-Hoover, AL",33.553056,-86.815,POINT,177,NEIGHBORHOOD,500 M TO 4KM,SLAMS,"Jefferson County, AL  Department Of Health",OTHER,,NCORE,17.5,
2023-09-01,010730023,2,0.3,Parts per million,3,North Birmingham,24,100,42101,Carbon monoxide,093,INSTRUMENTAL - GAS FILTER CORRELATION CO ANALYZER,13820,"Birmingham-Hoover, AL",33.553056,-86.815,POINT,177,NEIGHBORHOOD,500 M TO 4KM,SLAMS,"Jefferson County, AL  Department Of Health",OTHER,,NCORE,17.5,
2023-09-02,010730023,2,0.3,Parts per million,3,North Birmingham,24,100,42101,Carbon monoxide,093,INSTRUMENTAL - GAS FILTER CORRELATION CO ANALYZER,13820,"Birmingham-Hoover, AL",33.553056,-86.815,POINT,177,NEIGHBORHOOD,500 M TO 4KM,SLAMS,"Jefferson County, AL  Department Of Health",OTHER,,NCORE,17.5,
2023-09-03,010730023,2,0.4,Parts per million,5,North Birmingham,24,100,42101,Carbon monoxide,093,INSTRUMENTAL - GAS FILTER CORRELATION CO ANALYZER,13820,"Birmingham-Hoover, AL",33.553056,-86.815,POINT,177,NEIGHBORHOOD,500 M TO 4KM,SLAMS,"Jefferson County, AL  Department Of Health",OTHER,,NCORE,17.5,
2023-09-04,010730023,2,0.3,Parts per million,3,North Birmingham,24,100,42101,Carbon monoxide,093,INSTRUMENTAL - GAS FILTER CORRELATION CO ANALYZER,13820,"Birmingham-Hoover, AL",33.553056,-86.815,POINT,177,NEIGHBORHOOD,500 M TO 4KM,SLAMS,"Jefferson County, AL  Department Of Health",OTHER,,NCORE,17.5,
2023-09-05,010730023,2,0.3,Parts per million,3,North Birmingham,24,100,42101,Carbon monoxide,093,INSTRUMENTAL - GAS FILTER CORRELATION CO ANALYZER,13820,"Birmingham-Hoover, AL",33.553056,-86.815,POINT,177,NEIGHBORHOOD,500 M TO 4KM,SLAMS,"Jefferson County, AL  Department Of Health",OTHER,,NCORE,17.5,
2023-09-06,010730023,2,0.3,Parts per million,3,North Birmingham,24,100,42101,Carbon monoxide,093,INSTRUMENTAL - GAS FILTER CORRELATION CO ANALYZER,13820,"Birmingham-Hoover, AL",33.553056,-86.815,POINT,177,NEIGHBORHOOD,500 M TO 4KM,SLAMS,"Jefferson County, AL  Department Of Health",OTHER,,NCORE,17.5,
2023-09-07,010730023,2,0.3,Parts per million,3,North Birmingham,24,100,42101,Carbon monoxide,093,INSTRUMENTAL - GAS FILTER CORRELATION CO ANALYZER,13820,"Birmingham-Hoover, AL",33.553056,-86.815,POINT,177,NEIGHBORHOOD,500 M TO 4KM,SLAMS,"Jefferson County, AL  Department Of Health",OTHER,,NCORE,17.5,
2023-09-08,010730023,2,0.4,Parts per million,5,North Birmingham,24,100,42101,Carbon monoxide,093,INSTRUMENTAL - GAS FILTER CORRELATION CO ANALYZER,13820,"Birmingham-Hoover, AL",33.553056,-86.815,POINT,177,NEIGHBORHOOD,500 M TO 4KM,SLAMS,"Jefferson County, AL  Department Of Health",OTHER,,NCORE,17.5,
2023-09-09,010730023,2,0.4,Parts per million,5,North Birmingham,24,100,42101,Carbon monoxide,093,INSTRUMENTAL - GAS FILTER CORRELATION CO ANALYZER,13820,"Birmingham-Hoover, AL",33.553056,-86.815,POINT,177,NEIGHBORHOOD,500 M TO 4KM,SLAMS,"Jefferson County, AL  Department Of Health",OTHER,,NCORE,17.5,
2023-09-10,010730023,2,0.3,Parts per million,3,North Birmingham,24,100,42101,Carbon monoxide,093,INSTRUMENTAL - GAS FILTER CORRELATION CO ANALYZER,13820,"Birmingham-Hoover, AL",33.553056,-86.815,POINT,177,NEIGHBORHOOD,500 M TO 4KM,SLAMS,"Jefferson County, AL  Department Of Health",OTHER,,NCORE,17.5,
2023-09-11,010730023,2,0.4,Parts per million,5,North Birmingham,24,100,42101,Carbon monoxide,093,INSTRUMENTAL - GAS FILTER CORRELATION CO ANALYZER,13820,"Birmingham-Hoover, AL",33.553056,-86.815,POINT,177,NEIGHBORHOOD,500 M TO 4KM,SLAMS,"Jefferson County, AL  Department Of Health",OTHER,,NCORE,17.5,
2023-09-12,010730023,2,0.5,Parts per million,6,North Birmingham,24,100,42101,Carbon monoxide,093,INSTRUMENTAL - GAS FILTER CORRELATION CO ANALYZER,13820,"Birmingham-Hoover, AL",33.553056,-86.815,POINT,177,NEIGHBORHOOD,500 M TO 4KM,SLAMS,"Jefferson County, AL  Department Of Health",OTHER,,NCORE,17.5,
2023-09-13,010730023,2,0.2,Parts per million,2,North Birmingham,24,100,42101,Carbon monoxide,093,INSTRUMENTAL - GAS FILTER CORRELATION CO ANALYZER,13820,"Birmingham-Hoover, AL",33.553056,-86.815,POINT,177,NEIGHBORHOOD,500 M TO 4KM,SLAMS,"Jefferson County, AL  Department Of Health",OTHER,,NCORE,17.5,
2023-09-14,010730023,2,0.3,Parts per million,3,North Birmingham,24,100,42101,Carbon monoxide,093,INSTRUMENTAL - GAS FILTER CORRELATION CO ANALYZER,13820,"Birmingham-Hoover, AL",33.553056,-86.815,POINT,177,NEIGHBORHOOD,500 M TO 4KM,SLAMS,"Jefferson County, AL  Department Of Health",OTHER,,NCORE,17.5,
2023-09-15,010730023,2,0.3,Parts per million,3,North Birmingham,24,100,42101,Carbon monoxide,093,INSTRUMENTAL - GAS FILTER CORRELATION CO ANALYZER,13820,"Birmingham-Hoover, AL",33.553056,-86.815,POINT,177,NEIGHBORHOOD,500 M TO 4KM,SLAMS,"Jefferson County, AL  Department Of Health",OTHER,,NCORE,17.5,
2023-09-16,010730023,2,0.2,Parts per million,2,North Birmingham,24,100,42101,Carbon monoxide,093,INSTRUMENTAL - GAS FILTER CORRELATION CO ANALYZER,13820,"Birmingham-Hoover, AL",33.553056,-86.815,POINT,177,NEIGHBORHOOD,500 M TO 4KM,SLAMS,"Jefferson County, AL  Department Of Health",OTHER,,NCORE,17.5,
2023-09-17,010730023,2,0.3,Parts per million,3,North Birmingham,24,100,42101,Carbon monoxide,093,INSTRUMENTAL - GAS FILTER CORRELATION CO ANALYZER,13820,"Birmingham-Hoover, AL",33.553056,-86.815,POINT,177,NEIGHBORHOOD,500 M TO 4KM,SLAMS,"Jefferson County, AL  Department Of Health",OTHER,,NCORE,17.5,
2023-09-18,010730023,2,0.3,Parts per million,3,North Birmingham,24,100,42101,Carbon monoxide,093,INSTRUMENTAL - GAS FILTER CORRELATION CO ANALYZER,13820,"Birmingham-Hoover, AL",33.553056,-86.815,POINT,177,NEIGHBORHOOD,500 M TO 4KM,SLAMS,"Jefferson County, AL  Department Of Health",OTHER,,NCORE,17.5,
2023-09-19,010730023,2,0.3,Parts per million,3,North Birmingham,24,100,42101,Carbon monoxide,093,INSTRUMENTAL - GAS FILTER CORRELATION CO ANALYZER,13820,"Birmingham-Hoover, AL",33.553056,-86.815,POINT,177,NEIGHBORHOOD,500 M TO 4KM,SLAMS,"Jefferson County, AL  Department Of Health",OTHER,,NCORE,17.5,
2023-09-20,010730023,2,0.3,Parts per million,3,North Birmingham,24,100,42101,Carbon monoxide,093,INSTRUMENTAL - GAS FILTER CORRELATION CO ANALYZER,13820,"Birmingham-Hoover, AL",33.553056,-86.815,POINT,177,NEIGHBORHOOD,500 M TO 4KM,SLAMS,"Jefferson County, AL  Department Of Health",OTHER,,NCORE,17.5,
2023-09-21,010730023,2,0.3,Parts per million,3,North Birmingham,24,100,42101,Carbon monoxide,093,INSTRUMENTAL - GAS FILTER CORRELATION CO ANALYZER,13820,"Birmingham-Hoover, AL",33.553056,-86.815,POINT,177,NEIGHBORHOOD,500 M TO 4KM,SLAMS,"Jefferson County, AL  Department Of Health",OTHER,,NCORE,17.5,
2023-09-22,010730023,2,0.4,Parts per million,5,North Birmingham,24,100,42101,Carbon monoxide,093,INSTRUMENTAL - GAS FILTER CORRELATION CO ANALYZER,13820,"Birmingham-Hoover, AL",33.553056,-86.815,POINT,177,NEIGHBORHOOD,500 M TO 4KM,SLAMS,"Jefferson County, AL  Department Of Health",OTHER,,NCORE,17.5,
2023-09-23,010730023,2,0.5,Parts per million,6,North Birmingham,24,100,42101,Carbon monoxide,093,INSTRUMENTAL - GAS FILTER CORRELATION CO ANALYZER,13820,"Birmingham-Hoover, AL",33.553056,-86.815,POINT,177,NEIGHBORHOOD,500 M TO 4KM,SLAMS,"Jefferson County, AL  Department Of Health",OTHER,,NCORE,17.5,
2023-09-24,010730023,2,0.5,Parts per million,6,North Birmingham,24,100,42101,Carbon monoxide,093,INSTRUMENTAL - GAS FILTER CORRELATION CO ANALYZER,13820,"Birmingham-Hoover, AL",33.553056,-86.815,POINT,177,NEIGHBORHOOD,500 M TO 4KM,SLAMS,"Jefferson County, AL  Department Of Health",OTHER,,NCORE,17.5,
2023-09-25,010730023,2,0.4,Parts per million,5,North Birmingham,24,100,42101,Carbon monoxide,093,INSTRUMENTAL - GAS FILTER CORRELATION CO ANALYZER,13820,"Birmingham-Hoover, AL",33.553056,-86.815,POINT,177,NEIGHBORHOOD,500 M TO 4KM,SLAMS,"Jefferson County, AL  Department Of Health",OTHER,,NCORE,17.5,
2023-09-26,010730023,2,0.4,Parts per million,5,North Birmingham,24,100,42101,Carbon monoxide,093,INSTRUMENTAL - GAS FILTER CORRELATION CO ANALYZER,13820,"Birmingham-Hoover, AL",33.553056,-86.815,POINT,177,NEIGHBORHOOD,500 M TO 4KM,SLAMS,"Jefferson County, AL  Department Of Health",OTHER,,NCORE,17.5,
2023-09-27,010730023,2,0.2,Parts per million,2,North Birmingham,24,100,42101,Carbon monoxide,093,INSTRUMENTAL - GAS FILTER CORRELATION CO ANALYZER,13820,"Birmingham-Hoover, AL",33.553056,-86.815,POINT,177,NEIGHBORHOOD,500 M TO 4KM,SLAMS,"Jefferson County, AL  Department Of Health",OTHER,,NCORE,17.5,
2023-09-28,010730023,2,0.3,Parts per million,3,North Birmingham,16,67,42101,Carbon monoxide,093,INSTRUMENTAL - GAS FILTER CORRELATION CO ANALYZER,13820,"Birmingham-Hoover, AL",33.553056,-86.815,POINT,177,NEIGHBORHOOD,500 M TO 4KM,SLAMS,"Jefferson County, AL  Department Of Health",OTHER,,NCORE,17.5,
2023-09-29,010730023,2,0.4,Parts per million,5,North Birmingham,24,100,42101,Carbon monoxide,093,INSTRUMENTAL - GAS FILTER CORRELATION CO ANALYZER,13820,"Birmingham-Hoover, AL",33.553056,-86.815,POINT,177,NEIGHBORHOOD,500 M TO 4KM,SLAMS,"Jefferson County, AL  Department Of Health",OTHER,,NCORE,17.5,
2023-09-30,010730023,2,0.3,Parts per million,3,North Birmingham,24,100,42101,Carbon monoxide,093,INSTRUMENTAL - GAS FILTER CORRELATION CO ANALYZER,13820,"Birmingham-Hoover, AL",33.553056,-86.815,POINT,177,NEIGHBORHOOD,500 M TO 4KM,SLAMS,"Jefferson County, AL  Department Of Health",OTHER,,NCORE,17.5,
2023-10-01,010730023,2,0.4,Parts per million,5,North Birmingham,24,100,42101,Carbon monoxide,093,INSTRUMENTAL - GAS FILTER CORRELATION CO ANALYZER,13820,"Birmingham-Hoover, AL",33.553056,-86.815,POINT,177,NEIGHBORHOOD,500 M TO 4KM,SLAMS,"Jefferson County, AL  Department Of Health",OTHER,,NCORE,17.5,
2023-10-02,010730023,2,0.3,Parts per million,3,North Birmingham,24,100,42101,Carbon monoxide,093,INSTRUMENTAL - GAS FILTER CORRELATION CO ANALYZER,13820,"Birmingham-Hoover, AL",33.553056,-86.815,POINT,177,NEIGHBORHOOD,500 M TO 4KM,SLAMS,"Jefferson County, AL  Department Of Health",OTHER,,NCORE,17.5,
2023-10-03,010730023,2,0.4,Parts per million,5,North Birmingham,24,100,42101,Carbon monoxide,093,INSTRUMENTAL - GAS FILTER CORRELATION CO ANALYZER,13820,"Birmingham-Hoover, AL",33.553056,-86.815,POINT,177,NEIGHBORHOOD,500 M TO 4KM,SLAMS,"Jefferson County, AL  Department Of Health",OTHER,,NCORE,17.5,
2023-10-04,010730023,2,0.4,Parts per million,5,North Birmingham,24,100,42101,Carbon monoxide,093,INSTRUMENTAL - GAS FILTER CORRELATION CO ANALYZER,13820,"Birmingham-Hoover, AL",33.553056,-86.815,POINT,177,NEIGHBORHOOD,500 M TO 4KM,SLAMS,"Jefferson County, AL  Department Of Health",OTHER,,NCORE,17.5,
2023-10-05,010730023,2,0.3,Parts per million,3,North Birmingham,24,100,42101,Carbon monoxide,093,INSTRUMENTAL - GAS FILTER CORRELATION CO ANALYZER,13820,"Birmingham-Hoover, AL",33.553056,-86.815,POINT,177,NEIGHBORHOOD,500 M TO 4KM,SLAMS,"Jefferson County, AL  Department Of Health",OTHER,,NCORE,17.5,
2023-10-06,010730023,2,0.4,Parts per million,5,North Birmingham,24,100,42101,Carbon monoxide,093,INSTRUMENTAL - GAS FILTER CORRELATION CO ANALYZER,13820,"Birmingham-Hoover, AL",33.553056,-86.815,POINT,177,NEIGHBORHOOD,500 M TO 4KM,SLAMS,"Jefferson County, AL  Department Of Health",OTHER,,NCORE,17.5,
2023-10-07,010730023,2,0.4,Parts per million,5,North Birmingham,24,100,42101,Carbon monoxide,093,INSTRUMENTAL - GAS FILTER CORRELATION CO ANALYZER,13820,"Birmingham-Hoover, AL",33.553056,-86.815,POINT,177,NEIGHBORHOOD,500 M TO 4KM,SLAMS,"Jefferson County, AL  Department Of Health",OTHER,,NCORE,17.5,
2023-10-08,010730023,2,0.4,Parts per million,5,North Birmingham,24,100,42101,Carbon monoxide,093,INSTRUMENTAL - GAS FILTER CORRELATION CO ANALYZER,13820,"Birmingham-Hoover, AL",33.553056,-86.815,POINT,177,NEIGHBORHOOD,500 M TO 4KM,SLAMS,"Jefferson County, AL  Department Of Health",OTHER,,NCORE,17.5,
2023-10-09,010730023,2,0.5,Parts per million,6,North Birmingham,24,100,42101,Carbon monoxide,093,INSTRUMENTAL - GAS FILTER CORRELATION CO ANALYZER,13820,"Birmingham-Hoover, AL",33.553056,-86.815,POINT,177,NEIGHBORHOOD,500 M TO 4KM,SLAMS,"Jefferson County, AL  Department Of Health",OTHER,,NCORE,17.5,
2023-10-10,010730023,2,0.3,Parts per million,3,North Birmingham,24,100,42101,Carbon monoxide,093,INSTRUMENTAL - GAS FILTER CORRELATION CO ANALYZER,13820,"Birmingham-Hoover, AL",33.553056,-86.815,POINT,177,NEIGHBORHOOD,500 M TO 4KM,SLAMS,"Jefferson County, AL  Department Of Health",OTHER,,NCORE,17.5,
2023-10-11,010730023,2,0.6,Parts per million,7,North Birmingham,24,100,42101,Carbon monoxide,093,INSTRUMENTAL - GAS FILTER CORRELATION CO ANALYZER,13820,"Birmingham-Hoover, AL",33.553056,-86.815,POINT,177,NEIGHBORHOOD,500 M TO 4KM,SLAMS,"Jefferson County, AL  Department Of Health",OTHER,,NCORE,17.5,
2023-10-12,010730023,2,0.2,Parts per million,2,North Birmingham,16,67,42101,Carbon monoxide,093,INSTRUMENTAL - GAS FILTER CORRELATION CO ANALYZER,13820,"Birmingham-Hoover, AL",33.553056,-86.815,POINT,177,NEIGHBORHOOD,500 M TO 4KM,SLAMS,"Jefferson County, AL  Department Of Health",OTHER,,NCORE,17.5,
2023-10-13,010730023,2,0.3,Parts per million,3,North Birmingham,24,100,42101,Carbon monoxide,093,INSTRUMENTAL - GAS FILTER CORRELATION CO ANALYZER,13820,"Birmingham-Hoover, AL",33.553056,-86.815,POINT,177,NEIGHBORHOOD,500 M TO 4KM,SLAMS,"Jefferson County, AL  Department Of Health",OTHER,,NCORE,17.5,
2023-10-14,010730023,2,0.3,Parts per million,3,North Birmingham,24,100,42101,Carbon monoxide,093,INSTRUMENTAL - GAS FILTER CORRELATION CO ANALYZER,13820,"Birmingham-Hoover, AL",33.553056,-86.815,POINT,177,NEIGHBORHOOD,500 M TO 4KM,SLAMS,"Jefferson County, AL  Department Of Health",OTHER,,NCORE,17.5,
2023-10-15,010730023,2,0.2,Parts per million,2,North Birmingham,24,100,42101,Carbon monoxide,093,INSTRUMENTAL - GAS FILTER CORRELATION CO ANALYZER,13820,"Birmingham-Hoover, AL",33.553056,-86.815,POINT,177,NEIGHBORHOOD,500 M TO 4KM,SLAMS,"Jefferson County, AL  Department Of Health",OTHER,,NCORE,17.5,
2023-10-16,010730023,2,0.2,Parts per million,2,North Birmingham,24,100,42101,Carbon monoxide,093,INSTRUMENTAL - GAS FILTER CORRELATION CO ANALYZER,13820,"Birmingham-Hoover, AL",33.553056,-86.815,POINT,177,NEIGHBORHOOD,500 M TO 4KM,SLAMS,"Jefferson County, AL  Department Of Health",OTHER,,NCORE,17.5,
2023-10-17,010730023,2,0.2,Parts per million,2,North Birmingham,24,100,42101,Carbon monoxide,093,INSTRUMENTAL - GAS FILTER CORRELATION CO ANALYZER,13820,"Birmingham-Hoover, AL",33.553056,-86.815,POINT,177,NEIGHBORHOOD,500 M TO 4KM,SLAMS,"Jefferson County, AL  Department Of Health",OTHER,,NCORE,17.5,
2023-10-18,010730023,2,0.3,Parts per million,3,North Birmingham,24,100,42101,Carbon monoxide,093,INSTRUMENTAL - GAS FILTER CORRELATION CO ANALYZER,13820,"Birmingham-Hoover, AL",33.553056,-86.815,POINT,177,NEIGHBORHOOD,500 M TO 4KM,SLAMS,"Jefferson County, AL  Department Of Health",OTHER,,NCORE,17.5,
2023-10-19,010730023,2,0.4,Parts per million,5,North Birmingham,24,100,42101,Carbon monoxide,093,INSTRUMENTAL - GAS FILTER CORRELATION CO ANALYZER,13820,"Birmingham-Hoover, AL",33.553056,-86.815,POINT,177,NEIGHBORHOOD,500 M TO 4KM,SLAMS,"Jefferson County, AL  Department Of Health",OTHER,,NCORE,17.5,
2023-10-20,010730023,2,0.3,Parts per million,3,North Birmingham,24,100,42101,Carbon monoxide,093,INSTRUMENTAL - GAS FILTER CORRELATION CO ANALYZER,13820,"Birmingham-Hoover, AL",33.553056,-86.815,POINT,177,NEIGHBORHOOD,500 M TO 4KM,SLAMS,"Jefferson County, AL  Department Of Health",OTHER,,NCORE,17.5,
2023-10-21,010730023,2,0.5,Parts per million,6,North Birmingham,24,100,42101,Carbon monoxide,093,INSTRUMENTAL - GAS FILTER CORRELATION CO ANALYZER,13820,"Birmingham-Hoover, AL",33.553056,-86.815,POINT,177,NEIGHBORHOOD,500 M TO 4KM,SLAMS,"Jefferson County, AL  Department Of Health",OTHER,,NCORE,17.5,
2023-10-22,010730023,2,0.5,Parts per million,6,North Birmingham,24,100,42101,Carbon monoxide,093,INSTRUMENTAL - GAS FILTER CORRELATION CO ANALYZER,13820,"Birmingham-Hoover, AL",33.553056,-86.815,POINT,177,NEIGHBORHOOD,500 M TO 4KM,SLAMS,"Jefferson County, AL  Department Of Health",OTHER,,NCORE,17.5,
2023-10-23,010730023,2,0.4,Parts per million,5,North Birmingham,24,100,42101,Carbon monoxide,093,INSTRUMENTAL - GAS FILTER CORRELATION CO ANALYZER,13820,"Birmingham-Hoover, AL",33.553056,-86.815,POINT,177,NEIGHBORHOOD,500 M TO 4KM,SLAMS,"Jefferson County, AL  Department Of Health",OTHER,,NCORE,17.5,
2023-10-24,010730023,2,0.3,Parts per million,3,North Birmingham,24,100,42101,Carbon monoxide,093,INSTRUMENTAL - GAS FILTER CORRELATION CO ANALYZER,13820,"Birmingham-Hoover, AL",33.553056,-86.815,POINT,177,NEIGHBORHOOD,500 M TO 4KM,SLAMS,"Jefferson County, AL  Department Of Health",OTHER,,NCORE,17.5,
2023-10-25,010730023,2,0.3,Parts per million,3,North Birmingham,24,100,42101,Carbon monoxide,093,INSTRUMENTAL - GAS FILTER CORRELATION CO ANALYZER,13820,"Birmingham-Hoover, AL",33.553056,-86.815,POINT,177,NEIGHBORHOOD,500 M TO 4KM,SLAMS,"Jefferson County, AL  Department Of Health",OTHER,,NCORE,17.5,
2023-10-26,010730023,2,0.3,Parts per million,3,North Birmingham,18,75,42101,Carbon monoxide,093,INSTRUMENTAL - GAS FILTER CORRELATION CO ANALYZER,13820,"Birmingham-Hoover, AL",33.553056,-86.815,POINT,177,NEIGHBORHOOD,500 M TO 4KM,SLAMS,"Jefferson County, AL  Department Of Health",OTHER,,NCORE,17.5,
2023-10-27,010730023,2,0.2,Parts per million,2,North Birmingham,16,67,42101,Carbon monoxide,093,INSTRUMENTAL - GAS FILTER CORRELATION CO ANALYZER,13820,"Birmingham-Hoover, AL",33.553056,-86.815,POINT,177,NEIGHBORHOOD,500 M TO 4KM,SLAMS,"Jefferson County, AL  Department Of Health",OTHER,,NCORE,17.5,
2023-10-28,010730023,2,0.2,Parts per million,2,North Birmingham,24,100,42101,Carbon monoxide,093,INSTRUMENTAL - GAS FILTER CORRELATION CO ANALYZER,13820,"Birmingham-Hoover, AL",33.553056,-86.815,POINT,177,NEIGHBORHOOD,500 M TO 4KM,SLAMS,"Jefferson County, AL  Department Of Health",OTHER,,NCORE,17.5,
2023-10-29,010730023,2,0.4,Parts per million,5,North Birmingham,24,100,42101,Carbon monoxide,093,INSTRUMENTAL - GAS FILTER CORRELATION CO ANALYZER,13820,"Birmingham-Hoover, AL",33.553056,-86.815,POINT,177,NEIGHBORHOOD,500 M TO 4KM,SLAMS,"Jefferson County, AL  Department Of Health",OTHER,,NCORE,17.5,
2023-10-30,010730023,2,0.5,Parts per million,6,North Birmingham,24,100,42101,Carbon monoxide,093,INSTRUMENTAL - GAS FILTER CORRELATION CO ANALYZER,13820,"Birmingham-Hoover, AL",33.553056,-86.815,POINT,177,NEIGHBORHOOD,500 M TO 4KM,SLAMS,"Jefferson County, AL  Department Of Health",OTHER,,NCORE,17.5,
2023-10-31,010730023,2,0.2,Parts per million,2,North Birmingham,24,100,42101,Carbon monoxide,093,INSTRUMENTAL - GAS FILTER CORRELATION CO ANALYZER,13820,"Birmingham-Hoover, AL",33.553056,-86.815,POINT,177,NEIGHBORHOOD,500 M TO 4KM,SLAMS,"Jefferson County, AL  Department Of Health",OTHER,,NCORE,17.5,
2023-11-01,010730023,2,0.4,Parts per million,5,North Birmingham,24,100,42101,Carbon monoxide,093,INSTRUMENTAL - GAS FILTER CORRELATION CO ANALYZER,13820,"Birmingham-Hoover, AL",33.553056,-86.815,POINT,177,NEIGHBORHOOD,500 M TO 4KM,SLAMS,"Jefferson County, AL  Department Of Health",OTHER,,NCORE,17.5,
2023-11-02,010730023,2,0.4,Parts per million,5,North Birmingham,24,100,42101,Carbon monoxide,093,INSTRUMENTAL - GAS FILTER CORRELATION CO ANALYZER,13820,"Birmingham-Hoover, AL",33.553056,-86.815,POINT,177,NEIGHBORHOOD,500 M TO 4KM,SLAMS,"Jefferson County, AL  Department Of Health",OTHER,,NCORE,17.5,
2023-11-03,010730023,2,0.5,Parts per million,6,North Birmingham,24,100,42101,Carbon monoxide,093,INSTRUMENTAL - GAS FILTER CORRELATION CO ANALYZER,13820,"Birmingham-Hoover, AL",33.553056,-86.815,POINT,177,NEIGHBORHOOD,500 M TO 4KM,SLAMS,"Jefferson County, AL  Department Of Health",OTHER,,NCORE,17.5,
2023-11-04,010730023,2,0.6,Parts per million,7,North Birmingham,24,100,42101,Carbon monoxide,093,INSTRUMENTAL - GAS FILTER CORRELATION CO ANALYZER,13820,"Birmingham-Hoover, AL",33.553056,-86.815,POINT,177,NEIGHBORHOOD,500 M TO 4KM,SLAMS,"Jefferson County, AL  Department Of Health",OTHER,,NCORE,17.5,
2023-11-05,010730023,2,0.6,Parts per million,7,North Birmingham,24,100,42101,Carbon monoxide,093,INSTRUMENTAL - GAS FILTER CORRELATION CO ANALYZER,13820,"Birmingham-Hoover, AL",33.553056,-86.815,POINT,177,NEIGHBORHOOD,500 M TO 4KM,SLAMS,"Jefferson County, AL  Department Of Health",OTHER,,NCORE,17.5,
2023-11-06,010730023,2,0.5,Parts per million,6,North Birmingham,24,100,42101,Carbon monoxide,093,INSTRUMENTAL - GAS FILTER CORRELATION CO ANALYZER,13820,"Birmingham-Hoover, AL",33.553056,-86.815,POINT,177,NEIGHBORHOOD,500 M TO 4KM,SLAMS,"Jefferson County, AL  Department Of Health",OTHER,,NCORE,17.5,
2023-11-07,010730023,2,0.6,Parts per million,7,North Birmingham,24,100,42101,Carbon monoxide,093,INSTRUMENTAL - GAS FILTER CORRELATION CO ANALYZER,13820,"Birmingham-Hoover, AL",33.553056,-86.815,POINT,177,NEIGHBORHOOD,500 M TO 4KM,SLAMS,"Jefferson County, AL  Department Of Health",OTHER,,NCORE,17.5,
2023-11-08,010730023,2,0.6,Parts per million,7,North Birmingham,24,100,42101,Carbon monoxide,093,INSTRUMENTAL - GAS FILTER CORRELATION CO ANALYZER,13820,"Birmingham-Hoover, AL",33.553056,-86.815,POINT,177,NEIGHBORHOOD,500 M TO 4KM,SLAMS,"Jefferson County, AL  Department Of Health",OTHER,,NCORE,17.5,
2023-11-09,010730023,2,0.2,Parts per million,2,North Birmingham,11,46,42101,Carbon monoxide,093,INSTRUMENTAL - GAS FILTER CORRELATION CO ANALYZER,13820,"Birmingham-Hoover, AL",33.553056,-86.815,POINT,177,NEIGHBORHOOD,500 M TO 4KM,SLAMS,"Jefferson County, AL  Department Of Health",OTHER,,NCORE,17.5,
2023-11-13,010730023,2,0.4,Parts per million,5,North Birmingham,6,25,42101,Carbon monoxide,093,INSTRUMENTAL - GAS FILTER CORRELATION CO ANALYZER,13820,"Birmingham-Hoover, AL",33.553056,-86.815,POINT,177,NEIGHBORHOOD,500 M TO 4KM,SLAMS,"Jefferson County, AL  Department Of Health",OTHER,,NCORE,17.5,
2023-11-14,010730023,2,0.4,Parts per million,5,North Birmingham,24,100,42101,Carbon monoxide,093,INSTRUMENTAL - GAS FILTER CORRELATION CO ANALYZER,13820,"Birmingham-Hoover, AL",33.553056,-86.815,POINT,177,NEIGHBORHOOD,500 M TO 4KM,SLAMS,"Jefferson County, AL  Department Of Health",OTHER,,NCORE,17.5,
2023-11-15,010730023,2,0.2,Parts per million,2,North Birmingham,24,100,42101,Carbon monoxide,093,INSTRUMENTAL - GAS FILTER CORRELATION CO ANALYZER,13820,"Birmingham-Hoover, AL",33.553056,-86.815,POINT,177,NEIGHBORHOOD,500 M TO 4KM,SLAMS,"Jefferson County, AL  Department Of Health",OTHER,,NCORE,17.5,
2023-11-16,010730023,2,0.4,Parts per million,5,North Birmingham,24,100,42101,Carbon monoxide,093,INSTRUMENTAL - GAS FILTER CORRELATION CO ANALYZER,13820,"Birmingham-Hoover, AL",33.553056,-86.815,POINT,177,NEIGHBORHOOD,500 M TO 4KM,SLAMS,"Jefferson County, AL  Department Of Health",OTHER,,NCORE,17.5,
2023-11-17,010730023,2,0.4,Parts per million,5,North Birmingham,24,100,42101,Carbon monoxide,093,INSTRUMENTAL - GAS FILTER CORRELATION CO ANALYZER,13820,"Birmingham-Hoover, AL",33.553056,-86.815,POINT,177,NEIGHBORHOOD,500 M TO 4KM,SLAMS,"Jefferson County, AL  Department Of Health",OTHER,,NCORE,17.5,
2023-11-18,010730023,2,0.2,Parts per million,2,North Birmingham,24,100,42101,Carbon monoxide,093,INSTRUMENTAL - GAS FILTER CORRELATION CO ANALYZER,13820,"Birmingham-Hoover, AL",33.553056,-86.815,POINT,177,NEIGHBORHOOD,500 M TO 4KM,SLAMS,"Jefferson County, AL  Department Of Health",OTHER,,NCORE,17.5,
2023-11-19,010730023,2,0.5,Parts per million,6,North Birmingham,24,100,42101,Carbon monoxide,093,INSTRUMENTAL - GAS FILTER CORRELATION CO ANALYZER,13820,"Birmingham-Hoover, AL",33.553056,-86.815,POINT,177,NEIGHBORHOOD,500 M TO 4KM,SLAMS,"Jefferson County, AL  Department Of Health",OTHER,,NCORE,17.5,
2023-11-20,010730023,2,0.5,Parts per million,6,North Birmingham,24,100,42101,Carbon monoxide,093,INSTRUMENTAL - GAS FILTER CORRELATION CO ANALYZER,13820,"Birmingham-Hoover, AL",33.553056,-86.815,POINT,177,NEIGHBORHOOD,500 M TO 4KM,SLAMS,"Jefferson County, AL  Department Of Health",OTHER,,NCORE,17.5,
2023-11-21,010730023,2,0.2,Parts per million,2,North Birmingham,24,100,42101,Carbon monoxide,093,INSTRUMENTAL - GAS FILTER CORRELATION CO ANALYZER,13820,"Birmingham-Hoover, AL",33.553056,-86.815,POINT,177,NEIGHBORHOOD,500 M TO 4KM,SLAMS,"Jefferson County, AL  Department Of Health",OTHER,,NCORE,17.5,
2023-11-22,010730023,2,0.2,Parts per million,2,North Birmingham,15,63,42101,Carbon monoxide,093,INSTRUMENTAL - GAS FILTER CORRELATION CO ANALYZER,13820,"Birmingham-Hoover, AL",33.553056,-86.815,POINT,177,NEIGHBORHOOD,500 M TO 4KM,SLAMS,"Jefferson County, AL  Department Of Health",OTHER,,NCORE,17.5,
2023-11-23,010730023,2,0.4,Parts per million,5,North Birmingham,24,100,42101,Carbon monoxide,093,INSTRUMENTAL - GAS FILTER CORRELATION CO ANALYZER,13820,"Birmingham-Hoover, AL",33.553056,-86.815,POINT,177,NEIGHBORHOOD,500 M TO 4KM,SLAMS,"Jefferson County, AL  Department Of Health",OTHER,,NCORE,17.5,
2023-11-24,010730023,2,0.4,Parts per million,5,North Birmingham,24,100,42101,Carbon monoxide,093,INSTRUMENTAL - GAS FILTER CORRELATION CO ANALYZER,13820,"Birmingham-Hoover, AL",33.553056,-86.815,POINT,177,NEIGHBORHOOD,500 M TO 4KM,SLAMS,"Jefferson County, AL  Department Of Health",OTHER,,NCORE,17.5,
2023-11-25,010730023,2,0.4,Parts per million,5,North Birmingham,24,100,42101,Carbon monoxide,093,INSTRUMENTAL - GAS FILTER CORRELATION CO ANALYZER,13820,"Birmingham-Hoover, AL",33.553056,-86.815,POINT,177,NEIGHBORHOOD,500 M TO 4KM,SLAMS,"Jefferson County, AL  Department Of Health",OTHER,,NCORE,17.5,
2023-11-26,010730023,2,0.4,Parts per million,5,North Birmingham,24,100,42101,Carbon monoxide,093,INSTRUMENTAL - GAS FILTER CORRELATION CO ANALYZER,13820,"Birmingham-Hoover, AL",33.553056,-86.815,POINT,177,NEIGHBORHOOD,500 M TO 4KM,SLAMS,"Jefferson County, AL  Department Of Health",OTHER,,NCORE,17.5,
2023-11-27,010730023,2,0.2,Parts per million,2,North Birmingham,24,100,42101,Carbon monoxide,093,INSTRUMENTAL - GAS FILTER CORRELATION CO ANALYZER,13820,"Birmingham-Hoover, AL",33.553056,-86.815,POINT,177,NEIGHBORHOOD,500 M TO 4KM,SLAMS,"Jefferson County, AL  Department Of Health",OTHER,,NCORE,17.5,
2023-11-28,010730023,2,0.3,Parts per million,3,North Birmingham,24,100,42101,Carbon monoxide,093,INSTRUMENTAL - GAS FILTER CORRELATION CO ANALYZER,13820,"Birmingham-Hoover, AL",33.553056,-86.815,POINT,177,NEIGHBORHOOD,500 M TO 4KM,SLAMS,"Jefferson County, AL  Department Of Health",OTHER,,NCORE,17.5,
2023-11-29,010730023,2,0.6,Parts per million,7,North Birmingham,24,100,42101,Carbon monoxide,093,INSTRUMENTAL - GAS FILTER CORRELATION CO ANALYZER,13820,"Birmingham-Hoover, AL",33.553056,-86.815,POINT,177,NEIGHBORHOOD,500 M TO 4KM,SLAMS,"Jefferson County, AL  Department Of Health",OTHER,,NCORE,17.5,
2023-11-30,010730023,2,0.7,Parts per million,8,North Birmingham,24,100,42101,Carbon monoxide,093,INSTRUMENTAL - GAS FILTER CORRELATION CO ANALYZER,13820,"Birmingham-Hoover, AL",33.553056,-86.815,POINT,177,NEIGHBORHOOD,500 M TO 4KM,SLAMS,"Jefferson County, AL  Department Of Health",OTHER,,NCORE,17.5,
2023-12-01,010730023,2,0.4,Parts per million,5,North Birmingham,24,100,42101,Carbon monoxide,093,INSTRUMENTAL - GAS FILTER CORRELATION CO ANALYZER,13820,"Birmingham-Hoover, AL",33.553056,-86.815,POINT,177,NEIGHBORHOOD,500 M TO 4KM,SLAMS,"Jefferson County, AL  Department Of Health",OTHER,,NCORE,17.5,
2023-12-02,010730023,2,0.4,Parts per million,5,North Birmingham,24,100,42101,Carbon monoxide,093,INSTRUMENTAL - GAS FILTER CORRELATION CO ANALYZER,13820,"Birmingham-Hoover, AL",33.553056,-86.815,POINT,177,NEIGHBORHOOD,500 M TO 4KM,SLAMS,"Jefferson County, AL  Department Of Health",OTHER,,NCORE,17.5,
2023-12-03,010730023,2,0.4,Parts per million,5,North Birmingham,24,100,42101,Carbon monoxide,093,INSTRUMENTAL - GAS FILTER CORRELATION CO ANALYZER,13820,"Birmingham-Hoover, AL",33.553056,-86.815,POINT,177,NEIGHBORHOOD,500 M TO 4KM,SLAMS,"Jefferson County, AL  Department Of Health",OTHER,,NCORE,17.5,
2023-12-04,010730023,2,0.5,Parts per million,6,North Birmingham,24,100,42101,Carbon monoxide,093,INSTRUMENTAL - GAS FILTER CORRELATION CO ANALYZER,13820,"Birmingham-Hoover, AL",33.553056,-86.815,POINT,177,NEIGHBORHOOD,500 M TO 4KM,SLAMS,"Jefferson County, AL  Department Of Health",OTHER,,NCORE,17.5,
2023-12-05,010730023,2,0.3,Parts per million,3,North Birmingham,24,100,42101,Carbon monoxide,093,INSTRUMENTAL - GAS FILTER CORRELATION CO ANALYZER,13820,"Birmingham-Hoover, AL",33.553056,-86.815,POINT,177,NEIGHBORHOOD,500 M TO 4KM,SLAMS,"Jefferson County, AL  Department Of Health",OTHER,,NCORE,17.5,
2023-12-06,010730023,2,0.4,Parts per million,5,North Birmingham,24,100,42101,Carbon monoxide,093,INSTRUMENTAL - GAS FILTER CORRELATION CO ANALYZER,13820,"Birmingham-Hoover, AL",33.553056,-86.815,POINT,177,NEIGHBORHOOD,500 M TO 4KM,SLAMS,"Jefferson County, AL  Department Of Health",OTHER,,NCORE,17.5,
2023-12-07,010730023,2,0.6,Parts per million,7,North Birmingham,24,100,42101,Carbon monoxide,093,INSTRUMENTAL - GAS FILTER CORRELATION CO ANALYZER,13820,"Birmingham-Hoover, AL",33.553056,-86.815,POINT,177,NEIGHBORHOOD,500 M TO 4KM,SLAMS,"Jefferson County, AL  Department Of Health",OTHER,,NCORE,17.5,
2023-12-08,010730023,2,0.6,Parts per million,7,North Birmingham,14,58,42101,Carbon monoxide,093,INSTRUMENTAL - GAS FILTER CORRELATION CO ANALYZER,13820,"Birmingham-Hoover, AL",33.553056,-86.815,POINT,177,NEIGHBORHOOD,500 M TO 4KM,SLAMS,"Jefferson County, AL  Department Of Health",OTHER,,NCORE,17.5,
2023-12-09,010730023,2,0.2,Parts per million,2,North Birmingham,24,100,42101,Carbon monoxide,093,INSTRUMENTAL - GAS FILTER CORRELATION CO ANALYZER,13820,"Birmingham-Hoover, AL",33.553056,-86.815,POINT,177,NEIGHBORHOOD,500 M TO 4KM,SLAMS,"Jefferson County, AL  Department Of Health",OTHER,,NCORE,17.5,
2023-12-10,010730023,2,0.2,Parts per million,2,North Birmingham,24,100,42101,Carbon monoxide,093,INSTRUMENTAL - GAS FILTER CORRELATION CO ANALYZER,13820,"Birmingham-Hoover, AL",33.553056,-86.815,POINT,177,NEIGHBORHOOD,500 M TO 4KM,SLAMS,"Jefferson County, AL  Department Of Health",OTHER,,NCORE,17.5,
2023-12-11,010730023,2,0.5,Parts per million,6,North Birmingham,24,100,42101,Carbon monoxide,093,INSTRUMENTAL - GAS FILTER CORRELATION CO ANALYZER,13820,"Birmingham-Hoover, AL",33.553056,-86.815,POINT,177,NEIGHBORHOOD,500 M TO 4KM,SLAMS,"Jefferson County, AL  Department Of Health",OTHER,,NCORE,17.5,
2023-12-12,010730023,2,0.5,Parts per million,6,North Birmingham,24,100,42101,Carbon monoxide,093,INSTRUMENTAL - GAS FILTER CORRELATION CO ANALYZER,13820,"Birmingham-Hoover, AL",33.553056,-86.815,POINT,177,NEIGHBORHOOD,500 M TO 4KM,SLAMS,"Jefferson County, AL  Department Of Health",OTHER,,NCORE,17.5,
2023-12-13,010730023,2,0.5,Parts per million,6,North Birmingham,18,75,42101,Carbon monoxide,093,INSTRUMENTAL - GAS FILTER CORRELATION CO ANALYZER,13820,"Birmingham-Hoover, AL",33.553056,-86.815,POINT,177,NEIGHBORHOOD,500 M TO 4KM,SLAMS,"Jefferson County, AL  Department Of Health",OTHER,,NCORE,17.5,
2023-12-14,010730023,2,0.4,Parts per million,5,North Birmingham,24,100,42101,Carbon monoxide,093,INSTRUMENTAL - GAS FILTER CORRELATION CO ANALYZER,13820,"Birmingham-Hoover, AL",33.553056,-86.815,POINT,177,NEIGHBORHOOD,500 M TO 4KM,SLAMS,"Jefferson County, AL  Department Of Health",OTHER,,NCORE,17.5,
2023-12-15,010730023,2,0.4,Parts per million,5,North Birmingham,24,100,42101,Carbon monoxide,093,INSTRUMENTAL - GAS FILTER CORRELATION CO ANALYZER,13820,"Birmingham-Hoover, AL",33.553056,-86.815,POINT,177,NEIGHBORHOOD,500 M TO 4KM,SLAMS,"Jefferson County, AL  Department Of Health",OTHER,,NCORE,17.5,
2023-12-16,010730023,2,0.4,Parts per million,5,North Birmingham,24,100,42101,Carbon monoxide,093,INSTRUMENTAL - GAS FILTER CORRELATION CO ANALYZER,13820,"Birmingham-Hoover, AL",33.553056,-86.815,POINT,177,NEIGHBORHOOD,500 M TO 4KM,SLAMS,"Jefferson County, AL  Department Of Health",OTHER,,NCORE,17.5,
2023-12-17,010730023,2,0.2,Parts per million,2,North Birmingham,24,100,42101,Carbon monoxide,093,INSTRUMENTAL - GAS FILTER CORRELATION CO ANALYZER,13820,"Birmingham-Hoover, AL",33.553056,-86.815,POINT,177,NEIGHBORHOOD,500 M TO 4KM,SLAMS,"Jefferson County, AL  Department Of Health",OTHER,,NCORE,17.5,
2023-12-18,010730023,2,0.2,Parts per million,2,North Birmingham,24,100,42101,Carbon monoxide,093,INSTRUMENTAL - GAS FILTER CORRELATION CO ANALYZER,13820,"Birmingham-Hoover, AL",33.553056,-86.815,POINT,177,NEIGHBORHOOD,500 M TO 4KM,SLAMS,"Jefferson County, AL  Department Of Health",OTHER,,NCORE,17.5,
2023-12-19,010730023,2,0.3,Parts per million,3,North Birmingham,24,100,42101,Carbon monoxide,093,INSTRUMENTAL - GAS FILTER CORRELATION CO ANALYZER,13820,"Birmingham-Hoover, AL",33.553056,-86.815,POINT,177,NEIGHBORHOOD,500 M TO 4KM,SLAMS,"Jefferson County, AL  Department Of Health",OTHER,,NCORE,17.5,
2023-12-20,010730023,2,0.5,Parts per million,6,North Birmingham,24,100,42101,Carbon monoxide,093,INSTRUMENTAL - GAS FILTER CORRELATION CO ANALYZER,13820,"Birmingham-Hoover, AL",33.553056,-86.815,POINT,177,NEIGHBORHOOD,500 M TO 4KM,SLAMS,"Jefferson County, AL  Department Of Health",OTHER,,NCORE,17.5,
2023-12-21,010730023,2,0.6,Parts per million,7,North Birmingham,24,100,42101,Carbon monoxide,093,INSTRUMENTAL - GAS FILTER CORRELATION CO ANALYZER,13820,"Birmingham-Hoover, AL",33.553056,-86.815,POINT,177,NEIGHBORHOOD,500 M TO 4KM,SLAMS,"Jefferson County, AL  Department Of Health",OTHER,,NCORE,17.5,
2023-12-22,010730023,2,0.7,Parts per million,8,North Birmingham,16,67,42101,Carbon monoxide,093,INSTRUMENTAL - GAS FILTER CORRELATION CO ANALYZER,13820,"Birmingham-Hoover, AL",33.553056,-86.815,POINT,177,NEIGHBORHOOD,500 M TO 4KM,SLAMS,"Jefferson County, AL  Department Of Health",OTHER,,NCORE,17.5,
2023-12-23,010730023,2,0.5,Parts per million,6,North Birmingham,24,100,42101,Carbon monoxide,093,INSTRUMENTAL - GAS FILTER CORRELATION CO ANALYZER,13820,"Birmingham-Hoover, AL",33.553056,-86.815,POINT,177,NEIGHBORHOOD,500 M TO 4KM,SLAMS,"Jefferson County, AL  Department Of Health",OTHER,,NCORE,17.5,
2023-12-24,010730023,2,0.5,Parts per million,6,North Birmingham,24,100,42101,Carbon monoxide,093,INSTRUMENTAL - GAS FILTER CORRELATION CO ANALYZER,13820,"Birmingham-Hoover, AL",33.553056,-86.815,POINT,177,NEIGHBORHOOD,500 M TO 4KM,SLAMS,"Jefferson County, AL  Department Of Health",OTHER,,NCORE,17.5,
2023-12-25,010730023,2,0.3,Parts per million,3,North Birmingham,24,100,42101,Carbon monoxide,093,INSTRUMENTAL - GAS FILTER CORRELATION CO ANALYZER,13820,"Birmingham-Hoover, AL",33.553056,-86.815,POINT,177,NEIGHBORHOOD,500 M TO 4KM,SLAMS,"Jefferson County, AL  Department Of Health",OTHER,,NCORE,17.5,
2023-12-26,010730023,2,0.4,Parts per million,5,North Birmingham,24,100,42101,Carbon monoxide,093,INSTRUMENTAL - GAS FILTER CORRELATION CO ANALYZER,13820,"Birmingham-Hoover, AL",33.553056,-86.815,POINT,177,NEIGHBORHOOD,500 M TO 4KM,SLAMS,"Jefferson County, AL  Department Of Health",OTHER,,NCORE,17.5,
2023-12-27,010730023,2,0.9,Parts per million,10,North Birmingham,24,100,42101,Carbon monoxide,093,INSTRUMENTAL - GAS FILTER CORRELATION CO ANALYZER,13820,"Birmingham-Hoover, AL",33.553056,-86.815,POINT,177,NEIGHBORHOOD,500 M TO 4KM,SLAMS,"Jefferson County, AL  Department Of Health",OTHER,,NCORE,17.5,
2023-12-28,010730023,2,0.3,Parts per million,3,North Birmingham,24,100,42101,Carbon monoxide,093,INSTRUMENTAL - GAS FILTER CORRELATION CO ANALYZER,13820,"Birmingham-Hoover, AL",33.553056,-86.815,POINT,177,NEIGHBORHOOD,500 M TO 4KM,SLAMS,"Jefferson County, AL  Department Of Health",OTHER,,NCORE,17.5,
2023-12-29,010730023,2,0.2,Parts per million,2,North Birmingham,18,75,42101,Carbon monoxide,093,INSTRUMENTAL - GAS FILTER CORRELATION CO ANALYZER,13820,"Birmingham-Hoover, AL",33.553056,-86.815,POINT,177,NEIGHBORHOOD,500 M TO 4KM,SLAMS,"Jefferson County, AL  Department Of Health",OTHER,,NCORE,17.5,
2023-12-30,010730023,2,0.4,Parts per million,5,North Birmingham,24,100,42101,Carbon monoxide,093,INSTRUMENTAL - GAS FILTER CORRELATION CO ANALYZER,13820,"Birmingham-Hoover, AL",33.553056,-86.815,POINT,177,NEIGHBORHOOD,500 M TO 4KM,SLAMS,"Jefferson County, AL  Department Of Health",OTHER,,NCORE,17.5,
2023-12-31,010730023,2,0.6,Parts per million,7,North Birmingham,24,100,42101,Carbon monoxide,093,INSTRUMENTAL - GAS FILTER CORRELATION CO ANALYZER,13820,"Birmingham-Hoover, AL",33.553056,-86.815,POINT,177,NEIGHBORHOOD,500 M TO 4KM,SLAMS,"Jefferson County, AL  Department Of Health",OTHER,,NCORE,17.5,
2022-01-01,010731003,1,-0.1,Parts per million,0,Fairfield,19,79,42101,Carbon monoxide,093,INSTRUMENTAL - GAS FILTER CORRELATION CO ANALYZER,13820,"Birmingham-Hoover, AL",33.485556,-86.915,MOBILE,180,NEIGHBORHOOD,500 M TO 4KM,,"Jefferson County, AL  Department Of Health",POPULATION EXPOSURE,,,4,
2022-01-02,010731003,1,0,Parts per million,0,Fairfield,24,100,42101,Carbon monoxide,093,INSTRUMENTAL - GAS FILTER CORRELATION CO ANALYZER,13820,"Birmingham-Hoover, AL",33.485556,-86.915,MOBILE,180,NEIGHBORHOOD,500 M TO 4KM,,"Jefferson County, AL  Department Of Health",POPULATION EXPOSURE,,,4,
2022-01-03,010731003,1,0,Parts per million,0,Fairfield,24,100,42101,Carbon monoxide,093,INSTRUMENTAL - GAS FILTER CORRELATION CO ANALYZER,13820,"Birmingham-Hoover, AL",33.485556,-86.915,MOBILE,180,NEIGHBORHOOD,500 M TO 4KM,,"Jefferson County, AL  Department Of Health",POPULATION EXPOSURE,,,4,
2022-01-04,010731003,1,0.1,Parts per million,1,Fairfield,24,100,42101,Carbon monoxide,093,INSTRUMENTAL - GAS FILTER CORRELATION CO ANALYZER,13820,"Birmingham-Hoover, AL",33.485556,-86.915,MOBILE,180,NEIGHBORHOOD,500 M TO 4KM,,"Jefferson County, AL  Department Of Health",POPULATION EXPOSURE,,,4,
2022-01-05,010731003,1,0.4,Parts per million,5,Fairfield,24,100,42101,Carbon monoxide,093,INSTRUMENTAL - GAS FILTER CORRELATION CO ANALYZER,13820,"Birmingham-Hoover, AL",33.485556,-86.915,MOBILE,180,NEIGHBORHOOD,500 M TO 4KM,,"Jefferson County, AL  Department Of Health",POPULATION EXPOSURE,,,4,
2022-01-06,010731003,1,0.6,Parts per million,7,Fairfield,24,100,42101,Carbon monoxide,093,INSTRUMENTAL - GAS FILTER CORRELATION CO ANALYZER,13820,"Birmingham-Hoover, AL",33.485556,-86.915,MOBILE,180,NEIGHBORHOOD,500 M TO 4KM,,"Jefferson County, AL  Department Of Health",POPULATION EXPOSURE,,,4,
2022-01-07,010731003,1,0.2,Parts per million,2,Fairfield,24,100,42101,Carbon monoxide,093,INSTRUMENTAL - GAS FILTER CORRELATION CO ANALYZER,13820,"Birmingham-Hoover, AL",33.485556,-86.915,MOBILE,180,NEIGHBORHOOD,500 M TO 4KM,,"Jefferson County, AL  Department Of Health",POPULATION EXPOSURE,,,4,
2022-01-08,010731003,1,0.2,Parts per million,2,Fairfield,24,100,42101,Carbon monoxide,093,INSTRUMENTAL - GAS FILTER CORRELATION CO ANALYZER,13820,"Birmingham-Hoover, AL",33.485556,-86.915,MOBILE,180,NEIGHBORHOOD,500 M TO 4KM,,"Jefferson County, AL  Department Of Health",POPULATION EXPOSURE,,,4,
2022-01-09,010731003,1,0,Parts per million,0,Fairfield,24,100,42101,Carbon monoxide,093,INSTRUMENTAL - GAS FILTER CORRELATION CO ANALYZER,13820,"Birmingham-Hoover, AL",33.485556,-86.915,MOBILE,180,NEIGHBORHOOD,500 M TO 4KM,,"Jefferson County, AL  Department Of Health",POPULATION EXPOSURE,,,4,
2022-01-10,010731003,1,0.1,Parts per million,1,Fairfield,24,100,42101,Carbon monoxide,093,INSTRUMENTAL - GAS FILTER CORRELATION CO ANALYZER,13820,"Birmingham-Hoover, AL",33.485556,-86.915,MOBILE,180,NEIGHBORHOOD,500 M TO 4KM,,"Jefferson County, AL  Department Of Health",POPULATION EXPOSURE,,,4,
2022-01-11,010731003,1,0.2,Parts per million,2,Fairfield,18,75,42101,Carbon monoxide,093,INSTRUMENTAL - GAS FILTER CORRELATION CO ANALYZER,13820,"Birmingham-Hoover, AL",33.485556,-86.915,MOBILE,180,NEIGHBORHOOD,500 M TO 4KM,,"Jefferson County, AL  Department Of Health",POPULATION EXPOSURE,,,4,
2022-01-12,010731003,1,0.4,Parts per million,5,Fairfield,24,100,42101,Carbon monoxide,093,INSTRUMENTAL - GAS FILTER CORRELATION CO ANALYZER,13820,"Birmingham-Hoover, AL",33.485556,-86.915,MOBILE,180,NEIGHBORHOOD,500 M TO 4KM,,"Jefferson County, AL  Department Of Health",POPULATION EXPOSURE,,,4,
2022-01-13,010731003,1,0.4,Parts per million,5,Fairfield,24,100,42101,Carbon monoxide,093,INSTRUMENTAL - GAS FILTER CORRELATION CO ANALYZER,13820,"Birmingham-Hoover, AL",33.485556,-86.915,MOBILE,180,NEIGHBORHOOD,500 M TO 4KM,,"Jefferson County, AL  Department Of Health",POPULATION EXPOSURE,,,4,
2022-01-14,010731003,1,0.4,Parts per million,5,Fairfield,24,100,42101,Carbon monoxide,093,INSTRUMENTAL - GAS FILTER CORRELATION CO ANALYZER,13820,"Birmingham-Hoover, AL",33.485556,-86.915,MOBILE,180,NEIGHBORHOOD,500 M TO 4KM,,"Jefferson County, AL  Department Of Health",POPULATION EXPOSURE,,,4,
2022-01-15,010731003,1,0.5,Parts per million,6,Fairfield,24,100,42101,Carbon monoxide,093,INSTRUMENTAL - GAS FILTER CORRELATION CO ANALYZER,13820,"Birmingham-Hoover, AL",33.485556,-86.915,MOBILE,180,NEIGHBORHOOD,500 M TO 4KM,,"Jefferson County, AL  Department Of Health",POPULATION EXPOSURE,,,4,
2022-01-16,010731003,1,0.1,Parts per million,1,Fairfield,24,100,42101,Carbon monoxide,093,INSTRUMENTAL - GAS FILTER CORRELATION CO ANALYZER,13820,"Birmingham-Hoover, AL",33.485556,-86.915,MOBILE,180,NEIGHBORHOOD,500 M TO 4KM,,"Jefferson County, AL  Department Of Health",POPULATION EXPOSURE,,,4,
2022-01-17,010731003,1,0.3,Parts per million,3,Fairfield,24,100,42101,Carbon monoxide,093,INSTRUMENTAL - GAS FILTER CORRELATION CO ANALYZER,13820,"Birmingham-Hoover, AL",33.485556,-86.915,MOBILE,180,NEIGHBORHOOD,500 M TO 4KM,,"Jefferson County, AL  Department Of Health",POPULATION EXPOSURE,,,4,
2022-01-18,010731003,1,0.6,Parts per million,7,Fairfield,24,100,42101,Carbon monoxide,093,INSTRUMENTAL - GAS FILTER CORRELATION CO ANALYZER,13820,"Birmingham-Hoover, AL",33.485556,-86.915,MOBILE,180,NEIGHBORHOOD,500 M TO 4KM,,"Jefferson County, AL  Department Of Health",POPULATION EXPOSURE,,,4,
2022-01-19,010731003,1,0.2,Parts per million,2,Fairfield,24,100,42101,Carbon monoxide,093,INSTRUMENTAL - GAS FILTER CORRELATION CO ANALYZER,13820,"Birmingham-Hoover, AL",33.485556,-86.915,MOBILE,180,NEIGHBORHOOD,500 M TO 4KM,,"Jefferson County, AL  Department Of Health",POPULATION EXPOSURE,,,4,
2022-01-20,010731003,1,0,Parts per million,0,Fairfield,24,100,42101,Carbon monoxide,093,INSTRUMENTAL - GAS FILTER CORRELATION CO ANALYZER,13820,"Birmingham-Hoover, AL",33.485556,-86.915,MOBILE,180,NEIGHBORHOOD,500 M TO 4KM,,"Jefferson County, AL  Department Of Health",POPULATION EXPOSURE,,,4,
2022-01-21,010731003,1,0.1,Parts per million,1,Fairfield,24,100,42101,Carbon monoxide,093,INSTRUMENTAL - GAS FILTER CORRELATION CO ANALYZER,13820,"Birmingham-Hoover, AL",33.485556,-86.915,MOBILE,180,NEIGHBORHOOD,500 M TO 4KM,,"Jefferson County, AL  Department Of Health",POPULATION EXPOSURE,,,4,
2022-01-22,010731003,1,0.2,Parts per million,2,Fairfield,24,100,42101,Carbon monoxide,093,INSTRUMENTAL - GAS FILTER CORRELATION CO ANALYZER,13820,"Birmingham-Hoover, AL",33.485556,-86.915,MOBILE,180,NEIGHBORHOOD,500 M TO 4KM,,"Jefferson County, AL  Department Of Health",POPULATION EXPOSURE,,,4,
2022-01-23,010731003,1,0.4,Parts per million,5,Fairfield,24,100,42101,Carbon monoxide,093,INSTRUMENTAL - GAS FILTER CORRELATION CO ANALYZER,13820,"Birmingham-Hoover, AL",33.485556,-86.915,MOBILE,180,NEIGHBORHOOD,500 M TO 4KM,,"Jefferson County, AL  Department Of Health",POPULATION EXPOSURE,,,4,
2022-01-24,010731003,1,0.4,Parts per million,5,Fairfield,24,100,42101,Carbon monoxide,093,INSTRUMENTAL - GAS FILTER CORRELATION CO ANALYZER,13820,"Birmingham-Hoover, AL",33.485556,-86.915,MOBILE,180,NEIGHBORHOOD,500 M TO 4KM,,"Jefferson County, AL  Department Of Health",POPULATION EXPOSURE,,,4,
2022-01-25,010731003,1,0.1,Parts per million,1,Fairfield,24,100,42101,Carbon monoxide,093,INSTRUMENTAL - GAS FILTER CORRELATION CO ANALYZER,13820,"Birmingham-Hoover, AL",33.485556,-86.915,MOBILE,180,NEIGHBORHOOD,500 M TO 4KM,,"Jefferson County, AL  Department Of Health",POPULATION EXPOSURE,,,4,
2022-01-26,010731003,1,0.1,Parts per million,1,Fairfield,24,100,42101,Carbon monoxide,093,INSTRUMENTAL - GAS FILTER CORRELATION CO ANALYZER,13820,"Birmingham-Hoover, AL",33.485556,-86.915,MOBILE,180,NEIGHBORHOOD,500 M TO 4KM,,"Jefferson County, AL  Department Of Health",POPULATION EXPOSURE,,,4,
2022-01-27,010731003,1,0.4,Parts per million,5,Fairfield,24,100,42101,Carbon monoxide,093,INSTRUMENTAL - GAS FILTER CORRELATION CO ANALYZER,13820,"Birmingham-Hoover, AL",33.485556,-86.915,MOBILE,180,NEIGHBORHOOD,500 M TO 4KM,,"Jefferson County, AL  Department Of Health",POPULATION EXPOSURE,,,4,
2022-01-28,010731003,1,0.5,Parts per million,6,Fairfield,24,100,42101,Carbon monoxide,093,INSTRUMENTAL - GAS FILTER CORRELATION CO ANALYZER,13820,"Birmingham-Hoover, AL",33.485556,-86.915,MOBILE,180,NEIGHBORHOOD,500 M TO 4KM,,"Jefferson County, AL  Department Of Health",POPULATION EXPOSURE,,,4,
2022-01-29,010731003,1,0.2,Parts per million,2,Fairfield,24,100,42101,Carbon monoxide,093,INSTRUMENTAL - GAS FILTER CORRELATION CO ANALYZER,13820,"Birmingham-Hoover, AL",33.485556,-86.915,MOBILE,180,NEIGHBORHOOD,500 M TO 4KM,,"Jefferson County, AL  Department Of Health",POPULATION EXPOSURE,,,4,
2022-01-30,010731003,1,0.3,Parts per million,3,Fairfield,24,100,42101,Carbon monoxide,093,INSTRUMENTAL - GAS FILTER CORRELATION CO ANALYZER,13820,"Birmingham-Hoover, AL",33.485556,-86.915,MOBILE,180,NEIGHBORHOOD,500 M TO 4KM,,"Jefferson County, AL  Department Of Health",POPULATION EXPOSURE,,,4,
2022-01-31,010731003,1,0.6,Parts per million,7,Fairfield,24,100,42101,Carbon monoxide,093,INSTRUMENTAL - GAS FILTER CORRELATION CO ANALYZER,13820,"Birmingham-Hoover, AL",33.485556,-86.915,MOBILE,180,NEIGHBORHOOD,500 M TO 4KM,,"Jefferson County, AL  Department Of Health",POPULATION EXPOSURE,,,4,
2022-02-01,010731003,1,0.6,Parts per million,7,Fairfield,24,100,42101,Carbon monoxide,093,INSTRUMENTAL - GAS FILTER CORRELATION CO ANALYZER,13820,"Birmingham-Hoover, AL",33.485556,-86.915,MOBILE,180,NEIGHBORHOOD,500 M TO 4KM,,"Jefferson County, AL  Department Of Health",POPULATION EXPOSURE,,,4,
2022-02-02,010731003,1,0,Parts per million,0,Fairfield,24,100,42101,Carbon monoxide,093,INSTRUMENTAL - GAS FILTER CORRELATION CO ANALYZER,13820,"Birmingham-Hoover, AL",33.485556,-86.915,MOBILE,180,NEIGHBORHOOD,500 M TO 4KM,,"Jefferson County, AL  Department Of Health",POPULATION EXPOSURE,,,4,
2022-02-03,010731003,1,0,Parts per million,0,Fairfield,24,100,42101,Carbon monoxide,093,INSTRUMENTAL - GAS FILTER CORRELATION CO ANALYZER,13820,"Birmingham-Hoover, AL",33.485556,-86.915,MOBILE,180,NEIGHBORHOOD,500 M TO 4KM,,"Jefferson County, AL  Department Of Health",POPULATION EXPOSURE,,,4,
2022-02-04,010731003,1,0,Parts per million,0,Fairfield,24,100,42101,Carbon monoxide,093,INSTRUMENTAL - GAS FILTER CORRELATION CO ANALYZER,13820,"Birmingham-Hoover, AL",33.485556,-86.915,MOBILE,180,NEIGHBORHOOD,500 M TO 4KM,,"Jefferson County, AL  Department Of Health",POPULATION EXPOSURE,,,4,
2022-02-05,010731003,1,0.1,Parts per million,1,Fairfield,24,100,42101,Carbon monoxide,093,INSTRUMENTAL - GAS FILTER CORRELATION CO ANALYZER,13820,"Birmingham-Hoover, AL",33.485556,-86.915,MOBILE,180,NEIGHBORHOOD,500 M TO 4KM,,"Jefferson County, AL  Department Of Health",POPULATION EXPOSURE,,,4,
2022-02-06,010731003,1,0.4,Parts per million,5,Fairfield,24,100,42101,Carbon monoxide,093,INSTRUMENTAL - GAS FILTER CORRELATION CO ANALYZER,13820,"Birmingham-Hoover, AL",33.485556,-86.915,MOBILE,180,NEIGHBORHOOD,500 M TO 4KM,,"Jefferson County, AL  Department Of Health",POPULATION EXPOSURE,,,4,
2022-02-07,010731003,1,0.6,Parts per million,7,Fairfield,24,100,42101,Carbon monoxide,093,INSTRUMENTAL - GAS FILTER CORRELATION CO ANALYZER,13820,"Birmingham-Hoover, AL",33.485556,-86.915,MOBILE,180,NEIGHBORHOOD,500 M TO 4KM,,"Jefferson County, AL  Department Of Health",POPULATION EXPOSURE,,,4,
2022-02-08,010731003,1,0.4,Parts per million,5,Fairfield,24,100,42101,Carbon monoxide,093,INSTRUMENTAL - GAS FILTER CORRELATION CO ANALYZER,13820,"Birmingham-Hoover, AL",33.485556,-86.915,MOBILE,180,NEIGHBORHOOD,500 M TO 4KM,,"Jefferson County, AL  Department Of Health",POPULATION EXPOSURE,,,4,
2022-02-09,010731003,1,0.6,Parts per million,7,Fairfield,24,100,42101,Carbon monoxide,093,INSTRUMENTAL - GAS FILTER CORRELATION CO ANALYZER,13820,"Birmingham-Hoover, AL",33.485556,-86.915,MOBILE,180,NEIGHBORHOOD,500 M TO 4KM,,"Jefferson County, AL  Department Of Health",POPULATION EXPOSURE,,,4,
2022-02-10,010731003,1,0.4,Parts per million,5,Fairfield,24,100,42101,Carbon monoxide,093,INSTRUMENTAL - GAS FILTER CORRELATION CO ANALYZER,13820,"Birmingham-Hoover, AL",33.485556,-86.915,MOBILE,180,NEIGHBORHOOD,500 M TO 4KM,,"Jefferson County, AL  Department Of Health",POPULATION EXPOSURE,,,4,
2022-02-11,010731003,1,0.3,Parts per million,3,Fairfield,24,100,42101,Carbon monoxide,093,INSTRUMENTAL - GAS FILTER CORRELATION CO ANALYZER,13820,"Birmingham-Hoover, AL",33.485556,-86.915,MOBILE,180,NEIGHBORHOOD,500 M TO 4KM,,"Jefferson County, AL  Department Of Health",POPULATION EXPOSURE,,,4,
2022-02-12,010731003,1,0.1,Parts per million,1,Fairfield,24,100,42101,Carbon monoxide,093,INSTRUMENTAL - GAS FILTER CORRELATION CO ANALYZER,13820,"Birmingham-Hoover, AL",33.485556,-86.915,MOBILE,180,NEIGHBORHOOD,500 M TO 4KM,,"Jefferson County, AL  Department Of Health",POPULATION EXPOSURE,,,4,
2022-02-13,010731003,1,0.1,Parts per million,1,Fairfield,24,100,42101,Carbon monoxide,093,INSTRUMENTAL - GAS FILTER CORRELATION CO ANALYZER,13820,"Birmingham-Hoover, AL",33.485556,-86.915,MOBILE,180,NEIGHBORHOOD,500 M TO 4KM,,"Jefferson County, AL  Department Of Health",POPULATION EXPOSURE,,,4,
2022-02-14,010731003,1,0.3,Parts per million,3,Fairfield,24,100,42101,Carbon monoxide,093,INSTRUMENTAL - GAS FILTER CORRELATION CO ANALYZER,13820,"Birmingham-Hoover, AL",33.485556,-86.915,MOBILE,180,NEIGHBORHOOD,500 M TO 4KM,,"Jefferson County, AL  Department Of Health",POPULATION EXPOSURE,,,4,
2022-02-15,010731003,1,0.6,Parts per million,7,Fairfield,24,100,42101,Carbon monoxide,093,INSTRUMENTAL - GAS FILTER CORRELATION CO ANALYZER,13820,"Birmingham-Hoover, AL",33.485556,-86.915,MOBILE,180,NEIGHBORHOOD,500 M TO 4KM,,"Jefferson County, AL  Department Of Health",POPULATION EXPOSURE,,,4,
2022-02-16,010731003,1,0.1,Parts per million,1,Fairfield,24,100,42101,Carbon monoxide,093,INSTRUMENTAL - GAS FILTER CORRELATION CO ANALYZER,13820,"Birmingham-Hoover, AL",33.485556,-86.915,MOBILE,180,NEIGHBORHOOD,500 M TO 4KM,,"Jefferson County, AL  Department Of Health",POPULATION EXPOSURE,,,4,
2022-02-17,010731003,1,0,Parts per million,0,Fairfield,24,100,42101,Carbon monoxide,093,INSTRUMENTAL - GAS FILTER CORRELATION CO ANALYZER,13820,"Birmingham-Hoover, AL",33.485556,-86.915,MOBILE,180,NEIGHBORHOOD,500 M TO 4KM,,"Jefferson County, AL  Department Of Health",POPULATION EXPOSURE,,,4,
2022-02-18,010731003,1,0.1,Parts per million,1,Fairfield,24,100,42101,Carbon monoxide,093,INSTRUMENTAL - GAS FILTER CORRELATION CO ANALYZER,13820,"Birmingham-Hoover, AL",33.485556,-86.915,MOBILE,180,NEIGHBORHOOD,500 M TO 4KM,,"Jefferson County, AL  Department Of Health",POPULATION EXPOSURE,,,4,
2022-02-19,010731003,1,0.3,Parts per million,3,Fairfield,24,100,42101,Carbon monoxide,093,INSTRUMENTAL - GAS FILTER CORRELATION CO ANALYZER,13820,"Birmingham-Hoover, AL",33.485556,-86.915,MOBILE,180,NEIGHBORHOOD,500 M TO 4KM,,"Jefferson County, AL  Department Of Health",POPULATION EXPOSURE,,,4,
2022-02-20,010731003,1,0.6,Parts per million,7,Fairfield,24,100,42101,Carbon monoxide,093,INSTRUMENTAL - GAS FILTER CORRELATION CO ANALYZER,13820,"Birmingham-Hoover, AL",33.485556,-86.915,MOBILE,180,NEIGHBORHOOD,500 M TO 4KM,,"Jefferson County, AL  Department Of Health",POPULATION EXPOSURE,,,4,
2022-02-21,010731003,1,0,Parts per million,0,Fairfield,24,100,42101,Carbon monoxide,093,INSTRUMENTAL - GAS FILTER CORRELATION CO ANALYZER,13820,"Birmingham-Hoover, AL",33.485556,-86.915,MOBILE,180,NEIGHBORHOOD,500 M TO 4KM,,"Jefferson County, AL  Department Of Health",POPULATION EXPOSURE,,,4,
2022-02-22,010731003,1,0,Parts per million,0,Fairfield,24,100,42101,Carbon monoxide,093,INSTRUMENTAL - GAS FILTER CORRELATION CO ANALYZER,13820,"Birmingham-Hoover, AL",33.485556,-86.915,MOBILE,180,NEIGHBORHOOD,500 M TO 4KM,,"Jefferson County, AL  Department Of Health",POPULATION EXPOSURE,,,4,
2022-02-23,010731003,1,0,Parts per million,0,Fairfield,24,100,42101,Carbon monoxide,093,INSTRUMENTAL - GAS FILTER CORRELATION CO ANALYZER,13820,"Birmingham-Hoover, AL",33.485556,-86.915,MOBILE,180,NEIGHBORHOOD,500 M TO 4KM,,"Jefferson County, AL  Department Of Health",POPULATION EXPOSURE,,,4,
2022-02-24,010731003,1,0.2,Parts per million,2,Fairfield,24,100,42101,Carbon monoxide,093,INSTRUMENTAL - GAS FILTER CORRELATION CO ANALYZER,13820,"Birmingham-Hoover, AL",33.485556,-86.915,MOBILE,180,NEIGHBORHOOD,500 M TO 4KM,,"Jefferson County, AL  Department Of Health",POPULATION EXPOSURE,,,4,
2022-02-25,010731003,1,0,Parts per million,0,Fairfield,24,100,42101,Carbon monoxide,093,INSTRUMENTAL - GAS FILTER CORRELATION CO ANALYZER,13820,"Birmingham-Hoover, AL",33.485556,-86.915,MOBILE,180,NEIGHBORHOOD,500 M TO 4KM,,"Jefferson County, AL  Department Of Health",POPULATION EXPOSURE,,,4,
2022-02-26,010731003,1,0,Parts per million,0,Fairfield,24,100,42101,Carbon monoxide,093,INSTRUMENTAL - GAS FILTER CORRELATION CO ANALYZER,13820,"Birmingham-Hoover, AL",33.485556,-86.915,MOBILE,180,NEIGHBORHOOD,500 M TO 4KM,,"Jefferson County, AL  Department Of Health",POPULATION EXPOSURE,,,4,
2022-02-27,010731003,1,0,Parts per million,0,Fairfield,24,100,42101,Carbon monoxide,093,INSTRUMENTAL - GAS FILTER CORRELATION CO ANALYZER,13820,"Birmingham-Hoover, AL",33.485556,-86.915,MOBILE,180,NEIGHBORHOOD,500 M TO 4KM,,"Jefferson County, AL  Department Of Health",POPULATION EXPOSURE,,,4,
2022-02-28,010731003,1,0.3,Parts per million,3,Fairfield,24,100,42101,Carbon monoxide,093,INSTRUMENTAL - GAS FILTER CORRELATION CO ANALYZER,13820,"Birmingham-Hoover, AL",33.485556,-86.915,MOBILE,180,NEIGHBORHOOD,500 M TO 4KM,,"Jefferson County, AL  Department Of Health",POPULATION EXPOSURE,,,4,
2022-03-01,010731003,1,0.4,Parts per million,5,Fairfield,24,100,42101,Carbon monoxide,093,INSTRUMENTAL - GAS FILTER CORRELATION CO ANALYZER,13820,"Birmingham-Hoover, AL",33.485556,-86.915,MOBILE,180,NEIGHBORHOOD,500 M TO 4KM,,"Jefferson County, AL  Department Of Health",POPULATION EXPOSURE,,,4,
2022-03-02,010731003,1,0.5,Parts per million,6,Fairfield,24,100,42101,Carbon monoxide,093,INSTRUMENTAL - GAS FILTER CORRELATION CO ANALYZER,13820,"Birmingham-Hoover, AL",33.485556,-86.915,MOBILE,180,NEIGHBORHOOD,500 M TO 4KM,,"Jefferson County, AL  Department Of Health",POPULATION EXPOSURE,,,4,
2022-03-03,010731003,1,0.4,Parts per million,5,Fairfield,24,100,42101,Carbon monoxide,093,INSTRUMENTAL - GAS FILTER CORRELATION CO ANALYZER,13820,"Birmingham-Hoover, AL",33.485556,-86.915,MOBILE,180,NEIGHBORHOOD,500 M TO 4KM,,"Jefferson County, AL  Department Of Health",POPULATION EXPOSURE,,,4,
2022-03-04,010731003,1,0.7,Parts per million,8,Fairfield,24,100,42101,Carbon monoxide,093,INSTRUMENTAL - GAS FILTER CORRELATION CO ANALYZER,13820,"Birmingham-Hoover, AL",33.485556,-86.915,MOBILE,180,NEIGHBORHOOD,500 M TO 4KM,,"Jefferson County, AL  Department Of Health",POPULATION EXPOSURE,,,4,
2022-03-05,010731003,1,0.3,Parts per million,3,Fairfield,24,100,42101,Carbon monoxide,093,INSTRUMENTAL - GAS FILTER CORRELATION CO ANALYZER,13820,"Birmingham-Hoover, AL",33.485556,-86.915,MOBILE,180,NEIGHBORHOOD,500 M TO 4KM,,"Jefferson County, AL  Department Of Health",POPULATION EXPOSURE,,,4,
2022-03-06,010731003,1,0,Parts per million,0,Fairfield,24,100,42101,Carbon monoxide,093,INSTRUMENTAL - GAS FILTER CORRELATION CO ANALYZER,13820,"Birmingham-Hoover, AL",33.485556,-86.915,MOBILE,180,NEIGHBORHOOD,500 M TO 4KM,,"Jefferson County, AL  Department Of Health",POPULATION EXPOSURE,,,4,
2022-03-07,010731003,1,0,Parts per million,0,Fairfield,24,100,42101,Carbon monoxide,093,INSTRUMENTAL - GAS FILTER CORRELATION CO ANALYZER,13820,"Birmingham-Hoover, AL",33.485556,-86.915,MOBILE,180,NEIGHBORHOOD,500 M TO 4KM,,"Jefferson County, AL  Department Of Health",POPULATION EXPOSURE,,,4,
2022-03-08,010731003,1,0,Parts per million,0,Fairfield,24,100,42101,Carbon monoxide,093,INSTRUMENTAL - GAS FILTER CORRELATION CO ANALYZER,13820,"Birmingham-Hoover, AL",33.485556,-86.915,MOBILE,180,NEIGHBORHOOD,500 M TO 4KM,,"Jefferson County, AL  Department Of Health",POPULATION EXPOSURE,,,4,
2022-03-09,010731003,1,0.1,Parts per million,1,Fairfield,24,100,42101,Carbon monoxide,093,INSTRUMENTAL - GAS FILTER CORRELATION CO ANALYZER,13820,"Birmingham-Hoover, AL",33.485556,-86.915,MOBILE,180,NEIGHBORHOOD,500 M TO 4KM,,"Jefferson County, AL  Department Of Health",POPULATION EXPOSURE,,,4,
2022-03-10,010731003,1,0.2,Parts per million,2,Fairfield,24,100,42101,Carbon monoxide,093,INSTRUMENTAL - GAS FILTER CORRELATION CO ANALYZER,13820,"Birmingham-Hoover, AL",33.485556,-86.915,MOBILE,180,NEIGHBORHOOD,500 M TO 4KM,,"Jefferson County, AL  Department Of Health",POPULATION EXPOSURE,,,4,
2022-03-11,010731003,1,0.4,Parts per million,5,Fairfield,16,67,42101,Carbon monoxide,093,INSTRUMENTAL - GAS FILTER CORRELATION CO ANALYZER,13820,"Birmingham-Hoover, AL",33.485556,-86.915,MOBILE,180,NEIGHBORHOOD,500 M TO 4KM,,"Jefferson County, AL  Department Of Health",POPULATION EXPOSURE,,,4,
2022-03-12,010731003,1,0,Parts per million,0,Fairfield,24,100,42101,Carbon monoxide,093,INSTRUMENTAL - GAS FILTER CORRELATION CO ANALYZER,13820,"Birmingham-Hoover, AL",33.485556,-86.915,MOBILE,180,NEIGHBORHOOD,500 M TO 4KM,,"Jefferson County, AL  Department Of Health",POPULATION EXPOSURE,,,4,
2022-03-13,010731003,1,0.1,Parts per million,1,Fairfield,24,100,42101,Carbon monoxide,093,INSTRUMENTAL - GAS FILTER CORRELATION CO ANALYZER,13820,"Birmingham-Hoover, AL",33.485556,-86.915,MOBILE,180,NEIGHBORHOOD,500 M TO 4KM,,"Jefferson County, AL  Department Of Health",POPULATION EXPOSURE,,,4,
2022-03-14,010731003,1,0.2,Parts per million,2,Fairfield,24,100,42101,Carbon monoxide,093,INSTRUMENTAL - GAS FILTER CORRELATION CO ANALYZER,13820,"Birmingham-Hoover, AL",33.485556,-86.915,MOBILE,180,NEIGHBORHOOD,500 M TO 4KM,,"Jefferson County, AL  Department Of Health",POPULATION EXPOSURE,,,4,
2022-03-15,010731003,1,0.1,Parts per million,1,Fairfield,24,100,42101,Carbon monoxide,093,INSTRUMENTAL - GAS FILTER CORRELATION CO ANALYZER,13820,"Birmingham-Hoover, AL",33.485556,-86.915,MOBILE,180,NEIGHBORHOOD,500 M TO 4KM,,"Jefferson County, AL  Department Of Health",POPULATION EXPOSURE,,,4,
2022-03-16,010731003,1,0.2,Parts per million,2,Fairfield,24,100,42101,Carbon monoxide,093,INSTRUMENTAL - GAS FILTER CORRELATION CO ANALYZER,13820,"Birmingham-Hoover, AL",33.485556,-86.915,MOBILE,180,NEIGHBORHOOD,500 M TO 4KM,,"Jefferson County, AL  Department Of Health",POPULATION EXPOSURE,,,4,
2022-03-17,010731003,1,0.3,Parts per million,3,Fairfield,16,67,42101,Carbon monoxide,093,INSTRUMENTAL - GAS FILTER CORRELATION CO ANALYZER,13820,"Birmingham-Hoover, AL",33.485556,-86.915,MOBILE,180,NEIGHBORHOOD,500 M TO 4KM,,"Jefferson County, AL  Department Of Health",POPULATION EXPOSURE,,,4,
2022-03-18,010731003,1,0.2,Parts per million,2,Fairfield,24,100,42101,Carbon monoxide,093,INSTRUMENTAL - GAS FILTER CORRELATION CO ANALYZER,13820,"Birmingham-Hoover, AL",33.485556,-86.915,MOBILE,180,NEIGHBORHOOD,500 M TO 4KM,,"Jefferson County, AL  Department Of Health",POPULATION EXPOSURE,,,4,
2022-03-19,010731003,1,0.4,Parts per million,5,Fairfield,24,100,42101,Carbon monoxide,093,INSTRUMENTAL - GAS FILTER CORRELATION CO ANALYZER,13820,"Birmingham-Hoover, AL",33.485556,-86.915,MOBILE,180,NEIGHBORHOOD,500 M TO 4KM,,"Jefferson County, AL  Department Of Health",POPULATION EXPOSURE,,,4,
2022-03-20,010731003,1,0.5,Parts per million,6,Fairfield,24,100,42101,Carbon monoxide,093,INSTRUMENTAL - GAS FILTER CORRELATION CO ANALYZER,13820,"Birmingham-Hoover, AL",33.485556,-86.915,MOBILE,180,NEIGHBORHOOD,500 M TO 4KM,,"Jefferson County, AL  Department Of Health",POPULATION EXPOSURE,,,4,
2022-03-21,010731003,1,0.6,Parts per million,7,Fairfield,24,100,42101,Carbon monoxide,093,INSTRUMENTAL - GAS FILTER CORRELATION CO ANALYZER,13820,"Birmingham-Hoover, AL",33.485556,-86.915,MOBILE,180,NEIGHBORHOOD,500 M TO 4KM,,"Jefferson County, AL  Department Of Health",POPULATION EXPOSURE,,,4,
2022-03-22,010731003,1,0.2,Parts per million,2,Fairfield,24,100,42101,Carbon monoxide,093,INSTRUMENTAL - GAS FILTER CORRELATION CO ANALYZER,13820,"Birmingham-Hoover, AL",33.485556,-86.915,MOBILE,180,NEIGHBORHOOD,500 M TO 4KM,,"Jefferson County, AL  Department Of Health",POPULATION EXPOSURE,,,4,
2022-03-23,010731003,1,0.2,Parts per million,2,Fairfield,24,100,42101,Carbon monoxide,093,INSTRUMENTAL - GAS FILTER CORRELATION CO ANALYZER,13820,"Birmingham-Hoover, AL",33.485556,-86.915,MOBILE,180,NEIGHBORHOOD,500 M TO 4KM,,"Jefferson County, AL  Department Of Health",POPULATION EXPOSURE,,,4,
2022-03-24,010731003,1,0.3,Parts per million,3,Fairfield,24,100,42101,Carbon monoxide,093,INSTRUMENTAL - GAS FILTER CORRELATION CO ANALYZER,13820,"Birmingham-Hoover, AL",33.485556,-86.915,MOBILE,180,NEIGHBORHOOD,500 M TO 4KM,,"Jefferson County, AL  Department Of Health",POPULATION EXPOSURE,,,4,
2022-03-25,010731003,1,0.3,Parts per million,3,Fairfield,24,100,42101,Carbon monoxide,093,INSTRUMENTAL - GAS FILTER CORRELATION CO ANALYZER,13820,"Birmingham-Hoover, AL",33.485556,-86.915,MOBILE,180,NEIGHBORHOOD,500 M TO 4KM,,"Jefferson County, AL  Department Of Health",POPULATION EXPOSURE,,,4,
2022-03-26,010731003,1,0.2,Parts per million,2,Fairfield,24,100,42101,Carbon monoxide,093,INSTRUMENTAL - GAS FILTER CORRELATION CO ANALYZER,13820,"Birmingham-Hoover, AL",33.485556,-86.915,MOBILE,180,NEIGHBORHOOD,500 M TO 4KM,,"Jefferson County, AL  Department Of Health",POPULATION EXPOSURE,,,4,
2022-03-27,010731003,1,0.2,Parts per million,2,Fairfield,24,100,42101,Carbon monoxide,093,INSTRUMENTAL - GAS FILTER CORRELATION CO ANALYZER,13820,"Birmingham-Hoover, AL",33.485556,-86.915,MOBILE,180,NEIGHBORHOOD,500 M TO 4KM,,"Jefferson County, AL  Department Of Health",POPULATION EXPOSURE,,,4,
2022-03-28,010731003,1,0.2,Parts per million,2,Fairfield,24,100,42101,Carbon monoxide,093,INSTRUMENTAL - GAS FILTER CORRELATION CO ANALYZER,13820,"Birmingham-Hoover, AL",33.485556,-86.915,MOBILE,180,NEIGHBORHOOD,500 M TO 4KM,,"Jefferson County, AL  Department Of Health",POPULATION EXPOSURE,,,4,
2022-03-29,010731003,1,0.2,Parts per million,2,Fairfield,24,100,42101,Carbon monoxide,093,INSTRUMENTAL - GAS FILTER CORRELATION CO ANALYZER,13820,"Birmingham-Hoover, AL",33.485556,-86.915,MOBILE,180,NEIGHBORHOOD,500 M TO 4KM,,"Jefferson County, AL  Department Of Health",POPULATION EXPOSURE,,,4,
2022-03-30,010731003,1,0.1,Parts per million,1,Fairfield,24,100,42101,Carbon monoxide,093,INSTRUMENTAL - GAS FILTER CORRELATION CO ANALYZER,13820,"Birmingham-Hoover, AL",33.485556,-86.915,MOBILE,180,NEIGHBORHOOD,500 M TO 4KM,,"Jefferson County, AL  Department Of Health",POPULATION EXPOSURE,,,4,
2022-03-31,010731003,1,0.2,Parts per million,2,Fairfield,24,100,42101,Carbon monoxide,093,INSTRUMENTAL - GAS FILTER CORRELATION CO ANALYZER,13820,"Birmingham-Hoover, AL",33.485556,-86.915,MOBILE,180,NEIGHBORHOOD,500 M TO 4KM,,"Jefferson County, AL  Department Of Health",POPULATION EXPOSURE,,,4,
2022-04-01,010731003,1,0.3,Parts per million,3,Fairfield,24,100,42101,Carbon monoxide,093,INSTRUMENTAL - GAS FILTER CORRELATION CO ANALYZER,13820,"Birmingham-Hoover, AL",33.485556,-86.915,MOBILE,180,NEIGHBORHOOD,500 M TO 4KM,,"Jefferson County, AL  Department Of Health",POPULATION EXPOSURE,,,4,
2022-04-02,010731003,1,0.4,Parts per million,5,Fairfield,24,100,42101,Carbon monoxide,093,INSTRUMENTAL - GAS FILTER CORRELATION CO ANALYZER,13820,"Birmingham-Hoover, AL",33.485556,-86.915,MOBILE,180,NEIGHBORHOOD,500 M TO 4KM,,"Jefferson County, AL  Department Of Health",POPULATION EXPOSURE,,,4,
2022-04-03,010731003,1,0.6,Parts per million,7,Fairfield,24,100,42101,Carbon monoxide,093,INSTRUMENTAL - GAS FILTER CORRELATION CO ANALYZER,13820,"Birmingham-Hoover, AL",33.485556,-86.915,MOBILE,180,NEIGHBORHOOD,500 M TO 4KM,,"Jefferson County, AL  Department Of Health",POPULATION EXPOSURE,,,4,
2022-04-04,010731003,1,0.4,Parts per million,5,Fairfield,24,100,42101,Carbon monoxide,093,INSTRUMENTAL - GAS FILTER CORRELATION CO ANALYZER,13820,"Birmingham-Hoover, AL",33.485556,-86.915,MOBILE,180,NEIGHBORHOOD,500 M TO 4KM,,"Jefferson County, AL  Department Of Health",POPULATION EXPOSURE,,,4,
2022-04-05,010731003,1,0.3,Parts per million,3,Fairfield,24,100,42101,Carbon monoxide,093,INSTRUMENTAL - GAS FILTER CORRELATION CO ANALYZER,13820,"Birmingham-Hoover, AL",33.485556,-86.915,MOBILE,180,NEIGHBORHOOD,500 M TO 4KM,,"Jefferson County, AL  Department Of Health",POPULATION EXPOSURE,,,4,
2022-04-06,010731003,1,0.2,Parts per million,2,Fairfield,24,100,42101,Carbon monoxide,093,INSTRUMENTAL - GAS FILTER CORRELATION CO ANALYZER,13820,"Birmingham-Hoover, AL",33.485556,-86.915,MOBILE,180,NEIGHBORHOOD,500 M TO 4KM,,"Jefferson County, AL  Department Of Health",POPULATION EXPOSURE,,,4,
2022-04-07,010731003,1,0.1,Parts per million,1,Fairfield,24,100,42101,Carbon monoxide,093,INSTRUMENTAL - GAS FILTER CORRELATION CO ANALYZER,13820,"Birmingham-Hoover, AL",33.485556,-86.915,MOBILE,180,NEIGHBORHOOD,500 M TO 4KM,,"Jefferson County, AL  Department Of Health",POPULATION EXPOSURE,,,4,
2022-04-08,010731003,1,0.1,Parts per million,1,Fairfield,24,100,42101,Carbon monoxide,093,INSTRUMENTAL - GAS FILTER CORRELATION CO ANALYZER,13820,"Birmingham-Hoover, AL",33.485556,-86.915,MOBILE,180,NEIGHBORHOOD,500 M TO 4KM,,"Jefferson County, AL  Department Of Health",POPULATION EXPOSURE,,,4,
2022-04-09,010731003,1,0.3,Parts per million,3,Fairfield,24,100,42101,Carbon monoxide,093,INSTRUMENTAL - GAS FILTER CORRELATION CO ANALYZER,13820,"Birmingham-Hoover, AL",33.485556,-86.915,MOBILE,180,NEIGHBORHOOD,500 M TO 4KM,,"Jefferson County, AL  Department Of Health",POPULATION EXPOSURE,,,4,
2022-04-10,010731003,1,0.5,Parts per million,6,Fairfield,24,100,42101,Carbon monoxide,093,INSTRUMENTAL - GAS FILTER CORRELATION CO ANALYZER,13820,"Birmingham-Hoover, AL",33.485556,-86.915,MOBILE,180,NEIGHBORHOOD,500 M TO 4KM,,"Jefferson County, AL  Department Of Health",POPULATION EXPOSURE,,,4,
2022-04-11,010731003,1,0.1,Parts per million,1,Fairfield,24,100,42101,Carbon monoxide,093,INSTRUMENTAL - GAS FILTER CORRELATION CO ANALYZER,13820,"Birmingham-Hoover, AL",33.485556,-86.915,MOBILE,180,NEIGHBORHOOD,500 M TO 4KM,,"Jefferson County, AL  Department Of Health",POPULATION EXPOSURE,,,4,
2022-04-12,010731003,1,0.1,Parts per million,1,Fairfield,24,100,42101,Carbon monoxide,093,INSTRUMENTAL - GAS FILTER CORRELATION CO ANALYZER,13820,"Birmingham-Hoover, AL",33.485556,-86.915,MOBILE,180,NEIGHBORHOOD,500 M TO 4KM,,"Jefferson County, AL  Department Of Health",POPULATION EXPOSURE,,,4,
2022-04-13,010731003,1,0.1,Parts per million,1,Fairfield,24,100,42101,Carbon monoxide,093,INSTRUMENTAL - GAS FILTER CORRELATION CO ANALYZER,13820,"Birmingham-Hoover, AL",33.485556,-86.915,MOBILE,180,NEIGHBORHOOD,500 M TO 4KM,,"Jefferson County, AL  Department Of Health",POPULATION EXPOSURE,,,4,
2022-04-14,010731003,1,0.2,Parts per million,2,Fairfield,24,100,42101,Carbon monoxide,093,INSTRUMENTAL - GAS FILTER CORRELATION CO ANALYZER,13820,"Birmingham-Hoover, AL",33.485556,-86.915,MOBILE,180,NEIGHBORHOOD,500 M TO 4KM,,"Jefferson County, AL  Department Of Health",POPULATION EXPOSURE,,,4,
2022-04-15,010731003,1,0.4,Parts per million,5,Fairfield,24,100,42101,Carbon monoxide,093,INSTRUMENTAL - GAS FILTER CORRELATION CO ANALYZER,13820,"Birmingham-Hoover, AL",33.485556,-86.915,MOBILE,180,NEIGHBORHOOD,500 M TO 4KM,,"Jefferson County, AL  Department Of Health",POPULATION EXPOSURE,,,4,
2022-04-16,010731003,1,0.2,Parts per million,2,Fairfield,24,100,42101,Carbon monoxide,093,INSTRUMENTAL - GAS FILTER CORRELATION CO ANALYZER,13820,"Birmingham-Hoover, AL",33.485556,-86.915,MOBILE,180,NEIGHBORHOOD,500 M TO 4KM,,"Jefferson County, AL  Department Of Health",POPULATION EXPOSURE,,,4,
2022-04-17,010731003,1,0.2,Parts per million,2,Fairfield,24,100,42101,Carbon monoxide,093,INSTRUMENTAL - GAS FILTER CORRELATION CO ANALYZER,13820,"Birmingham-Hoover, AL",33.485556,-86.915,MOBILE,180,NEIGHBORHOOD,500 M TO 4KM,,"Jefferson County, AL  Department Of Health",POPULATION EXPOSURE,,,4,
2022-04-18,010731003,1,0.1,Parts per million,1,Fairfield,24,100,42101,Carbon monoxide,093,INSTRUMENTAL - GAS FILTER CORRELATION CO ANALYZER,13820,"Birmingham-Hoover, AL",33.485556,-86.915,MOBILE,180,NEIGHBORHOOD,500 M TO 4KM,,"Jefferson County, AL  Department Of Health",POPULATION EXPOSURE,,,4,
2022-04-19,010731003,1,0.3,Parts per million,3,Fairfield,24,100,42101,Carbon monoxide,093,INSTRUMENTAL - GAS FILTER CORRELATION CO ANALYZER,13820,"Birmingham-Hoover, AL",33.485556,-86.915,MOBILE,180,NEIGHBORHOOD,500 M TO 4KM,,"Jefferson County, AL  Department Of Health",POPULATION EXPOSURE,,,4,
2022-04-20,010731003,1,0.4,Parts per million,5,Fairfield,24,100,42101,Carbon monoxide,093,INSTRUMENTAL - GAS FILTER CORRELATION CO ANALYZER,13820,"Birmingham-Hoover, AL",33.485556,-86.915,MOBILE,180,NEIGHBORHOOD,500 M TO 4KM,,"Jefferson County, AL  Department Of Health",POPULATION EXPOSURE,,,4,
2022-04-21,010731003,1,0.2,Parts per million,2,Fairfield,24,100,42101,Carbon monoxide,093,INSTRUMENTAL - GAS FILTER CORRELATION CO ANALYZER,13820,"Birmingham-Hoover, AL",33.485556,-86.915,MOBILE,180,NEIGHBORHOOD,500 M TO 4KM,,"Jefferson County, AL  Department Of Health",POPULATION EXPOSURE,,,4,
2022-04-22,010731003,1,0.2,Parts per million,2,Fairfield,24,100,42101,Carbon monoxide,093,INSTRUMENTAL - GAS FILTER CORRELATION CO ANALYZER,13820,"Birmingham-Hoover, AL",33.485556,-86.915,MOBILE,180,NEIGHBORHOOD,500 M TO 4KM,,"Jefferson County, AL  Department Of Health",POPULATION EXPOSURE,,,4,
2022-04-23,010731003,1,0.2,Parts per million,2,Fairfield,24,100,42101,Carbon monoxide,093,INSTRUMENTAL - GAS FILTER CORRELATION CO ANALYZER,13820,"Birmingham-Hoover, AL",33.485556,-86.915,MOBILE,180,NEIGHBORHOOD,500 M TO 4KM,,"Jefferson County, AL  Department Of Health",POPULATION EXPOSURE,,,4,
2022-04-24,010731003,1,0.1,Parts per million,1,Fairfield,24,100,42101,Carbon monoxide,093,INSTRUMENTAL - GAS FILTER CORRELATION CO ANALYZER,13820,"Birmingham-Hoover, AL",33.485556,-86.915,MOBILE,180,NEIGHBORHOOD,500 M TO 4KM,,"Jefferson County, AL  Department Of Health",POPULATION EXPOSURE,,,4,
2022-04-25,010731003,1,0.1,Parts per million,1,Fairfield,24,100,42101,Carbon monoxide,093,INSTRUMENTAL - GAS FILTER CORRELATION CO ANALYZER,13820,"Birmingham-Hoover, AL",33.485556,-86.915,MOBILE,180,NEIGHBORHOOD,500 M TO 4KM,,"Jefferson County, AL  Department Of Health",POPULATION EXPOSURE,,,4,
2022-04-26,010731003,1,0.1,Parts per million,1,Fairfield,24,100,42101,Carbon monoxide,093,INSTRUMENTAL - GAS FILTER CORRELATION CO ANALYZER,13820,"Birmingham-Hoover, AL",33.485556,-86.915,MOBILE,180,NEIGHBORHOOD,500 M TO 4KM,,"Jefferson County, AL  Department Of Health",POPULATION EXPOSURE,,,4,
2022-04-27,010731003,1,0.2,Parts per million,2,Fairfield,24,100,42101,Carbon monoxide,093,INSTRUMENTAL - GAS FILTER CORRELATION CO ANALYZER,13820,"Birmingham-Hoover, AL",33.485556,-86.915,MOBILE,180,NEIGHBORHOOD,500 M TO 4KM,,"Jefferson County, AL  Department Of Health",POPULATION EXPOSURE,,,4,
2022-04-28,010731003,1,0.3,Parts per million,3,Fairfield,24,100,42101,Carbon monoxide,093,INSTRUMENTAL - GAS FILTER CORRELATION CO ANALYZER,13820,"Birmingham-Hoover, AL",33.485556,-86.915,MOBILE,180,NEIGHBORHOOD,500 M TO 4KM,,"Jefferson County, AL  Department Of Health",POPULATION EXPOSURE,,,4,
2022-04-29,010731003,1,0.3,Parts per million,3,Fairfield,24,100,42101,Carbon monoxide,093,INSTRUMENTAL - GAS FILTER CORRELATION CO ANALYZER,13820,"Birmingham-Hoover, AL",33.485556,-86.915,MOBILE,180,NEIGHBORHOOD,500 M TO 4KM,,"Jefferson County, AL  Department Of Health",POPULATION EXPOSURE,,,4,
2022-04-30,010731003,1,0.1,Parts per million,1,Fairfield,24,100,42101,Carbon monoxide,093,INSTRUMENTAL - GAS FILTER CORRELATION CO ANALYZER,13820,"Birmingham-Hoover, AL",33.485556,-86.915,MOBILE,180,NEIGHBORHOOD,500 M TO 4KM,,"Jefferson County, AL  Department Of Health",POPULATION EXPOSURE,,,4,
2022-05-01,010731003,1,0.1,Parts per million,1,Fairfield,24,100,42101,Carbon monoxide,093,INSTRUMENTAL - GAS FILTER CORRELATION CO ANALYZER,13820,"Birmingham-Hoover, AL",33.485556,-86.915,MOBILE,180,NEIGHBORHOOD,500 M TO 4KM,,"Jefferson County, AL  Department Of Health",POPULATION EXPOSURE,,,4,
2022-05-02,010731003,1,0.2,Parts per million,2,Fairfield,24,100,42101,Carbon monoxide,093,INSTRUMENTAL - GAS FILTER CORRELATION CO ANALYZER,13820,"Birmingham-Hoover, AL",33.485556,-86.915,MOBILE,180,NEIGHBORHOOD,500 M TO 4KM,,"Jefferson County, AL  Department Of Health",POPULATION EXPOSURE,,,4,
2022-05-03,010731003,1,0.4,Parts per million,5,Fairfield,24,100,42101,Carbon monoxide,093,INSTRUMENTAL - GAS FILTER CORRELATION CO ANALYZER,13820,"Birmingham-Hoover, AL",33.485556,-86.915,MOBILE,180,NEIGHBORHOOD,500 M TO 4KM,,"Jefferson County, AL  Department Of Health",POPULATION EXPOSURE,,,4,
2022-05-04,010731003,1,0.5,Parts per million,6,Fairfield,24,100,42101,Carbon monoxide,093,INSTRUMENTAL - GAS FILTER CORRELATION CO ANALYZER,13820,"Birmingham-Hoover, AL",33.485556,-86.915,MOBILE,180,NEIGHBORHOOD,500 M TO 4KM,,"Jefferson County, AL  Department Of Health",POPULATION EXPOSURE,,,4,
2022-05-05,010731003,1,0.1,Parts per million,1,Fairfield,24,100,42101,Carbon monoxide,093,INSTRUMENTAL - GAS FILTER CORRELATION CO ANALYZER,13820,"Birmingham-Hoover, AL",33.485556,-86.915,MOBILE,180,NEIGHBORHOOD,500 M TO 4KM,,"Jefferson County, AL  Department Of Health",POPULATION EXPOSURE,,,4,
2022-05-06,010731003,1,0.1,Parts per million,1,Fairfield,24,100,42101,Carbon monoxide,093,INSTRUMENTAL - GAS FILTER CORRELATION CO ANALYZER,13820,"Birmingham-Hoover, AL",33.485556,-86.915,MOBILE,180,NEIGHBORHOOD,500 M TO 4KM,,"Jefferson County, AL  Department Of Health",POPULATION EXPOSURE,,,4,
2022-05-07,010731003,1,0.1,Parts per million,1,Fairfield,24,100,42101,Carbon monoxide,093,INSTRUMENTAL - GAS FILTER CORRELATION CO ANALYZER,13820,"Birmingham-Hoover, AL",33.485556,-86.915,MOBILE,180,NEIGHBORHOOD,500 M TO 4KM,,"Jefferson County, AL  Department Of Health",POPULATION EXPOSURE,,,4,
2022-05-08,010731003,1,0.1,Parts per million,1,Fairfield,24,100,42101,Carbon monoxide,093,INSTRUMENTAL - GAS FILTER CORRELATION CO ANALYZER,13820,"Birmingham-Hoover, AL",33.485556,-86.915,MOBILE,180,NEIGHBORHOOD,500 M TO 4KM,,"Jefferson County, AL  Department Of Health",POPULATION EXPOSURE,,,4,
2022-05-09,010731003,1,0.1,Parts per million,1,Fairfield,24,100,42101,Carbon monoxide,093,INSTRUMENTAL - GAS FILTER CORRELATION CO ANALYZER,13820,"Birmingham-Hoover, AL",33.485556,-86.915,MOBILE,180,NEIGHBORHOOD,500 M TO 4KM,,"Jefferson County, AL  Department Of Health",POPULATION EXPOSURE,,,4,
2022-05-10,010731003,1,0.2,Parts per million,2,Fairfield,24,100,42101,Carbon monoxide,093,INSTRUMENTAL - GAS FILTER CORRELATION CO ANALYZER,13820,"Birmingham-Hoover, AL",33.485556,-86.915,MOBILE,180,NEIGHBORHOOD,500 M TO 4KM,,"Jefferson County, AL  Department Of Health",POPULATION EXPOSURE,,,4,
2022-05-11,010731003,1,0.3,Parts per million,3,Fairfield,24,100,42101,Carbon monoxide,093,INSTRUMENTAL - GAS FILTER CORRELATION CO ANALYZER,13820,"Birmingham-Hoover, AL",33.485556,-86.915,MOBILE,180,NEIGHBORHOOD,500 M TO 4KM,,"Jefferson County, AL  Department Of Health",POPULATION EXPOSURE,,,4,
2022-05-12,010731003,1,0.2,Parts per million,2,Fairfield,24,100,42101,Carbon monoxide,093,INSTRUMENTAL - GAS FILTER CORRELATION CO ANALYZER,13820,"Birmingham-Hoover, AL",33.485556,-86.915,MOBILE,180,NEIGHBORHOOD,500 M TO 4KM,,"Jefferson County, AL  Department Of Health",POPULATION EXPOSURE,,,4,
2022-05-13,010731003,1,0.1,Parts per million,1,Fairfield,24,100,42101,Carbon monoxide,093,INSTRUMENTAL - GAS FILTER CORRELATION CO ANALYZER,13820,"Birmingham-Hoover, AL",33.485556,-86.915,MOBILE,180,NEIGHBORHOOD,500 M TO 4KM,,"Jefferson County, AL  Department Of Health",POPULATION EXPOSURE,,,4,
2022-05-14,010731003,1,0.2,Parts per million,2,Fairfield,24,100,42101,Carbon monoxide,093,INSTRUMENTAL - GAS FILTER CORRELATION CO ANALYZER,13820,"Birmingham-Hoover, AL",33.485556,-86.915,MOBILE,180,NEIGHBORHOOD,500 M TO 4KM,,"Jefferson County, AL  Department Of Health",POPULATION EXPOSURE,,,4,
2022-05-15,010731003,1,0.3,Parts per million,3,Fairfield,24,100,42101,Carbon monoxide,093,INSTRUMENTAL - GAS FILTER CORRELATION CO ANALYZER,13820,"Birmingham-Hoover, AL",33.485556,-86.915,MOBILE,180,NEIGHBORHOOD,500 M TO 4KM,,"Jefferson County, AL  Department Of Health",POPULATION EXPOSURE,,,4,
2022-05-16,010731003,1,0.2,Parts per million,2,Fairfield,24,100,42101,Carbon monoxide,093,INSTRUMENTAL - GAS FILTER CORRELATION CO ANALYZER,13820,"Birmingham-Hoover, AL",33.485556,-86.915,MOBILE,180,NEIGHBORHOOD,500 M TO 4KM,,"Jefferson County, AL  Department Of Health",POPULATION EXPOSURE,,,4,
2022-05-17,010731003,1,0.2,Parts per million,2,Fairfield,24,100,42101,Carbon monoxide,093,INSTRUMENTAL - GAS FILTER CORRELATION CO ANALYZER,13820,"Birmingham-Hoover, AL",33.485556,-86.915,MOBILE,180,NEIGHBORHOOD,500 M TO 4KM,,"Jefferson County, AL  Department Of Health",POPULATION EXPOSURE,,,4,
2022-05-18,010731003,1,0.4,Parts per million,5,Fairfield,24,100,42101,Carbon monoxide,093,INSTRUMENTAL - GAS FILTER CORRELATION CO ANALYZER,13820,"Birmingham-Hoover, AL",33.485556,-86.915,MOBILE,180,NEIGHBORHOOD,500 M TO 4KM,,"Jefferson County, AL  Department Of Health",POPULATION EXPOSURE,,,4,
2022-05-19,010731003,1,0.2,Parts per million,2,Fairfield,24,100,42101,Carbon monoxide,093,INSTRUMENTAL - GAS FILTER CORRELATION CO ANALYZER,13820,"Birmingham-Hoover, AL",33.485556,-86.915,MOBILE,180,NEIGHBORHOOD,500 M TO 4KM,,"Jefferson County, AL  Department Of Health",POPULATION EXPOSURE,,,4,
2022-05-20,010731003,1,0,Parts per million,0,Fairfield,24,100,42101,Carbon monoxide,093,INSTRUMENTAL - GAS FILTER CORRELATION CO ANALYZER,13820,"Birmingham-Hoover, AL",33.485556,-86.915,MOBILE,180,NEIGHBORHOOD,500 M TO 4KM,,"Jefferson County, AL  Department Of Health",POPULATION EXPOSURE,,,4,
2022-05-21,010731003,1,0,Parts per million,0,Fairfield,24,100,42101,Carbon monoxide,093,INSTRUMENTAL - GAS FILTER CORRELATION CO ANALYZER,13820,"Birmingham-Hoover, AL",33.485556,-86.915,MOBILE,180,NEIGHBORHOOD,500 M TO 4KM,,"Jefferson County, AL  Department Of Health",POPULATION EXPOSURE,,,4,
2022-05-22,010731003,1,0.1,Parts per million,1,Fairfield,24,100,42101,Carbon monoxide,093,INSTRUMENTAL - GAS FILTER CORRELATION CO ANALYZER,13820,"Birmingham-Hoover, AL",33.485556,-86.915,MOBILE,180,NEIGHBORHOOD,500 M TO 4KM,,"Jefferson County, AL  Department Of Health",POPULATION EXPOSURE,,,4,
2022-05-23,010731003,1,0.1,Parts per million,1,Fairfield,24,100,42101,Carbon monoxide,093,INSTRUMENTAL - GAS FILTER CORRELATION CO ANALYZER,13820,"Birmingham-Hoover, AL",33.485556,-86.915,MOBILE,180,NEIGHBORHOOD,500 M TO 4KM,,"Jefferson County, AL  Department Of Health",POPULATION EXPOSURE,,,4,
2022-05-24,010731003,1,0.1,Parts per million,1,Fairfield,24,100,42101,Carbon monoxide,093,INSTRUMENTAL - GAS FILTER CORRELATION CO ANALYZER,13820,"Birmingham-Hoover, AL",33.485556,-86.915,MOBILE,180,NEIGHBORHOOD,500 M TO 4KM,,"Jefferson County, AL  Department Of Health",POPULATION EXPOSURE,,,4,
2022-05-25,010731003,1,0.1,Parts per million,1,Fairfield,24,100,42101,Carbon monoxide,093,INSTRUMENTAL - GAS FILTER CORRELATION CO ANALYZER,13820,"Birmingham-Hoover, AL",33.485556,-86.915,MOBILE,180,NEIGHBORHOOD,500 M TO 4KM,,"Jefferson County, AL  Department Of Health",POPULATION EXPOSURE,,,4,
2022-05-26,010731003,1,0,Parts per million,0,Fairfield,24,100,42101,Carbon monoxide,093,INSTRUMENTAL - GAS FILTER CORRELATION CO ANALYZER,13820,"Birmingham-Hoover, AL",33.485556,-86.915,MOBILE,180,NEIGHBORHOOD,500 M TO 4KM,,"Jefferson County, AL  Department Of Health",POPULATION EXPOSURE,,,4,
2022-05-27,010731003,1,0.1,Parts per million,1,Fairfield,24,100,42101,Carbon monoxide,093,INSTRUMENTAL - GAS FILTER CORRELATION CO ANALYZER,13820,"Birmingham-Hoover, AL",33.485556,-86.915,MOBILE,180,NEIGHBORHOOD,500 M TO 4KM,,"Jefferson County, AL  Department Of Health",POPULATION EXPOSURE,,,4,
2022-05-28,010731003,1,0.2,Parts per million,2,Fairfield,24,100,42101,Carbon monoxide,093,INSTRUMENTAL - GAS FILTER CORRELATION CO ANALYZER,13820,"Birmingham-Hoover, AL",33.485556,-86.915,MOBILE,180,NEIGHBORHOOD,500 M TO 4KM,,"Jefferson County, AL  Department Of Health",POPULATION EXPOSURE,,,4,
2022-05-29,010731003,1,0.5,Parts per million,6,Fairfield,24,100,42101,Carbon monoxide,093,INSTRUMENTAL - GAS FILTER CORRELATION CO ANALYZER,13820,"Birmingham-Hoover, AL",33.485556,-86.915,MOBILE,180,NEIGHBORHOOD,500 M TO 4KM,,"Jefferson County, AL  Department Of Health",POPULATION EXPOSURE,,,4,
2022-05-30,010731003,1,0.1,Parts per million,1,Fairfield,24,100,42101,Carbon monoxide,093,INSTRUMENTAL - GAS FILTER CORRELATION CO ANALYZER,13820,"Birmingham-Hoover, AL",33.485556,-86.915,MOBILE,180,NEIGHBORHOOD,500 M TO 4KM,,"Jefferson County, AL  Department Of Health",POPULATION EXPOSURE,,,4,
2022-05-31,010731003,1,0.1,Parts per million,1,Fairfield,24,100,42101,Carbon monoxide,093,INSTRUMENTAL - GAS FILTER CORRELATION CO ANALYZER,13820,"Birmingham-Hoover, AL",33.485556,-86.915,MOBILE,180,NEIGHBORHOOD,500 M TO 4KM,,"Jefferson County, AL  Department Of Health",POPULATION EXPOSURE,,,4,
2022-06-01,010731003,1,0.3,Parts per million,3,Fairfield,24,100,42101,Carbon monoxide,093,INSTRUMENTAL - GAS FILTER CORRELATION CO ANALYZER,13820,"Birmingham-Hoover, AL",33.485556,-86.915,MOBILE,180,NEIGHBORHOOD,500 M TO 4KM,,"Jefferson County, AL  Department Of Health",POPULATION EXPOSURE,,,4,
2022-06-02,010731003,1,0.4,Parts per million,5,Fairfield,24,100,42101,Carbon monoxide,093,INSTRUMENTAL - GAS FILTER CORRELATION CO ANALYZER,13820,"Birmingham-Hoover, AL",33.485556,-86.915,MOBILE,180,NEIGHBORHOOD,500 M TO 4KM,,"Jefferson County, AL  Department Of Health",POPULATION EXPOSURE,,,4,
2022-06-03,010731003,1,0.1,Parts per million,1,Fairfield,24,100,42101,Carbon monoxide,093,INSTRUMENTAL - GAS FILTER CORRELATION CO ANALYZER,13820,"Birmingham-Hoover, AL",33.485556,-86.915,MOBILE,180,NEIGHBORHOOD,500 M TO 4KM,,"Jefferson County, AL  Department Of Health",POPULATION EXPOSURE,,,4,
2022-06-04,010731003,1,0.2,Parts per million,2,Fairfield,24,100,42101,Carbon monoxide,093,INSTRUMENTAL - GAS FILTER CORRELATION CO ANALYZER,13820,"Birmingham-Hoover, AL",33.485556,-86.915,MOBILE,180,NEIGHBORHOOD,500 M TO 4KM,,"Jefferson County, AL  Department Of Health",POPULATION EXPOSURE,,,4,
2022-06-05,010731003,1,0.2,Parts per million,2,Fairfield,24,100,42101,Carbon monoxide,093,INSTRUMENTAL - GAS FILTER CORRELATION CO ANALYZER,13820,"Birmingham-Hoover, AL",33.485556,-86.915,MOBILE,180,NEIGHBORHOOD,500 M TO 4KM,,"Jefferson County, AL  Department Of Health",POPULATION EXPOSURE,,,4,
2022-06-06,010731003,1,0.1,Parts per million,1,Fairfield,24,100,42101,Carbon monoxide,093,INSTRUMENTAL - GAS FILTER CORRELATION CO ANALYZER,13820,"Birmingham-Hoover, AL",33.485556,-86.915,MOBILE,180,NEIGHBORHOOD,500 M TO 4KM,,"Jefferson County, AL  Department Of Health",POPULATION EXPOSURE,,,4,
2022-06-07,010731003,1,0.1,Parts per million,1,Fairfield,24,100,42101,Carbon monoxide,093,INSTRUMENTAL - GAS FILTER CORRELATION CO ANALYZER,13820,"Birmingham-Hoover, AL",33.485556,-86.915,MOBILE,180,NEIGHBORHOOD,500 M TO 4KM,,"Jefferson County, AL  Department Of Health",POPULATION EXPOSURE,,,4,
2022-06-08,010731003,1,0.1,Parts per million,1,Fairfield,21,88,42101,Carbon monoxide,093,INSTRUMENTAL - GAS FILTER CORRELATION CO ANALYZER,13820,"Birmingham-Hoover, AL",33.485556,-86.915,MOBILE,180,NEIGHBORHOOD,500 M TO 4KM,,"Jefferson County, AL  Department Of Health",POPULATION EXPOSURE,,,4,
2022-06-09,010731003,1,0.1,Parts per million,1,Fairfield,21,88,42101,Carbon monoxide,093,INSTRUMENTAL - GAS FILTER CORRELATION CO ANALYZER,13820,"Birmingham-Hoover, AL",33.485556,-86.915,MOBILE,180,NEIGHBORHOOD,500 M TO 4KM,,"Jefferson County, AL  Department Of Health",POPULATION EXPOSURE,,,4,
2022-06-10,010731003,1,0.2,Parts per million,2,Fairfield,24,100,42101,Carbon monoxide,093,INSTRUMENTAL - GAS FILTER CORRELATION CO ANALYZER,13820,"Birmingham-Hoover, AL",33.485556,-86.915,MOBILE,180,NEIGHBORHOOD,500 M TO 4KM,,"Jefferson County, AL  Department Of Health",POPULATION EXPOSURE,,,4,
2022-06-11,010731003,1,0.3,Parts per million,3,Fairfield,24,100,42101,Carbon monoxide,093,INSTRUMENTAL - GAS FILTER CORRELATION CO ANALYZER,13820,"Birmingham-Hoover, AL",33.485556,-86.915,MOBILE,180,NEIGHBORHOOD,500 M TO 4KM,,"Jefferson County, AL  Department Of Health",POPULATION EXPOSURE,,,4,
2022-06-12,010731003,1,0.4,Parts per million,5,Fairfield,24,100,42101,Carbon monoxide,093,INSTRUMENTAL - GAS FILTER CORRELATION CO ANALYZER,13820,"Birmingham-Hoover, AL",33.485556,-86.915,MOBILE,180,NEIGHBORHOOD,500 M TO 4KM,,"Jefferson County, AL  Department Of Health",POPULATION EXPOSURE,,,4,
2022-06-13,010731003,1,0.2,Parts per million,2,Fairfield,24,100,42101,Carbon monoxide,093,INSTRUMENTAL - GAS FILTER CORRELATION CO ANALYZER,13820,"Birmingham-Hoover, AL",33.485556,-86.915,MOBILE,180,NEIGHBORHOOD,500 M TO 4KM,,"Jefferson County, AL  Department Of Health",POPULATION EXPOSURE,,,4,
2022-06-14,010731003,1,0.4,Parts per million,5,Fairfield,24,100,42101,Carbon monoxide,093,INSTRUMENTAL - GAS FILTER CORRELATION CO ANALYZER,13820,"Birmingham-Hoover, AL",33.485556,-86.915,MOBILE,180,NEIGHBORHOOD,500 M TO 4KM,,"Jefferson County, AL  Department Of Health",POPULATION EXPOSURE,,,4,
2022-06-15,010731003,1,0.1,Parts per million,1,Fairfield,24,100,42101,Carbon monoxide,093,INSTRUMENTAL - GAS FILTER CORRELATION CO ANALYZER,13820,"Birmingham-Hoover, AL",33.485556,-86.915,MOBILE,180,NEIGHBORHOOD,500 M TO 4KM,,"Jefferson County, AL  Department Of Health",POPULATION EXPOSURE,,,4,
2022-06-16,010731003,1,0.2,Parts per million,2,Fairfield,24,100,42101,Carbon monoxide,093,INSTRUMENTAL - GAS FILTER CORRELATION CO ANALYZER,13820,"Birmingham-Hoover, AL",33.485556,-86.915,MOBILE,180,NEIGHBORHOOD,500 M TO 4KM,,"Jefferson County, AL  Department Of Health",POPULATION EXPOSURE,,,4,
2022-06-17,010731003,1,0.2,Parts per million,2,Fairfield,24,100,42101,Carbon monoxide,093,INSTRUMENTAL - GAS FILTER CORRELATION CO ANALYZER,13820,"Birmingham-Hoover, AL",33.485556,-86.915,MOBILE,180,NEIGHBORHOOD,500 M TO 4KM,,"Jefferson County, AL  Department Of Health",POPULATION EXPOSURE,,,4,
2022-06-18,010731003,1,0.2,Parts per million,2,Fairfield,24,100,42101,Carbon monoxide,093,INSTRUMENTAL - GAS FILTER CORRELATION CO ANALYZER,13820,"Birmingham-Hoover, AL",33.485556,-86.915,MOBILE,180,NEIGHBORHOOD,500 M TO 4KM,,"Jefferson County, AL  Department Of Health",POPULATION EXPOSURE,,,4,
2022-06-19,010731003,1,0.1,Parts per million,1,Fairfield,24,100,42101,Carbon monoxide,093,INSTRUMENTAL - GAS FILTER CORRELATION CO ANALYZER,13820,"Birmingham-Hoover, AL",33.485556,-86.915,MOBILE,180,NEIGHBORHOOD,500 M TO 4KM,,"Jefferson County, AL  Department Of Health",POPULATION EXPOSURE,,,4,
2022-06-20,010731003,1,0.2,Parts per million,2,Fairfield,24,100,42101,Carbon monoxide,093,INSTRUMENTAL - GAS FILTER CORRELATION CO ANALYZER,13820,"Birmingham-Hoover, AL",33.485556,-86.915,MOBILE,180,NEIGHBORHOOD,500 M TO 4KM,,"Jefferson County, AL  Department Of Health",POPULATION EXPOSURE,,,4,
2022-06-21,010731003,1,0.3,Parts per million,3,Fairfield,24,100,42101,Carbon monoxide,093,INSTRUMENTAL - GAS FILTER CORRELATION CO ANALYZER,13820,"Birmingham-Hoover, AL",33.485556,-86.915,MOBILE,180,NEIGHBORHOOD,500 M TO 4KM,,"Jefferson County, AL  Department Of Health",POPULATION EXPOSURE,,,4,
2022-06-22,010731003,1,0.3,Parts per million,3,Fairfield,24,100,42101,Carbon monoxide,093,INSTRUMENTAL - GAS FILTER CORRELATION CO ANALYZER,13820,"Birmingham-Hoover, AL",33.485556,-86.915,MOBILE,180,NEIGHBORHOOD,500 M TO 4KM,,"Jefferson County, AL  Department Of Health",POPULATION EXPOSURE,,,4,
2022-06-23,010731003,1,0.2,Parts per million,2,Fairfield,24,100,42101,Carbon monoxide,093,INSTRUMENTAL - GAS FILTER CORRELATION CO ANALYZER,13820,"Birmingham-Hoover, AL",33.485556,-86.915,MOBILE,180,NEIGHBORHOOD,500 M TO 4KM,,"Jefferson County, AL  Department Of Health",POPULATION EXPOSURE,,,4,
2022-06-24,010731003,1,0.2,Parts per million,2,Fairfield,24,100,42101,Carbon monoxide,093,INSTRUMENTAL - GAS FILTER CORRELATION CO ANALYZER,13820,"Birmingham-Hoover, AL",33.485556,-86.915,MOBILE,180,NEIGHBORHOOD,500 M TO 4KM,,"Jefferson County, AL  Department Of Health",POPULATION EXPOSURE,,,4,
2022-06-25,010731003,1,0.3,Parts per million,3,Fairfield,24,100,42101,Carbon monoxide,093,INSTRUMENTAL - GAS FILTER CORRELATION CO ANALYZER,13820,"Birmingham-Hoover, AL",33.485556,-86.915,MOBILE,180,NEIGHBORHOOD,500 M TO 4KM,,"Jefferson County, AL  Department Of Health",POPULATION EXPOSURE,,,4,
2022-06-26,010731003,1,0.1,Parts per million,1,Fairfield,24,100,42101,Carbon monoxide,093,INSTRUMENTAL - GAS FILTER CORRELATION CO ANALYZER,13820,"Birmingham-Hoover, AL",33.485556,-86.915,MOBILE,180,NEIGHBORHOOD,500 M TO 4KM,,"Jefferson County, AL  Department Of Health",POPULATION EXPOSURE,,,4,
2022-06-27,010731003,1,0.1,Parts per million,1,Fairfield,24,100,42101,Carbon monoxide,093,INSTRUMENTAL - GAS FILTER CORRELATION CO ANALYZER,13820,"Birmingham-Hoover, AL",33.485556,-86.915,MOBILE,180,NEIGHBORHOOD,500 M TO 4KM,,"Jefferson County, AL  Department Of Health",POPULATION EXPOSURE,,,4,
2022-06-28,010731003,1,0,Parts per million,0,Fairfield,24,100,42101,Carbon monoxide,093,INSTRUMENTAL - GAS FILTER CORRELATION CO ANALYZER,13820,"Birmingham-Hoover, AL",33.485556,-86.915,MOBILE,180,NEIGHBORHOOD,500 M TO 4KM,,"Jefferson County, AL  Department Of Health",POPULATION EXPOSURE,,,4,
2022-06-29,010731003,1,0.1,Parts per million,1,Fairfield,24,100,42101,Carbon monoxide,093,INSTRUMENTAL - GAS FILTER CORRELATION CO ANALYZER,13820,"Birmingham-Hoover, AL",33.485556,-86.915,MOBILE,180,NEIGHBORHOOD,500 M TO 4KM,,"Jefferson County, AL  Department Of Health",POPULATION EXPOSURE,,,4,
2022-06-30,010731003,1,0.1,Parts per million,1,Fairfield,24,100,42101,Carbon monoxide,093,INSTRUMENTAL - GAS FILTER CORRELATION CO ANALYZER,13820,"Birmingham-Hoover, AL",33.485556,-86.915,MOBILE,180,NEIGHBORHOOD,500 M TO 4KM,,"Jefferson County, AL  Department Of Health",POPULATION EXPOSURE,,,4,
2022-07-01,010731003,1,0.1,Parts per million,1,Fairfield,24,100,42101,Carbon monoxide,093,INSTRUMENTAL - GAS FILTER CORRELATION CO ANALYZER,13820,"Birmingham-Hoover, AL",33.485556,-86.915,MOBILE,180,NEIGHBORHOOD,500 M TO 4KM,,"Jefferson County, AL  Department Of Health",POPULATION EXPOSURE,,,4,
2022-07-02,010731003,1,0,Parts per million,0,Fairfield,24,100,42101,Carbon monoxide,093,INSTRUMENTAL - GAS FILTER CORRELATION CO ANALYZER,13820,"Birmingham-Hoover, AL",33.485556,-86.915,MOBILE,180,NEIGHBORHOOD,500 M TO 4KM,,"Jefferson County, AL  Department Of Health",POPULATION EXPOSURE,,,4,
2022-07-03,010731003,1,0,Parts per million,0,Fairfield,24,100,42101,Carbon monoxide,093,INSTRUMENTAL - GAS FILTER CORRELATION CO ANALYZER,13820,"Birmingham-Hoover, AL",33.485556,-86.915,MOBILE,180,NEIGHBORHOOD,500 M TO 4KM,,"Jefferson County, AL  Department Of Health",POPULATION EXPOSURE,,,4,
2022-07-04,010731003,1,0,Parts per million,0,Fairfield,24,100,42101,Carbon monoxide,093,INSTRUMENTAL - GAS FILTER CORRELATION CO ANALYZER,13820,"Birmingham-Hoover, AL",33.485556,-86.915,MOBILE,180,NEIGHBORHOOD,500 M TO 4KM,,"Jefferson County, AL  Department Of Health",POPULATION EXPOSURE,,,4,
2022-07-05,010731003,1,0.1,Parts per million,1,Fairfield,24,100,42101,Carbon monoxide,093,INSTRUMENTAL - GAS FILTER CORRELATION CO ANALYZER,13820,"Birmingham-Hoover, AL",33.485556,-86.915,MOBILE,180,NEIGHBORHOOD,500 M TO 4KM,,"Jefferson County, AL  Department Of Health",POPULATION EXPOSURE,,,4,
2022-07-06,010731003,1,0.1,Parts per million,1,Fairfield,24,100,42101,Carbon monoxide,093,INSTRUMENTAL - GAS FILTER CORRELATION CO ANALYZER,13820,"Birmingham-Hoover, AL",33.485556,-86.915,MOBILE,180,NEIGHBORHOOD,500 M TO 4KM,,"Jefferson County, AL  Department Of Health",POPULATION EXPOSURE,,,4,
2022-07-07,010731003,1,0.1,Parts per million,1,Fairfield,24,100,42101,Carbon monoxide,093,INSTRUMENTAL - GAS FILTER CORRELATION CO ANALYZER,13820,"Birmingham-Hoover, AL",33.485556,-86.915,MOBILE,180,NEIGHBORHOOD,500 M TO 4KM,,"Jefferson County, AL  Department Of Health",POPULATION EXPOSURE,,,4,
2022-07-08,010731003,1,0.2,Parts per million,2,Fairfield,24,100,42101,Carbon monoxide,093,INSTRUMENTAL - GAS FILTER CORRELATION CO ANALYZER,13820,"Birmingham-Hoover, AL",33.485556,-86.915,MOBILE,180,NEIGHBORHOOD,500 M TO 4KM,,"Jefferson County, AL  Department Of Health",POPULATION EXPOSURE,,,4,
2022-07-09,010731003,1,0.1,Parts per million,1,Fairfield,24,100,42101,Carbon monoxide,093,INSTRUMENTAL - GAS FILTER CORRELATION CO ANALYZER,13820,"Birmingham-Hoover, AL",33.485556,-86.915,MOBILE,180,NEIGHBORHOOD,500 M TO 4KM,,"Jefferson County, AL  Department Of Health",POPULATION EXPOSURE,,,4,
2022-07-10,010731003,1,0.2,Parts per million,2,Fairfield,24,100,42101,Carbon monoxide,093,INSTRUMENTAL - GAS FILTER CORRELATION CO ANALYZER,13820,"Birmingham-Hoover, AL",33.485556,-86.915,MOBILE,180,NEIGHBORHOOD,500 M TO 4KM,,"Jefferson County, AL  Department Of Health",POPULATION EXPOSURE,,,4,
2022-07-11,010731003,1,0.3,Parts per million,3,Fairfield,24,100,42101,Carbon monoxide,093,INSTRUMENTAL - GAS FILTER CORRELATION CO ANALYZER,13820,"Birmingham-Hoover, AL",33.485556,-86.915,MOBILE,180,NEIGHBORHOOD,500 M TO 4KM,,"Jefferson County, AL  Department Of Health",POPULATION EXPOSURE,,,4,
2022-07-12,010731003,1,0.3,Parts per million,3,Fairfield,24,100,42101,Carbon monoxide,093,INSTRUMENTAL - GAS FILTER CORRELATION CO ANALYZER,13820,"Birmingham-Hoover, AL",33.485556,-86.915,MOBILE,180,NEIGHBORHOOD,500 M TO 4KM,,"Jefferson County, AL  Department Of Health",POPULATION EXPOSURE,,,4,
2022-07-13,010731003,1,0.2,Parts per million,2,Fairfield,24,100,42101,Carbon monoxide,093,INSTRUMENTAL - GAS FILTER CORRELATION CO ANALYZER,13820,"Birmingham-Hoover, AL",33.485556,-86.915,MOBILE,180,NEIGHBORHOOD,500 M TO 4KM,,"Jefferson County, AL  Department Of Health",POPULATION EXPOSURE,,,4,
2022-07-14,010731003,1,0.2,Parts per million,2,Fairfield,24,100,42101,Carbon monoxide,093,INSTRUMENTAL - GAS FILTER CORRELATION CO ANALYZER,13820,"Birmingham-Hoover, AL",33.485556,-86.915,MOBILE,180,NEIGHBORHOOD,500 M TO 4KM,,"Jefferson County, AL  Department Of Health",POPULATION EXPOSURE,,,4,
2022-07-15,010731003,1,0.3,Parts per million,3,Fairfield,24,100,42101,Carbon monoxide,093,INSTRUMENTAL - GAS FILTER CORRELATION CO ANALYZER,13820,"Birmingham-Hoover, AL",33.485556,-86.915,MOBILE,180,NEIGHBORHOOD,500 M TO 4KM,,"Jefferson County, AL  Department Of Health",POPULATION EXPOSURE,,,4,
2022-07-16,010731003,1,0.3,Parts per million,3,Fairfield,24,100,42101,Carbon monoxide,093,INSTRUMENTAL - GAS FILTER CORRELATION CO ANALYZER,13820,"Birmingham-Hoover, AL",33.485556,-86.915,MOBILE,180,NEIGHBORHOOD,500 M TO 4KM,,"Jefferson County, AL  Department Of Health",POPULATION EXPOSURE,,,4,
2022-07-17,010731003,1,0.3,Parts per million,3,Fairfield,24,100,42101,Carbon monoxide,093,INSTRUMENTAL - GAS FILTER CORRELATION CO ANALYZER,13820,"Birmingham-Hoover, AL",33.485556,-86.915,MOBILE,180,NEIGHBORHOOD,500 M TO 4KM,,"Jefferson County, AL  Department Of Health",POPULATION EXPOSURE,,,4,
2022-07-18,010731003,1,0.3,Parts per million,3,Fairfield,24,100,42101,Carbon monoxide,093,INSTRUMENTAL - GAS FILTER CORRELATION CO ANALYZER,13820,"Birmingham-Hoover, AL",33.485556,-86.915,MOBILE,180,NEIGHBORHOOD,500 M TO 4KM,,"Jefferson County, AL  Department Of Health",POPULATION EXPOSURE,,,4,
2022-07-19,010731003,1,0.3,Parts per million,3,Fairfield,24,100,42101,Carbon monoxide,093,INSTRUMENTAL - GAS FILTER CORRELATION CO ANALYZER,13820,"Birmingham-Hoover, AL",33.485556,-86.915,MOBILE,180,NEIGHBORHOOD,500 M TO 4KM,,"Jefferson County, AL  Department Of Health",POPULATION EXPOSURE,,,4,
2022-07-20,010731003,1,0.1,Parts per million,1,Fairfield,24,100,42101,Carbon monoxide,093,INSTRUMENTAL - GAS FILTER CORRELATION CO ANALYZER,13820,"Birmingham-Hoover, AL",33.485556,-86.915,MOBILE,180,NEIGHBORHOOD,500 M TO 4KM,,"Jefferson County, AL  Department Of Health",POPULATION EXPOSURE,,,4,
2022-07-21,010731003,1,0.2,Parts per million,2,Fairfield,24,100,42101,Carbon monoxide,093,INSTRUMENTAL - GAS FILTER CORRELATION CO ANALYZER,13820,"Birmingham-Hoover, AL",33.485556,-86.915,MOBILE,180,NEIGHBORHOOD,500 M TO 4KM,,"Jefferson County, AL  Department Of Health",POPULATION EXPOSURE,,,4,
2022-07-22,010731003,1,0.3,Parts per million,3,Fairfield,24,100,42101,Carbon monoxide,093,INSTRUMENTAL - GAS FILTER CORRELATION CO ANALYZER,13820,"Birmingham-Hoover, AL",33.485556,-86.915,MOBILE,180,NEIGHBORHOOD,500 M TO 4KM,,"Jefferson County, AL  Department Of Health",POPULATION EXPOSURE,,,4,
2022-07-23,010731003,1,0.4,Parts per million,5,Fairfield,24,100,42101,Carbon monoxide,093,INSTRUMENTAL - GAS FILTER CORRELATION CO ANALYZER,13820,"Birmingham-Hoover, AL",33.485556,-86.915,MOBILE,180,NEIGHBORHOOD,500 M TO 4KM,,"Jefferson County, AL  Department Of Health",POPULATION EXPOSURE,,,4,
2022-07-24,010731003,1,0.2,Parts per million,2,Fairfield,24,100,42101,Carbon monoxide,093,INSTRUMENTAL - GAS FILTER CORRELATION CO ANALYZER,13820,"Birmingham-Hoover, AL",33.485556,-86.915,MOBILE,180,NEIGHBORHOOD,500 M TO 4KM,,"Jefferson County, AL  Department Of Health",POPULATION EXPOSURE,,,4,
2022-07-25,010731003,1,0.1,Parts per million,1,Fairfield,24,100,42101,Carbon monoxide,093,INSTRUMENTAL - GAS FILTER CORRELATION CO ANALYZER,13820,"Birmingham-Hoover, AL",33.485556,-86.915,MOBILE,180,NEIGHBORHOOD,500 M TO 4KM,,"Jefferson County, AL  Department Of Health",POPULATION EXPOSURE,,,4,
2022-07-26,010731003,1,0.2,Parts per million,2,Fairfield,24,100,42101,Carbon monoxide,093,INSTRUMENTAL - GAS FILTER CORRELATION CO ANALYZER,13820,"Birmingham-Hoover, AL",33.485556,-86.915,MOBILE,180,NEIGHBORHOOD,500 M TO 4KM,,"Jefferson County, AL  Department Of Health",POPULATION EXPOSURE,,,4,
2022-07-27,010731003,1,0.2,Parts per million,2,Fairfield,24,100,42101,Carbon monoxide,093,INSTRUMENTAL - GAS FILTER CORRELATION CO ANALYZER,13820,"Birmingham-Hoover, AL",33.485556,-86.915,MOBILE,180,NEIGHBORHOOD,500 M TO 4KM,,"Jefferson County, AL  Department Of Health",POPULATION EXPOSURE,,,4,
2022-07-28,010731003,1,0.2,Parts per million,2,Fairfield,24,100,42101,Carbon monoxide,093,INSTRUMENTAL - GAS FILTER CORRELATION CO ANALYZER,13820,"Birmingham-Hoover, AL",33.485556,-86.915,MOBILE,180,NEIGHBORHOOD,500 M TO 4KM,,"Jefferson County, AL  Department Of Health",POPULATION EXPOSURE,,,4,
2022-07-29,010731003,1,0.2,Parts per million,2,Fairfield,24,100,42101,Carbon monoxide,093,INSTRUMENTAL - GAS FILTER CORRELATION CO ANALYZER,13820,"Birmingham-Hoover, AL",33.485556,-86.915,MOBILE,180,NEIGHBORHOOD,500 M TO 4KM,,"Jefferson County, AL  Department Of Health",POPULATION EXPOSURE,,,4,
2022-07-30,010731003,1,0.1,Parts per million,1,Fairfield,24,100,42101,Carbon monoxide,093,INSTRUMENTAL - GAS FILTER CORRELATION CO ANALYZER,13820,"Birmingham-Hoover, AL",33.485556,-86.915,MOBILE,180,NEIGHBORHOOD,500 M TO 4KM,,"Jefferson County, AL  Department Of Health",POPULATION EXPOSURE,,,4,
2022-07-31,010731003,1,0.1,Parts per million,1,Fairfield,24,100,42101,Carbon monoxide,093,INSTRUMENTAL - GAS FILTER CORRELATION CO ANALYZER,13820,"Birmingham-Hoover, AL",33.485556,-86.915,MOBILE,180,NEIGHBORHOOD,500 M TO 4KM,,"Jefferson County, AL  Department Of Health",POPULATION EXPOSURE,,,4,
2022-08-01,010731003,1,0.2,Parts per million,2,Fairfield,24,100,42101,Carbon monoxide,093,INSTRUMENTAL - GAS FILTER CORRELATION CO ANALYZER,13820,"Birmingham-Hoover, AL",33.485556,-86.915,MOBILE,180,NEIGHBORHOOD,500 M TO 4KM,,"Jefferson County, AL  Department Of Health",POPULATION EXPOSURE,,,4,
2022-08-02,010731003,1,0.2,Parts per million,2,Fairfield,24,100,42101,Carbon monoxide,093,INSTRUMENTAL - GAS FILTER CORRELATION CO ANALYZER,13820,"Birmingham-Hoover, AL",33.485556,-86.915,MOBILE,180,NEIGHBORHOOD,500 M TO 4KM,,"Jefferson County, AL  Department Of Health",POPULATION EXPOSURE,,,4,
2022-08-03,010731003,1,0.2,Parts per million,2,Fairfield,24,100,42101,Carbon monoxide,093,INSTRUMENTAL - GAS FILTER CORRELATION CO ANALYZER,13820,"Birmingham-Hoover, AL",33.485556,-86.915,MOBILE,180,NEIGHBORHOOD,500 M TO 4KM,,"Jefferson County, AL  Department Of Health",POPULATION EXPOSURE,,,4,
2022-08-04,010731003,1,0.2,Parts per million,2,Fairfield,24,100,42101,Carbon monoxide,093,INSTRUMENTAL - GAS FILTER CORRELATION CO ANALYZER,13820,"Birmingham-Hoover, AL",33.485556,-86.915,MOBILE,180,NEIGHBORHOOD,500 M TO 4KM,,"Jefferson County, AL  Department Of Health",POPULATION EXPOSURE,,,4,
2022-08-05,010731003,1,0.2,Parts per million,2,Fairfield,24,100,42101,Carbon monoxide,093,INSTRUMENTAL - GAS FILTER CORRELATION CO ANALYZER,13820,"Birmingham-Hoover, AL",33.485556,-86.915,MOBILE,180,NEIGHBORHOOD,500 M TO 4KM,,"Jefferson County, AL  Department Of Health",POPULATION EXPOSURE,,,4,
2022-08-06,010731003,1,0.3,Parts per million,3,Fairfield,24,100,42101,Carbon monoxide,093,INSTRUMENTAL - GAS FILTER CORRELATION CO ANALYZER,13820,"Birmingham-Hoover, AL",33.485556,-86.915,MOBILE,180,NEIGHBORHOOD,500 M TO 4KM,,"Jefferson County, AL  Department Of Health",POPULATION EXPOSURE,,,4,
2022-08-07,010731003,1,0.2,Parts per million,2,Fairfield,24,100,42101,Carbon monoxide,093,INSTRUMENTAL - GAS FILTER CORRELATION CO ANALYZER,13820,"Birmingham-Hoover, AL",33.485556,-86.915,MOBILE,180,NEIGHBORHOOD,500 M TO 4KM,,"Jefferson County, AL  Department Of Health",POPULATION EXPOSURE,,,4,
2022-08-08,010731003,1,0.2,Parts per million,2,Fairfield,24,100,42101,Carbon monoxide,093,INSTRUMENTAL - GAS FILTER CORRELATION CO ANALYZER,13820,"Birmingham-Hoover, AL",33.485556,-86.915,MOBILE,180,NEIGHBORHOOD,500 M TO 4KM,,"Jefferson County, AL  Department Of Health",POPULATION EXPOSURE,,,4,
2022-08-09,010731003,1,0.2,Parts per million,2,Fairfield,24,100,42101,Carbon monoxide,093,INSTRUMENTAL - GAS FILTER CORRELATION CO ANALYZER,13820,"Birmingham-Hoover, AL",33.485556,-86.915,MOBILE,180,NEIGHBORHOOD,500 M TO 4KM,,"Jefferson County, AL  Department Of Health",POPULATION EXPOSURE,,,4,
2022-08-10,010731003,1,0.1,Parts per million,1,Fairfield,24,100,42101,Carbon monoxide,093,INSTRUMENTAL - GAS FILTER CORRELATION CO ANALYZER,13820,"Birmingham-Hoover, AL",33.485556,-86.915,MOBILE,180,NEIGHBORHOOD,500 M TO 4KM,,"Jefferson County, AL  Department Of Health",POPULATION EXPOSURE,,,4,
2022-08-11,010731003,1,0.2,Parts per million,2,Fairfield,24,100,42101,Carbon monoxide,093,INSTRUMENTAL - GAS FILTER CORRELATION CO ANALYZER,13820,"Birmingham-Hoover, AL",33.485556,-86.915,MOBILE,180,NEIGHBORHOOD,500 M TO 4KM,,"Jefferson County, AL  Department Of Health",POPULATION EXPOSURE,,,4,
2022-08-12,010731003,1,0.2,Parts per million,2,Fairfield,24,100,42101,Carbon monoxide,093,INSTRUMENTAL - GAS FILTER CORRELATION CO ANALYZER,13820,"Birmingham-Hoover, AL",33.485556,-86.915,MOBILE,180,NEIGHBORHOOD,500 M TO 4KM,,"Jefferson County, AL  Department Of Health",POPULATION EXPOSURE,,,4,
2022-08-13,010731003,1,0.2,Parts per million,2,Fairfield,24,100,42101,Carbon monoxide,093,INSTRUMENTAL - GAS FILTER CORRELATION CO ANALYZER,13820,"Birmingham-Hoover, AL",33.485556,-86.915,MOBILE,180,NEIGHBORHOOD,500 M TO 4KM,,"Jefferson County, AL  Department Of Health",POPULATION EXPOSURE,,,4,
2022-08-14,010731003,1,0.3,Parts per million,3,Fairfield,24,100,42101,Carbon monoxide,093,INSTRUMENTAL - GAS FILTER CORRELATION CO ANALYZER,13820,"Birmingham-Hoover, AL",33.485556,-86.915,MOBILE,180,NEIGHBORHOOD,500 M TO 4KM,,"Jefferson County, AL  Department Of Health",POPULATION EXPOSURE,,,4,
2022-08-15,010731003,1,0.4,Parts per million,5,Fairfield,24,100,42101,Carbon monoxide,093,INSTRUMENTAL - GAS FILTER CORRELATION CO ANALYZER,13820,"Birmingham-Hoover, AL",33.485556,-86.915,MOBILE,180,NEIGHBORHOOD,500 M TO 4KM,,"Jefferson County, AL  Department Of Health",POPULATION EXPOSURE,,,4,
2022-08-16,010731003,1,0.2,Parts per million,2,Fairfield,24,100,42101,Carbon monoxide,093,INSTRUMENTAL - GAS FILTER CORRELATION CO ANALYZER,13820,"Birmingham-Hoover, AL",33.485556,-86.915,MOBILE,180,NEIGHBORHOOD,500 M TO 4KM,,"Jefferson County, AL  Department Of Health",POPULATION EXPOSURE,,,4,
2022-08-17,010731003,1,0.2,Parts per million,2,Fairfield,24,100,42101,Carbon monoxide,093,INSTRUMENTAL - GAS FILTER CORRELATION CO ANALYZER,13820,"Birmingham-Hoover, AL",33.485556,-86.915,MOBILE,180,NEIGHBORHOOD,500 M TO 4KM,,"Jefferson County, AL  Department Of Health",POPULATION EXPOSURE,,,4,
2022-08-18,010731003,1,0.2,Parts per million,2,Fairfield,24,100,42101,Carbon monoxide,093,INSTRUMENTAL - GAS FILTER CORRELATION CO ANALYZER,13820,"Birmingham-Hoover, AL",33.485556,-86.915,MOBILE,180,NEIGHBORHOOD,500 M TO 4KM,,"Jefferson County, AL  Department Of Health",POPULATION EXPOSURE,,,4,
2022-08-19,010731003,1,0.2,Parts per million,2,Fairfield,24,100,42101,Carbon monoxide,093,INSTRUMENTAL - GAS FILTER CORRELATION CO ANALYZER,13820,"Birmingham-Hoover, AL",33.485556,-86.915,MOBILE,180,NEIGHBORHOOD,500 M TO 4KM,,"Jefferson County, AL  Department Of Health",POPULATION EXPOSURE,,,4,
2022-08-20,010731003,1,0.1,Parts per million,1,Fairfield,24,100,42101,Carbon monoxide,093,INSTRUMENTAL - GAS FILTER CORRELATION CO ANALYZER,13820,"Birmingham-Hoover, AL",33.485556,-86.915,MOBILE,180,NEIGHBORHOOD,500 M TO 4KM,,"Jefferson County, AL  Department Of Health",POPULATION EXPOSURE,,,4,
2022-08-21,010731003,1,0.2,Parts per million,2,Fairfield,24,100,42101,Carbon monoxide,093,INSTRUMENTAL - GAS FILTER CORRELATION CO ANALYZER,13820,"Birmingham-Hoover, AL",33.485556,-86.915,MOBILE,180,NEIGHBORHOOD,500 M TO 4KM,,"Jefferson County, AL  Department Of Health",POPULATION EXPOSURE,,,4,
2022-08-22,010731003,1,0.3,Parts per million,3,Fairfield,24,100,42101,Carbon monoxide,093,INSTRUMENTAL - GAS FILTER CORRELATION CO ANALYZER,13820,"Birmingham-Hoover, AL",33.485556,-86.915,MOBILE,180,NEIGHBORHOOD,500 M TO 4KM,,"Jefferson County, AL  Department Of Health",POPULATION EXPOSURE,,,4,
2022-08-23,010731003,1,0.1,Parts per million,1,Fairfield,24,100,42101,Carbon monoxide,093,INSTRUMENTAL - GAS FILTER CORRELATION CO ANALYZER,13820,"Birmingham-Hoover, AL",33.485556,-86.915,MOBILE,180,NEIGHBORHOOD,500 M TO 4KM,,"Jefferson County, AL  Department Of Health",POPULATION EXPOSURE,,,4,
2022-08-24,010731003,1,0.1,Parts per million,1,Fairfield,24,100,42101,Carbon monoxide,093,INSTRUMENTAL - GAS FILTER CORRELATION CO ANALYZER,13820,"Birmingham-Hoover, AL",33.485556,-86.915,MOBILE,180,NEIGHBORHOOD,500 M TO 4KM,,"Jefferson County, AL  Department Of Health",POPULATION EXPOSURE,,,4,
2022-08-25,010731003,1,0.1,Parts per million,1,Fairfield,24,100,42101,Carbon monoxide,093,INSTRUMENTAL - GAS FILTER CORRELATION CO ANALYZER,13820,"Birmingham-Hoover, AL",33.485556,-86.915,MOBILE,180,NEIGHBORHOOD,500 M TO 4KM,,"Jefferson County, AL  Department Of Health",POPULATION EXPOSURE,,,4,
2022-08-26,010731003,1,0.2,Parts per million,2,Fairfield,24,100,42101,Carbon monoxide,093,INSTRUMENTAL - GAS FILTER CORRELATION CO ANALYZER,13820,"Birmingham-Hoover, AL",33.485556,-86.915,MOBILE,180,NEIGHBORHOOD,500 M TO 4KM,,"Jefferson County, AL  Department Of Health",POPULATION EXPOSURE,,,4,
2022-08-27,010731003,1,0.4,Parts per million,5,Fairfield,24,100,42101,Carbon monoxide,093,INSTRUMENTAL - GAS FILTER CORRELATION CO ANALYZER,13820,"Birmingham-Hoover, AL",33.485556,-86.915,MOBILE,180,NEIGHBORHOOD,500 M TO 4KM,,"Jefferson County, AL  Department Of Health",POPULATION EXPOSURE,,,4,
2022-08-28,010731003,1,0.3,Parts per million,3,Fairfield,24,100,42101,Carbon monoxide,093,INSTRUMENTAL - GAS FILTER CORRELATION CO ANALYZER,13820,"Birmingham-Hoover, AL",33.485556,-86.915,MOBILE,180,NEIGHBORHOOD,500 M TO 4KM,,"Jefferson County, AL  Department Of Health",POPULATION EXPOSURE,,,4,
2022-08-29,010731003,1,0.2,Parts per million,2,Fairfield,24,100,42101,Carbon monoxide,093,INSTRUMENTAL - GAS FILTER CORRELATION CO ANALYZER,13820,"Birmingham-Hoover, AL",33.485556,-86.915,MOBILE,180,NEIGHBORHOOD,500 M TO 4KM,,"Jefferson County, AL  Department Of Health",POPULATION EXPOSURE,,,4,
2022-08-30,010731003,1,0.3,Parts per million,3,Fairfield,24,100,42101,Carbon monoxide,093,INSTRUMENTAL - GAS FILTER CORRELATION CO ANALYZER,13820,"Birmingham-Hoover, AL",33.485556,-86.915,MOBILE,180,NEIGHBORHOOD,500 M TO 4KM,,"Jefferson County, AL  Department Of Health",POPULATION EXPOSURE,,,4,
2022-08-31,010731003,1,0.3,Parts per million,3,Fairfield,24,100,42101,Carbon monoxide,093,INSTRUMENTAL - GAS FILTER CORRELATION CO ANALYZER,13820,"Birmingham-Hoover, AL",33.485556,-86.915,MOBILE,180,NEIGHBORHOOD,500 M TO 4KM,,"Jefferson County, AL  Department Of Health",POPULATION EXPOSURE,,,4,
2022-09-01,010731003,1,0.3,Parts per million,3,Fairfield,24,100,42101,Carbon monoxide,093,INSTRUMENTAL - GAS FILTER CORRELATION CO ANALYZER,13820,"Birmingham-Hoover, AL",33.485556,-86.915,MOBILE,180,NEIGHBORHOOD,500 M TO 4KM,,"Jefferson County, AL  Department Of Health",POPULATION EXPOSURE,,,4,
2022-09-02,010731003,1,0.3,Parts per million,3,Fairfield,24,100,42101,Carbon monoxide,093,INSTRUMENTAL - GAS FILTER CORRELATION CO ANALYZER,13820,"Birmingham-Hoover, AL",33.485556,-86.915,MOBILE,180,NEIGHBORHOOD,500 M TO 4KM,,"Jefferson County, AL  Department Of Health",POPULATION EXPOSURE,,,4,
2022-09-03,010731003,1,0.1,Parts per million,1,Fairfield,24,100,42101,Carbon monoxide,093,INSTRUMENTAL - GAS FILTER CORRELATION CO ANALYZER,13820,"Birmingham-Hoover, AL",33.485556,-86.915,MOBILE,180,NEIGHBORHOOD,500 M TO 4KM,,"Jefferson County, AL  Department Of Health",POPULATION EXPOSURE,,,4,
2022-09-04,010731003,1,0.1,Parts per million,1,Fairfield,24,100,42101,Carbon monoxide,093,INSTRUMENTAL - GAS FILTER CORRELATION CO ANALYZER,13820,"Birmingham-Hoover, AL",33.485556,-86.915,MOBILE,180,NEIGHBORHOOD,500 M TO 4KM,,"Jefferson County, AL  Department Of Health",POPULATION EXPOSURE,,,4,
2022-09-05,010731003,1,0.2,Parts per million,2,Fairfield,24,100,42101,Carbon monoxide,093,INSTRUMENTAL - GAS FILTER CORRELATION CO ANALYZER,13820,"Birmingham-Hoover, AL",33.485556,-86.915,MOBILE,180,NEIGHBORHOOD,500 M TO 4KM,,"Jefferson County, AL  Department Of Health",POPULATION EXPOSURE,,,4,
2022-09-06,010731003,1,0.3,Parts per million,3,Fairfield,24,100,42101,Carbon monoxide,093,INSTRUMENTAL - GAS FILTER CORRELATION CO ANALYZER,13820,"Birmingham-Hoover, AL",33.485556,-86.915,MOBILE,180,NEIGHBORHOOD,500 M TO 4KM,,"Jefferson County, AL  Department Of Health",POPULATION EXPOSURE,,,4,
2022-09-07,010731003,1,0.1,Parts per million,1,Fairfield,24,100,42101,Carbon monoxide,093,INSTRUMENTAL - GAS FILTER CORRELATION CO ANALYZER,13820,"Birmingham-Hoover, AL",33.485556,-86.915,MOBILE,180,NEIGHBORHOOD,500 M TO 4KM,,"Jefferson County, AL  Department Of Health",POPULATION EXPOSURE,,,4,
2022-09-08,010731003,1,0.1,Parts per million,1,Fairfield,24,100,42101,Carbon monoxide,093,INSTRUMENTAL - GAS FILTER CORRELATION CO ANALYZER,13820,"Birmingham-Hoover, AL",33.485556,-86.915,MOBILE,180,NEIGHBORHOOD,500 M TO 4KM,,"Jefferson County, AL  Department Of Health",POPULATION EXPOSURE,,,4,
2022-09-09,010731003,1,0.1,Parts per million,1,Fairfield,24,100,42101,Carbon monoxide,093,INSTRUMENTAL - GAS FILTER CORRELATION CO ANALYZER,13820,"Birmingham-Hoover, AL",33.485556,-86.915,MOBILE,180,NEIGHBORHOOD,500 M TO 4KM,,"Jefferson County, AL  Department Of Health",POPULATION EXPOSURE,,,4,
2022-09-10,010731003,1,0.1,Parts per million,1,Fairfield,24,100,42101,Carbon monoxide,093,INSTRUMENTAL - GAS FILTER CORRELATION CO ANALYZER,13820,"Birmingham-Hoover, AL",33.485556,-86.915,MOBILE,180,NEIGHBORHOOD,500 M TO 4KM,,"Jefferson County, AL  Department Of Health",POPULATION EXPOSURE,,,4,
2022-09-11,010731003,1,0.1,Parts per million,1,Fairfield,24,100,42101,Carbon monoxide,093,INSTRUMENTAL - GAS FILTER CORRELATION CO ANALYZER,13820,"Birmingham-Hoover, AL",33.485556,-86.915,MOBILE,180,NEIGHBORHOOD,500 M TO 4KM,,"Jefferson County, AL  Department Of Health",POPULATION EXPOSURE,,,4,
2022-09-12,010731003,1,0.2,Parts per million,2,Fairfield,24,100,42101,Carbon monoxide,093,INSTRUMENTAL - GAS FILTER CORRELATION CO ANALYZER,13820,"Birmingham-Hoover, AL",33.485556,-86.915,MOBILE,180,NEIGHBORHOOD,500 M TO 4KM,,"Jefferson County, AL  Department Of Health",POPULATION EXPOSURE,,,4,
2022-09-13,010731003,1,0.2,Parts per million,2,Fairfield,24,100,42101,Carbon monoxide,093,INSTRUMENTAL - GAS FILTER CORRELATION CO ANALYZER,13820,"Birmingham-Hoover, AL",33.485556,-86.915,MOBILE,180,NEIGHBORHOOD,500 M TO 4KM,,"Jefferson County, AL  Department Of Health",POPULATION EXPOSURE,,,4,
2022-09-14,010731003,1,0.4,Parts per million,5,Fairfield,24,100,42101,Carbon monoxide,093,INSTRUMENTAL - GAS FILTER CORRELATION CO ANALYZER,13820,"Birmingham-Hoover, AL",33.485556,-86.915,MOBILE,180,NEIGHBORHOOD,500 M TO 4KM,,"Jefferson County, AL  Department Of Health",POPULATION EXPOSURE,,,4,
2022-09-15,010731003,1,0.2,Parts per million,2,Fairfield,24,100,42101,Carbon monoxide,093,INSTRUMENTAL - GAS FILTER CORRELATION CO ANALYZER,13820,"Birmingham-Hoover, AL",33.485556,-86.915,MOBILE,180,NEIGHBORHOOD,500 M TO 4KM,,"Jefferson County, AL  Department Of Health",POPULATION EXPOSURE,,,4,
2022-09-16,010731003,1,0.3,Parts per million,3,Fairfield,24,100,42101,Carbon monoxide,093,INSTRUMENTAL - GAS FILTER CORRELATION CO ANALYZER,13820,"Birmingham-Hoover, AL",33.485556,-86.915,MOBILE,180,NEIGHBORHOOD,500 M TO 4KM,,"Jefferson County, AL  Department Of Health",POPULATION EXPOSURE,,,4,
2022-09-17,010731003,1,0.4,Parts per million,5,Fairfield,24,100,42101,Carbon monoxide,093,INSTRUMENTAL - GAS FILTER CORRELATION CO ANALYZER,13820,"Birmingham-Hoover, AL",33.485556,-86.915,MOBILE,180,NEIGHBORHOOD,500 M TO 4KM,,"Jefferson County, AL  Department Of Health",POPULATION EXPOSURE,,,4,
2022-09-18,010731003,1,0.3,Parts per million,3,Fairfield,24,100,42101,Carbon monoxide,093,INSTRUMENTAL - GAS FILTER CORRELATION CO ANALYZER,13820,"Birmingham-Hoover, AL",33.485556,-86.915,MOBILE,180,NEIGHBORHOOD,500 M TO 4KM,,"Jefferson County, AL  Department Of Health",POPULATION EXPOSURE,,,4,
2022-09-19,010731003,1,0.4,Parts per million,5,Fairfield,24,100,42101,Carbon monoxide,093,INSTRUMENTAL - GAS FILTER CORRELATION CO ANALYZER,13820,"Birmingham-Hoover, AL",33.485556,-86.915,MOBILE,180,NEIGHBORHOOD,500 M TO 4KM,,"Jefferson County, AL  Department Of Health",POPULATION EXPOSURE,,,4,
2022-09-20,010731003,1,0.6,Parts per million,7,Fairfield,24,100,42101,Carbon monoxide,093,INSTRUMENTAL - GAS FILTER CORRELATION CO ANALYZER,13820,"Birmingham-Hoover, AL",33.485556,-86.915,MOBILE,180,NEIGHBORHOOD,500 M TO 4KM,,"Jefferson County, AL  Department Of Health",POPULATION EXPOSURE,,,4,
2022-09-21,010731003,1,0.3,Parts per million,3,Fairfield,24,100,42101,Carbon monoxide,093,INSTRUMENTAL - GAS FILTER CORRELATION CO ANALYZER,13820,"Birmingham-Hoover, AL",33.485556,-86.915,MOBILE,180,NEIGHBORHOOD,500 M TO 4KM,,"Jefferson County, AL  Department Of Health",POPULATION EXPOSURE,,,4,
2022-09-22,010731003,1,0.4,Parts per million,5,Fairfield,24,100,42101,Carbon monoxide,093,INSTRUMENTAL - GAS FILTER CORRELATION CO ANALYZER,13820,"Birmingham-Hoover, AL",33.485556,-86.915,MOBILE,180,NEIGHBORHOOD,500 M TO 4KM,,"Jefferson County, AL  Department Of Health",POPULATION EXPOSURE,,,4,
2022-09-23,010731003,1,0.3,Parts per million,3,Fairfield,24,100,42101,Carbon monoxide,093,INSTRUMENTAL - GAS FILTER CORRELATION CO ANALYZER,13820,"Birmingham-Hoover, AL",33.485556,-86.915,MOBILE,180,NEIGHBORHOOD,500 M TO 4KM,,"Jefferson County, AL  Department Of Health",POPULATION EXPOSURE,,,4,
2022-09-24,010731003,1,0.4,Parts per million,5,Fairfield,24,100,42101,Carbon monoxide,093,INSTRUMENTAL - GAS FILTER CORRELATION CO ANALYZER,13820,"Birmingham-Hoover, AL",33.485556,-86.915,MOBILE,180,NEIGHBORHOOD,500 M TO 4KM,,"Jefferson County, AL  Department Of Health",POPULATION EXPOSURE,,,4,
2022-09-25,010731003,1,0.1,Parts per million,1,Fairfield,24,100,42101,Carbon monoxide,093,INSTRUMENTAL - GAS FILTER CORRELATION CO ANALYZER,13820,"Birmingham-Hoover, AL",33.485556,-86.915,MOBILE,180,NEIGHBORHOOD,500 M TO 4KM,,"Jefferson County, AL  Department Of Health",POPULATION EXPOSURE,,,4,
2022-09-26,010731003,1,0.1,Parts per million,1,Fairfield,24,100,42101,Carbon monoxide,093,INSTRUMENTAL - GAS FILTER CORRELATION CO ANALYZER,13820,"Birmingham-Hoover, AL",33.485556,-86.915,MOBILE,180,NEIGHBORHOOD,500 M TO 4KM,,"Jefferson County, AL  Department Of Health",POPULATION EXPOSURE,,,4,
2022-09-27,010731003,1,0.1,Parts per million,1,Fairfield,24,100,42101,Carbon monoxide,093,INSTRUMENTAL - GAS FILTER CORRELATION CO ANALYZER,13820,"Birmingham-Hoover, AL",33.485556,-86.915,MOBILE,180,NEIGHBORHOOD,500 M TO 4KM,,"Jefferson County, AL  Department Of Health",POPULATION EXPOSURE,,,4,
2022-09-28,010731003,1,0.1,Parts per million,1,Fairfield,24,100,42101,Carbon monoxide,093,INSTRUMENTAL - GAS FILTER CORRELATION CO ANALYZER,13820,"Birmingham-Hoover, AL",33.485556,-86.915,MOBILE,180,NEIGHBORHOOD,500 M TO 4KM,,"Jefferson County, AL  Department Of Health",POPULATION EXPOSURE,,,4,
2022-09-29,010731003,1,0.1,Parts per million,1,Fairfield,24,100,42101,Carbon monoxide,093,INSTRUMENTAL - GAS FILTER CORRELATION CO ANALYZER,13820,"Birmingham-Hoover, AL",33.485556,-86.915,MOBILE,180,NEIGHBORHOOD,500 M TO 4KM,,"Jefferson County, AL  Department Of Health",POPULATION EXPOSURE,,,4,
2022-09-30,010731003,1,0.2,Parts per million,2,Fairfield,24,100,42101,Carbon monoxide,093,INSTRUMENTAL - GAS FILTER CORRELATION CO ANALYZER,13820,"Birmingham-Hoover, AL",33.485556,-86.915,MOBILE,180,NEIGHBORHOOD,500 M TO 4KM,,"Jefferson County, AL  Department Of Health",POPULATION EXPOSURE,,,4,
2022-10-01,010731003,1,0.2,Parts per million,2,Fairfield,24,100,42101,Carbon monoxide,093,INSTRUMENTAL - GAS FILTER CORRELATION CO ANALYZER,13820,"Birmingham-Hoover, AL",33.485556,-86.915,MOBILE,180,NEIGHBORHOOD,500 M TO 4KM,,"Jefferson County, AL  Department Of Health",POPULATION EXPOSURE,,,4,
2022-10-02,010731003,1,0.2,Parts per million,2,Fairfield,24,100,42101,Carbon monoxide,093,INSTRUMENTAL - GAS FILTER CORRELATION CO ANALYZER,13820,"Birmingham-Hoover, AL",33.485556,-86.915,MOBILE,180,NEIGHBORHOOD,500 M TO 4KM,,"Jefferson County, AL  Department Of Health",POPULATION EXPOSURE,,,4,
2022-10-03,010731003,1,0.1,Parts per million,1,Fairfield,24,100,42101,Carbon monoxide,093,INSTRUMENTAL - GAS FILTER CORRELATION CO ANALYZER,13820,"Birmingham-Hoover, AL",33.485556,-86.915,MOBILE,180,NEIGHBORHOOD,500 M TO 4KM,,"Jefferson County, AL  Department Of Health",POPULATION EXPOSURE,,,4,
2022-10-04,010731003,1,0.2,Parts per million,2,Fairfield,24,100,42101,Carbon monoxide,093,INSTRUMENTAL - GAS FILTER CORRELATION CO ANALYZER,13820,"Birmingham-Hoover, AL",33.485556,-86.915,MOBILE,180,NEIGHBORHOOD,500 M TO 4KM,,"Jefferson County, AL  Department Of Health",POPULATION EXPOSURE,,,4,
2022-10-05,010731003,1,0.3,Parts per million,3,Fairfield,24,100,42101,Carbon monoxide,093,INSTRUMENTAL - GAS FILTER CORRELATION CO ANALYZER,13820,"Birmingham-Hoover, AL",33.485556,-86.915,MOBILE,180,NEIGHBORHOOD,500 M TO 4KM,,"Jefferson County, AL  Department Of Health",POPULATION EXPOSURE,,,4,
2022-10-06,010731003,1,0.5,Parts per million,6,Fairfield,24,100,42101,Carbon monoxide,093,INSTRUMENTAL - GAS FILTER CORRELATION CO ANALYZER,13820,"Birmingham-Hoover, AL",33.485556,-86.915,MOBILE,180,NEIGHBORHOOD,500 M TO 4KM,,"Jefferson County, AL  Department Of Health",POPULATION EXPOSURE,,,4,
2022-10-07,010731003,1,0.6,Parts per million,7,Fairfield,24,100,42101,Carbon monoxide,093,INSTRUMENTAL - GAS FILTER CORRELATION CO ANALYZER,13820,"Birmingham-Hoover, AL",33.485556,-86.915,MOBILE,180,NEIGHBORHOOD,500 M TO 4KM,,"Jefferson County, AL  Department Of Health",POPULATION EXPOSURE,,,4,
2022-10-08,010731003,1,0.2,Parts per million,2,Fairfield,24,100,42101,Carbon monoxide,093,INSTRUMENTAL - GAS FILTER CORRELATION CO ANALYZER,13820,"Birmingham-Hoover, AL",33.485556,-86.915,MOBILE,180,NEIGHBORHOOD,500 M TO 4KM,,"Jefferson County, AL  Department Of Health",POPULATION EXPOSURE,,,4,
2022-10-09,010731003,1,0.2,Parts per million,2,Fairfield,24,100,42101,Carbon monoxide,093,INSTRUMENTAL - GAS FILTER CORRELATION CO ANALYZER,13820,"Birmingham-Hoover, AL",33.485556,-86.915,MOBILE,180,NEIGHBORHOOD,500 M TO 4KM,,"Jefferson County, AL  Department Of Health",POPULATION EXPOSURE,,,4,
2022-10-10,010731003,1,0.3,Parts per million,3,Fairfield,24,100,42101,Carbon monoxide,093,INSTRUMENTAL - GAS FILTER CORRELATION CO ANALYZER,13820,"Birmingham-Hoover, AL",33.485556,-86.915,MOBILE,180,NEIGHBORHOOD,500 M TO 4KM,,"Jefferson County, AL  Department Of Health",POPULATION EXPOSURE,,,4,
2022-10-11,010731003,1,0.3,Parts per million,3,Fairfield,24,100,42101,Carbon monoxide,093,INSTRUMENTAL - GAS FILTER CORRELATION CO ANALYZER,13820,"Birmingham-Hoover, AL",33.485556,-86.915,MOBILE,180,NEIGHBORHOOD,500 M TO 4KM,,"Jefferson County, AL  Department Of Health",POPULATION EXPOSURE,,,4,
2022-10-12,010731003,1,0.1,Parts per million,1,Fairfield,24,100,42101,Carbon monoxide,093,INSTRUMENTAL - GAS FILTER CORRELATION CO ANALYZER,13820,"Birmingham-Hoover, AL",33.485556,-86.915,MOBILE,180,NEIGHBORHOOD,500 M TO 4KM,,"Jefferson County, AL  Department Of Health",POPULATION EXPOSURE,,,4,
2022-10-13,010731003,1,0.1,Parts per million,1,Fairfield,24,100,42101,Carbon monoxide,093,INSTRUMENTAL - GAS FILTER CORRELATION CO ANALYZER,13820,"Birmingham-Hoover, AL",33.485556,-86.915,MOBILE,180,NEIGHBORHOOD,500 M TO 4KM,,"Jefferson County, AL  Department Of Health",POPULATION EXPOSURE,,,4,
2022-10-14,010731003,1,0.4,Parts per million,5,Fairfield,24,100,42101,Carbon monoxide,093,INSTRUMENTAL - GAS FILTER CORRELATION CO ANALYZER,13820,"Birmingham-Hoover, AL",33.485556,-86.915,MOBILE,180,NEIGHBORHOOD,500 M TO 4KM,,"Jefferson County, AL  Department Of Health",POPULATION EXPOSURE,,,4,
2022-10-15,010731003,1,0.4,Parts per million,5,Fairfield,24,100,42101,Carbon monoxide,093,INSTRUMENTAL - GAS FILTER CORRELATION CO ANALYZER,13820,"Birmingham-Hoover, AL",33.485556,-86.915,MOBILE,180,NEIGHBORHOOD,500 M TO 4KM,,"Jefferson County, AL  Department Of Health",POPULATION EXPOSURE,,,4,
2022-10-16,010731003,1,0.4,Parts per million,5,Fairfield,24,100,42101,Carbon monoxide,093,INSTRUMENTAL - GAS FILTER CORRELATION CO ANALYZER,13820,"Birmingham-Hoover, AL",33.485556,-86.915,MOBILE,180,NEIGHBORHOOD,500 M TO 4KM,,"Jefferson County, AL  Department Of Health",POPULATION EXPOSURE,,,4,
2022-10-17,010731003,1,0.2,Parts per million,2,Fairfield,24,100,42101,Carbon monoxide,093,INSTRUMENTAL - GAS FILTER CORRELATION CO ANALYZER,13820,"Birmingham-Hoover, AL",33.485556,-86.915,MOBILE,180,NEIGHBORHOOD,500 M TO 4KM,,"Jefferson County, AL  Department Of Health",POPULATION EXPOSURE,,,4,
2022-10-18,010731003,1,0.1,Parts per million,1,Fairfield,24,100,42101,Carbon monoxide,093,INSTRUMENTAL - GAS FILTER CORRELATION CO ANALYZER,13820,"Birmingham-Hoover, AL",33.485556,-86.915,MOBILE,180,NEIGHBORHOOD,500 M TO 4KM,,"Jefferson County, AL  Department Of Health",POPULATION EXPOSURE,,,4,
2022-10-19,010731003,1,0.2,Parts per million,2,Fairfield,24,100,42101,Carbon monoxide,093,INSTRUMENTAL - GAS FILTER CORRELATION CO ANALYZER,13820,"Birmingham-Hoover, AL",33.485556,-86.915,MOBILE,180,NEIGHBORHOOD,500 M TO 4KM,,"Jefferson County, AL  Department Of Health",POPULATION EXPOSURE,,,4,
2022-10-20,010731003,1,0.3,Parts per million,3,Fairfield,24,100,42101,Carbon monoxide,093,INSTRUMENTAL - GAS FILTER CORRELATION CO ANALYZER,13820,"Birmingham-Hoover, AL",33.485556,-86.915,MOBILE,180,NEIGHBORHOOD,500 M TO 4KM,,"Jefferson County, AL  Department Of Health",POPULATION EXPOSURE,,,4,
2022-10-21,010731003,1,0.5,Parts per million,6,Fairfield,24,100,42101,Carbon monoxide,093,INSTRUMENTAL - GAS FILTER CORRELATION CO ANALYZER,13820,"Birmingham-Hoover, AL",33.485556,-86.915,MOBILE,180,NEIGHBORHOOD,500 M TO 4KM,,"Jefferson County, AL  Department Of Health",POPULATION EXPOSURE,,,4,
2022-10-22,010731003,1,0.3,Parts per million,3,Fairfield,24,100,42101,Carbon monoxide,093,INSTRUMENTAL - GAS FILTER CORRELATION CO ANALYZER,13820,"Birmingham-Hoover, AL",33.485556,-86.915,MOBILE,180,NEIGHBORHOOD,500 M TO 4KM,,"Jefferson County, AL  Department Of Health",POPULATION EXPOSURE,,,4,
2022-10-23,010731003,1,0.3,Parts per million,3,Fairfield,24,100,42101,Carbon monoxide,093,INSTRUMENTAL - GAS FILTER CORRELATION CO ANALYZER,13820,"Birmingham-Hoover, AL",33.485556,-86.915,MOBILE,180,NEIGHBORHOOD,500 M TO 4KM,,"Jefferson County, AL  Department Of Health",POPULATION EXPOSURE,,,4,
2022-10-24,010731003,1,0.4,Parts per million,5,Fairfield,24,100,42101,Carbon monoxide,093,INSTRUMENTAL - GAS FILTER CORRELATION CO ANALYZER,13820,"Birmingham-Hoover, AL",33.485556,-86.915,MOBILE,180,NEIGHBORHOOD,500 M TO 4KM,,"Jefferson County, AL  Department Of Health",POPULATION EXPOSURE,,,4,
2022-10-25,010731003,1,0,Parts per million,0,Fairfield,24,100,42101,Carbon monoxide,093,INSTRUMENTAL - GAS FILTER CORRELATION CO ANALYZER,13820,"Birmingham-Hoover, AL",33.485556,-86.915,MOBILE,180,NEIGHBORHOOD,500 M TO 4KM,,"Jefferson County, AL  Department Of Health",POPULATION EXPOSURE,,,4,
2022-10-26,010731003,1,0.1,Parts per million,1,Fairfield,24,100,42101,Carbon monoxide,093,INSTRUMENTAL - GAS FILTER CORRELATION CO ANALYZER,13820,"Birmingham-Hoover, AL",33.485556,-86.915,MOBILE,180,NEIGHBORHOOD,500 M TO 4KM,,"Jefferson County, AL  Department Of Health",POPULATION EXPOSURE,,,4,
2022-10-27,010731003,1,0.4,Parts per million,5,Fairfield,24,100,42101,Carbon monoxide,093,INSTRUMENTAL - GAS FILTER CORRELATION CO ANALYZER,13820,"Birmingham-Hoover, AL",33.485556,-86.915,MOBILE,180,NEIGHBORHOOD,500 M TO 4KM,,"Jefferson County, AL  Department Of Health",POPULATION EXPOSURE,,,4,
2022-10-28,010731003,1,0.4,Parts per million,5,Fairfield,24,100,42101,Carbon monoxide,093,INSTRUMENTAL - GAS FILTER CORRELATION CO ANALYZER,13820,"Birmingham-Hoover, AL",33.485556,-86.915,MOBILE,180,NEIGHBORHOOD,500 M TO 4KM,,"Jefferson County, AL  Department Of Health",POPULATION EXPOSURE,,,4,
2022-10-29,010731003,1,0.1,Parts per million,1,Fairfield,24,100,42101,Carbon monoxide,093,INSTRUMENTAL - GAS FILTER CORRELATION CO ANALYZER,13820,"Birmingham-Hoover, AL",33.485556,-86.915,MOBILE,180,NEIGHBORHOOD,500 M TO 4KM,,"Jefferson County, AL  Department Of Health",POPULATION EXPOSURE,,,4,
2022-10-30,010731003,1,0.1,Parts per million,1,Fairfield,24,100,42101,Carbon monoxide,093,INSTRUMENTAL - GAS FILTER CORRELATION CO ANALYZER,13820,"Birmingham-Hoover, AL",33.485556,-86.915,MOBILE,180,NEIGHBORHOOD,500 M TO 4KM,,"Jefferson County, AL  Department Of Health",POPULATION EXPOSURE,,,4,
2022-10-31,010731003,1,0.4,Parts per million,5,Fairfield,24,100,42101,Carbon monoxide,093,INSTRUMENTAL - GAS FILTER CORRELATION CO ANALYZER,13820,"Birmingham-Hoover, AL",33.485556,-86.915,MOBILE,180,NEIGHBORHOOD,500 M TO 4KM,,"Jefferson County, AL  Department Of Health",POPULATION EXPOSURE,,,4,
2022-11-01,010731003,1,0.4,Parts per million,5,Fairfield,24,100,42101,Carbon monoxide,093,INSTRUMENTAL - GAS FILTER CORRELATION CO ANALYZER,13820,"Birmingham-Hoover, AL",33.485556,-86.915,MOBILE,180,NEIGHBORHOOD,500 M TO 4KM,,"Jefferson County, AL  Department Of Health",POPULATION EXPOSURE,,,4,
2022-11-02,010731003,1,0.4,Parts per million,5,Fairfield,24,100,42101,Carbon monoxide,093,INSTRUMENTAL - GAS FILTER CORRELATION CO ANALYZER,13820,"Birmingham-Hoover, AL",33.485556,-86.915,MOBILE,180,NEIGHBORHOOD,500 M TO 4KM,,"Jefferson County, AL  Department Of Health",POPULATION EXPOSURE,,,4,
2022-11-03,010731003,1,0.5,Parts per million,6,Fairfield,24,100,42101,Carbon monoxide,093,INSTRUMENTAL - GAS FILTER CORRELATION CO ANALYZER,13820,"Birmingham-Hoover, AL",33.485556,-86.915,MOBILE,180,NEIGHBORHOOD,500 M TO 4KM,,"Jefferson County, AL  Department Of Health",POPULATION EXPOSURE,,,4,
2022-11-04,010731003,1,0.3,Parts per million,3,Fairfield,24,100,42101,Carbon monoxide,093,INSTRUMENTAL - GAS FILTER CORRELATION CO ANALYZER,13820,"Birmingham-Hoover, AL",33.485556,-86.915,MOBILE,180,NEIGHBORHOOD,500 M TO 4KM,,"Jefferson County, AL  Department Of Health",POPULATION EXPOSURE,,,4,
2022-11-05,010731003,1,0,Parts per million,0,Fairfield,24,100,42101,Carbon monoxide,093,INSTRUMENTAL - GAS FILTER CORRELATION CO ANALYZER,13820,"Birmingham-Hoover, AL",33.485556,-86.915,MOBILE,180,NEIGHBORHOOD,500 M TO 4KM,,"Jefferson County, AL  Department Of Health",POPULATION EXPOSURE,,,4,
2022-11-06,010731003,1,0.3,Parts per million,3,Fairfield,24,100,42101,Carbon monoxide,093,INSTRUMENTAL - GAS FILTER CORRELATION CO ANALYZER,13820,"Birmingham-Hoover, AL",33.485556,-86.915,MOBILE,180,NEIGHBORHOOD,500 M TO 4KM,,"Jefferson County, AL  Department Of Health",POPULATION EXPOSURE,,,4,
2022-11-07,010731003,1,0.6,Parts per million,7,Fairfield,24,100,42101,Carbon monoxide,093,INSTRUMENTAL - GAS FILTER CORRELATION CO ANALYZER,13820,"Birmingham-Hoover, AL",33.485556,-86.915,MOBILE,180,NEIGHBORHOOD,500 M TO 4KM,,"Jefferson County, AL  Department Of Health",POPULATION EXPOSURE,,,4,
2022-11-08,010731003,1,0.2,Parts per million,2,Fairfield,24,100,42101,Carbon monoxide,093,INSTRUMENTAL - GAS FILTER CORRELATION CO ANALYZER,13820,"Birmingham-Hoover, AL",33.485556,-86.915,MOBILE,180,NEIGHBORHOOD,500 M TO 4KM,,"Jefferson County, AL  Department Of Health",POPULATION EXPOSURE,,,4,
2022-11-09,010731003,1,0.2,Parts per million,2,Fairfield,24,100,42101,Carbon monoxide,093,INSTRUMENTAL - GAS FILTER CORRELATION CO ANALYZER,13820,"Birmingham-Hoover, AL",33.485556,-86.915,MOBILE,180,NEIGHBORHOOD,500 M TO 4KM,,"Jefferson County, AL  Department Of Health",POPULATION EXPOSURE,,,4,
2022-11-10,010731003,1,0.1,Parts per million,1,Fairfield,24,100,42101,Carbon monoxide,093,INSTRUMENTAL - GAS FILTER CORRELATION CO ANALYZER,13820,"Birmingham-Hoover, AL",33.485556,-86.915,MOBILE,180,NEIGHBORHOOD,500 M TO 4KM,,"Jefferson County, AL  Department Of Health",POPULATION EXPOSURE,,,4,
2022-11-11,010731003,1,0.3,Parts per million,3,Fairfield,24,100,42101,Carbon monoxide,093,INSTRUMENTAL - GAS FILTER CORRELATION CO ANALYZER,13820,"Birmingham-Hoover, AL",33.485556,-86.915,MOBILE,180,NEIGHBORHOOD,500 M TO 4KM,,"Jefferson County, AL  Department Of Health",POPULATION EXPOSURE,,,4,
2022-11-12,010731003,1,0.3,Parts per million,3,Fairfield,24,100,42101,Carbon monoxide,093,INSTRUMENTAL - GAS FILTER CORRELATION CO ANALYZER,13820,"Birmingham-Hoover, AL",33.485556,-86.915,MOBILE,180,NEIGHBORHOOD,500 M TO 4KM,,"Jefferson County, AL  Department Of Health",POPULATION EXPOSURE,,,4,
2022-11-13,010731003,1,0,Parts per million,0,Fairfield,24,100,42101,Carbon monoxide,093,INSTRUMENTAL - GAS FILTER CORRELATION CO ANALYZER,13820,"Birmingham-Hoover, AL",33.485556,-86.915,MOBILE,180,NEIGHBORHOOD,500 M TO 4KM,,"Jefferson County, AL  Department Of Health",POPULATION EXPOSURE,,,4,
2022-11-14,010731003,1,0.1,Parts per million,1,Fairfield,24,100,42101,Carbon monoxide,093,INSTRUMENTAL - GAS FILTER CORRELATION CO ANALYZER,13820,"Birmingham-Hoover, AL",33.485556,-86.915,MOBILE,180,NEIGHBORHOOD,500 M TO 4KM,,"Jefferson County, AL  Department Of Health",POPULATION EXPOSURE,,,4,
2022-11-15,010731003,1,0.1,Parts per million,1,Fairfield,24,100,42101,Carbon monoxide,093,INSTRUMENTAL - GAS FILTER CORRELATION CO ANALYZER,13820,"Birmingham-Hoover, AL",33.485556,-86.915,MOBILE,180,NEIGHBORHOOD,500 M TO 4KM,,"Jefferson County, AL  Department Of Health",POPULATION EXPOSURE,,,4,
2022-11-16,010731003,1,0.1,Parts per million,1,Fairfield,18,75,42101,Carbon monoxide,093,INSTRUMENTAL - GAS FILTER CORRELATION CO ANALYZER,13820,"Birmingham-Hoover, AL",33.485556,-86.915,MOBILE,180,NEIGHBORHOOD,500 M TO 4KM,,"Jefferson County, AL  Department Of Health",POPULATION EXPOSURE,,,4,
2022-11-17,010731003,1,0.2,Parts per million,2,Fairfield,24,100,42101,Carbon monoxide,093,INSTRUMENTAL - GAS FILTER CORRELATION CO ANALYZER,13820,"Birmingham-Hoover, AL",33.485556,-86.915,MOBILE,180,NEIGHBORHOOD,500 M TO 4KM,,"Jefferson County, AL  Department Of Health",POPULATION EXPOSURE,,,4,
2022-11-18,010731003,1,0.5,Parts per million,6,Fairfield,24,100,42101,Carbon monoxide,093,INSTRUMENTAL - GAS FILTER CORRELATION CO ANALYZER,13820,"Birmingham-Hoover, AL",33.485556,-86.915,MOBILE,180,NEIGHBORHOOD,500 M TO 4KM,,"Jefferson County, AL  Department Of Health",POPULATION EXPOSURE,,,4,
2022-11-19,010731003,1,0.6,Parts per million,7,Fairfield,24,100,42101,Carbon monoxide,093,INSTRUMENTAL - GAS FILTER CORRELATION CO ANALYZER,13820,"Birmingham-Hoover, AL",33.485556,-86.915,MOBILE,180,NEIGHBORHOOD,500 M TO 4KM,,"Jefferson County, AL  Department Of Health",POPULATION EXPOSURE,,,4,
2022-11-20,010731003,1,0.2,Parts per million,2,Fairfield,24,100,42101,Carbon monoxide,093,INSTRUMENTAL - GAS FILTER CORRELATION CO ANALYZER,13820,"Birmingham-Hoover, AL",33.485556,-86.915,MOBILE,180,NEIGHBORHOOD,500 M TO 4KM,,"Jefferson County, AL  Department Of Health",POPULATION EXPOSURE,,,4,
2022-11-21,010731003,1,0.4,Parts per million,5,Fairfield,24,100,42101,Carbon monoxide,093,INSTRUMENTAL - GAS FILTER CORRELATION CO ANALYZER,13820,"Birmingham-Hoover, AL",33.485556,-86.915,MOBILE,180,NEIGHBORHOOD,500 M TO 4KM,,"Jefferson County, AL  Department Of Health",POPULATION EXPOSURE,,,4,
2022-11-22,010731003,1,0.5,Parts per million,6,Fairfield,24,100,42101,Carbon monoxide,093,INSTRUMENTAL - GAS FILTER CORRELATION CO ANALYZER,13820,"Birmingham-Hoover, AL",33.485556,-86.915,MOBILE,180,NEIGHBORHOOD,500 M TO 4KM,,"Jefferson County, AL  Department Of Health",POPULATION EXPOSURE,,,4,
2022-11-23,010731003,1,0.7,Parts per million,8,Fairfield,24,100,42101,Carbon monoxide,093,INSTRUMENTAL - GAS FILTER CORRELATION CO ANALYZER,13820,"Birmingham-Hoover, AL",33.485556,-86.915,MOBILE,180,NEIGHBORHOOD,500 M TO 4KM,,"Jefferson County, AL  Department Of Health",POPULATION EXPOSURE,,,4,
2022-11-24,010731003,1,1,Parts per million,11,Fairfield,24,100,42101,Carbon monoxide,093,INSTRUMENTAL - GAS FILTER CORRELATION CO ANALYZER,13820,"Birmingham-Hoover, AL",33.485556,-86.915,MOBILE,180,NEIGHBORHOOD,500 M TO 4KM,,"Jefferson County, AL  Department Of Health",POPULATION EXPOSURE,,,4,
2022-11-25,010731003,1,0.2,Parts per million,2,Fairfield,24,100,42101,Carbon monoxide,093,INSTRUMENTAL - GAS FILTER CORRELATION CO ANALYZER,13820,"Birmingham-Hoover, AL",33.485556,-86.915,MOBILE,180,NEIGHBORHOOD,500 M TO 4KM,,"Jefferson County, AL  Department Of Health",POPULATION EXPOSURE,,,4,
2022-11-26,010731003,1,0.3,Parts per million,3,Fairfield,24,100,42101,Carbon monoxide,093,INSTRUMENTAL - GAS FILTER CORRELATION CO ANALYZER,13820,"Birmingham-Hoover, AL",33.485556,-86.915,MOBILE,180,NEIGHBORHOOD,500 M TO 4KM,,"Jefferson County, AL  Department Of Health",POPULATION EXPOSURE,,,4,
2022-11-27,010731003,1,0.1,Parts per million,1,Fairfield,24,100,42101,Carbon monoxide,093,INSTRUMENTAL - GAS FILTER CORRELATION CO ANALYZER,13820,"Birmingham-Hoover, AL",33.485556,-86.915,MOBILE,180,NEIGHBORHOOD,500 M TO 4KM,,"Jefferson County, AL  Department Of Health",POPULATION EXPOSURE,,,4,
2022-11-28,010731003,1,0.4,Parts per million,5,Fairfield,24,100,42101,Carbon monoxide,093,INSTRUMENTAL - GAS FILTER CORRELATION CO ANALYZER,13820,"Birmingham-Hoover, AL",33.485556,-86.915,MOBILE,180,NEIGHBORHOOD,500 M TO 4KM,,"Jefferson County, AL  Department Of Health",POPULATION EXPOSURE,,,4,
2022-11-29,010731003,1,0.6,Parts per million,7,Fairfield,24,100,42101,Carbon monoxide,093,INSTRUMENTAL - GAS FILTER CORRELATION CO ANALYZER,13820,"Birmingham-Hoover, AL",33.485556,-86.915,MOBILE,180,NEIGHBORHOOD,500 M TO 4KM,,"Jefferson County, AL  Department Of Health",POPULATION EXPOSURE,,,4,
2022-11-30,010731003,1,0.1,Parts per million,1,Fairfield,24,100,42101,Carbon monoxide,093,INSTRUMENTAL - GAS FILTER CORRELATION CO ANALYZER,13820,"Birmingham-Hoover, AL",33.485556,-86.915,MOBILE,180,NEIGHBORHOOD,500 M TO 4KM,,"Jefferson County, AL  Department Of Health",POPULATION EXPOSURE,,,4,
2022-12-01,010731003,1,0.2,Parts per million,2,Fairfield,24,100,42101,Carbon monoxide,093,INSTRUMENTAL - GAS FILTER CORRELATION CO ANALYZER,13820,"Birmingham-Hoover, AL",33.485556,-86.915,MOBILE,180,NEIGHBORHOOD,500 M TO 4KM,,"Jefferson County, AL  Department Of Health",POPULATION EXPOSURE,,,4,
2022-12-02,010731003,1,0.2,Parts per million,2,Fairfield,24,100,42101,Carbon monoxide,093,INSTRUMENTAL - GAS FILTER CORRELATION CO ANALYZER,13820,"Birmingham-Hoover, AL",33.485556,-86.915,MOBILE,180,NEIGHBORHOOD,500 M TO 4KM,,"Jefferson County, AL  Department Of Health",POPULATION EXPOSURE,,,4,
2022-12-03,010731003,1,0.1,Parts per million,1,Fairfield,24,100,42101,Carbon monoxide,093,INSTRUMENTAL - GAS FILTER CORRELATION CO ANALYZER,13820,"Birmingham-Hoover, AL",33.485556,-86.915,MOBILE,180,NEIGHBORHOOD,500 M TO 4KM,,"Jefferson County, AL  Department Of Health",POPULATION EXPOSURE,,,4,
2022-12-04,010731003,1,0.1,Parts per million,1,Fairfield,24,100,42101,Carbon monoxide,093,INSTRUMENTAL - GAS FILTER CORRELATION CO ANALYZER,13820,"Birmingham-Hoover, AL",33.485556,-86.915,MOBILE,180,NEIGHBORHOOD,500 M TO 4KM,,"Jefferson County, AL  Department Of Health",POPULATION EXPOSURE,,,4,
2022-12-05,010731003,1,0.1,Parts per million,1,Fairfield,24,100,42101,Carbon monoxide,093,INSTRUMENTAL - GAS FILTER CORRELATION CO ANALYZER,13820,"Birmingham-Hoover, AL",33.485556,-86.915,MOBILE,180,NEIGHBORHOOD,500 M TO 4KM,,"Jefferson County, AL  Department Of Health",POPULATION EXPOSURE,,,4,
2022-12-06,010731003,1,0.1,Parts per million,1,Fairfield,24,100,42101,Carbon monoxide,093,INSTRUMENTAL - GAS FILTER CORRELATION CO ANALYZER,13820,"Birmingham-Hoover, AL",33.485556,-86.915,MOBILE,180,NEIGHBORHOOD,500 M TO 4KM,,"Jefferson County, AL  Department Of Health",POPULATION EXPOSURE,,,4,
2022-12-07,010731003,1,0.4,Parts per million,5,Fairfield,24,100,42101,Carbon monoxide,093,INSTRUMENTAL - GAS FILTER CORRELATION CO ANALYZER,13820,"Birmingham-Hoover, AL",33.485556,-86.915,MOBILE,180,NEIGHBORHOOD,500 M TO 4KM,,"Jefferson County, AL  Department Of Health",POPULATION EXPOSURE,,,4,
2022-12-08,010731003,1,0.4,Parts per million,5,Fairfield,24,100,42101,Carbon monoxide,093,INSTRUMENTAL - GAS FILTER CORRELATION CO ANALYZER,13820,"Birmingham-Hoover, AL",33.485556,-86.915,MOBILE,180,NEIGHBORHOOD,500 M TO 4KM,,"Jefferson County, AL  Department Of Health",POPULATION EXPOSURE,,,4,
2022-12-09,010731003,1,0.1,Parts per million,1,Fairfield,24,100,42101,Carbon monoxide,093,INSTRUMENTAL - GAS FILTER CORRELATION CO ANALYZER,13820,"Birmingham-Hoover, AL",33.485556,-86.915,MOBILE,180,NEIGHBORHOOD,500 M TO 4KM,,"Jefferson County, AL  Department Of Health",POPULATION EXPOSURE,,,4,
2022-12-10,010731003,1,0.1,Parts per million,1,Fairfield,24,100,42101,Carbon monoxide,093,INSTRUMENTAL - GAS FILTER CORRELATION CO ANALYZER,13820,"Birmingham-Hoover, AL",33.485556,-86.915,MOBILE,180,NEIGHBORHOOD,500 M TO 4KM,,"Jefferson County, AL  Department Of Health",POPULATION EXPOSURE,,,4,
2022-12-11,010731003,1,0.2,Parts per million,2,Fairfield,24,100,42101,Carbon monoxide,093,INSTRUMENTAL - GAS FILTER CORRELATION CO ANALYZER,13820,"Birmingham-Hoover, AL",33.485556,-86.915,MOBILE,180,NEIGHBORHOOD,500 M TO 4KM,,"Jefferson County, AL  Department Of Health",POPULATION EXPOSURE,,,4,
2022-12-12,010731003,1,0.2,Parts per million,2,Fairfield,24,100,42101,Carbon monoxide,093,INSTRUMENTAL - GAS FILTER CORRELATION CO ANALYZER,13820,"Birmingham-Hoover, AL",33.485556,-86.915,MOBILE,180,NEIGHBORHOOD,500 M TO 4KM,,"Jefferson County, AL  Department Of Health",POPULATION EXPOSURE,,,4,
2022-12-13,010731003,1,0.1,Parts per million,1,Fairfield,24,100,42101,Carbon monoxide,093,INSTRUMENTAL - GAS FILTER CORRELATION CO ANALYZER,13820,"Birmingham-Hoover, AL",33.485556,-86.915,MOBILE,180,NEIGHBORHOOD,500 M TO 4KM,,"Jefferson County, AL  Department Of Health",POPULATION EXPOSURE,,,4,
2022-12-14,010731003,1,0,Parts per million,0,Fairfield,24,100,42101,Carbon monoxide,093,INSTRUMENTAL - GAS FILTER CORRELATION CO ANALYZER,13820,"Birmingham-Hoover, AL",33.485556,-86.915,MOBILE,180,NEIGHBORHOOD,500 M TO 4KM,,"Jefferson County, AL  Department Of Health",POPULATION EXPOSURE,,,4,
2022-12-15,010731003,1,0.2,Parts per million,2,Fairfield,24,100,42101,Carbon monoxide,093,INSTRUMENTAL - GAS FILTER CORRELATION CO ANALYZER,13820,"Birmingham-Hoover, AL",33.485556,-86.915,MOBILE,180,NEIGHBORHOOD,500 M TO 4KM,,"Jefferson County, AL  Department Of Health",POPULATION EXPOSURE,,,4,
2022-12-16,010731003,1,0.2,Parts per million,2,Fairfield,24,100,42101,Carbon monoxide,093,INSTRUMENTAL - GAS FILTER CORRELATION CO ANALYZER,13820,"Birmingham-Hoover, AL",33.485556,-86.915,MOBILE,180,NEIGHBORHOOD,500 M TO 4KM,,"Jefferson County, AL  Department Of Health",POPULATION EXPOSURE,,,4,
2022-12-17,010731003,1,0.1,Parts per million,1,Fairfield,24,100,42101,Carbon monoxide,093,INSTRUMENTAL - GAS FILTER CORRELATION CO ANALYZER,13820,"Birmingham-Hoover, AL",33.485556,-86.915,MOBILE,180,NEIGHBORHOOD,500 M TO 4KM,,"Jefferson County, AL  Department Of Health",POPULATION EXPOSURE,,,4,
2022-12-18,010731003,1,0.3,Parts per million,3,Fairfield,24,100,42101,Carbon monoxide,093,INSTRUMENTAL - GAS FILTER CORRELATION CO ANALYZER,13820,"Birmingham-Hoover, AL",33.485556,-86.915,MOBILE,180,NEIGHBORHOOD,500 M TO 4KM,,"Jefferson County, AL  Department Of Health",POPULATION EXPOSURE,,,4,
2022-12-19,010731003,1,0.3,Parts per million,3,Fairfield,24,100,42101,Carbon monoxide,093,INSTRUMENTAL - GAS FILTER CORRELATION CO ANALYZER,13820,"Birmingham-Hoover, AL",33.485556,-86.915,MOBILE,180,NEIGHBORHOOD,500 M TO 4KM,,"Jefferson County, AL  Department Of Health",POPULATION EXPOSURE,,,4,
2022-12-20,010731003,1,0.2,Parts per million,2,Fairfield,24,100,42101,Carbon monoxide,093,INSTRUMENTAL - GAS FILTER CORRELATION CO ANALYZER,13820,"Birmingham-Hoover, AL",33.485556,-86.915,MOBILE,180,NEIGHBORHOOD,500 M TO 4KM,,"Jefferson County, AL  Department Of Health",POPULATION EXPOSURE,,,4,
2022-12-21,010731003,1,0.2,Parts per million,2,Fairfield,24,100,42101,Carbon monoxide,093,INSTRUMENTAL - GAS FILTER CORRELATION CO ANALYZER,13820,"Birmingham-Hoover, AL",33.485556,-86.915,MOBILE,180,NEIGHBORHOOD,500 M TO 4KM,,"Jefferson County, AL  Department Of Health",POPULATION EXPOSURE,,,4,
2022-12-22,010731003,1,0.1,Parts per million,1,Fairfield,24,100,42101,Carbon monoxide,093,INSTRUMENTAL - GAS FILTER CORRELATION CO ANALYZER,13820,"Birmingham-Hoover, AL",33.485556,-86.915,MOBILE,180,NEIGHBORHOOD,500 M TO 4KM,,"Jefferson County, AL  Department Of Health",POPULATION EXPOSURE,,,4,
2022-12-23,010731003,1,0,Parts per million,0,Fairfield,24,100,42101,Carbon monoxide,093,INSTRUMENTAL - GAS FILTER CORRELATION CO ANALYZER,13820,"Birmingham-Hoover, AL",33.485556,-86.915,MOBILE,180,NEIGHBORHOOD,500 M TO 4KM,,"Jefferson County, AL  Department Of Health",POPULATION EXPOSURE,,,4,
2022-12-24,010731003,1,0,Parts per million,0,Fairfield,24,100,42101,Carbon monoxide,093,INSTRUMENTAL - GAS FILTER CORRELATION CO ANALYZER,13820,"Birmingham-Hoover, AL",33.485556,-86.915,MOBILE,180,NEIGHBORHOOD,500 M TO 4KM,,"Jefferson County, AL  Department Of Health",POPULATION EXPOSURE,,,4,
2022-12-25,010731003,1,0.4,Parts per million,5,Fairfield,24,100,42101,Carbon monoxide,093,INSTRUMENTAL - GAS FILTER CORRELATION CO ANALYZER,13820,"Birmingham-Hoover, AL",33.485556,-86.915,MOBILE,180,NEIGHBORHOOD,500 M TO 4KM,,"Jefferson County, AL  Department Of Health",POPULATION EXPOSURE,,,4,
2022-12-26,010731003,1,0.8,Parts per million,9,Fairfield,24,100,42101,Carbon monoxide,093,INSTRUMENTAL - GAS FILTER CORRELATION CO ANALYZER,13820,"Birmingham-Hoover, AL",33.485556,-86.915,MOBILE,180,NEIGHBORHOOD,500 M TO 4KM,,"Jefferson County, AL  Department Of Health",POPULATION EXPOSURE,,,4,
2022-12-27,010731003,1,0.7,Parts per million,8,Fairfield,24,100,42101,Carbon monoxide,093,INSTRUMENTAL - GAS FILTER CORRELATION CO ANALYZER,13820,"Birmingham-Hoover, AL",33.485556,-86.915,MOBILE,180,NEIGHBORHOOD,500 M TO 4KM,,"Jefferson County, AL  Department Of Health",POPULATION EXPOSURE,,,4,
2022-12-28,010731003,1,0.8,Parts per million,9,Fairfield,24,100,42101,Carbon monoxide,093,INSTRUMENTAL - GAS FILTER CORRELATION CO ANALYZER,13820,"Birmingham-Hoover, AL",33.485556,-86.915,MOBILE,180,NEIGHBORHOOD,500 M TO 4KM,,"Jefferson County, AL  Department Of Health",POPULATION EXPOSURE,,,4,
2022-12-29,010731003,1,0.1,Parts per million,1,Fairfield,24,100,42101,Carbon monoxide,093,INSTRUMENTAL - GAS FILTER CORRELATION CO ANALYZER,13820,"Birmingham-Hoover, AL",33.485556,-86.915,MOBILE,180,NEIGHBORHOOD,500 M TO 4KM,,"Jefferson County, AL  Department Of Health",POPULATION EXPOSURE,,,4,
2022-12-30,010731003,1,0.1,Parts per million,1,Fairfield,24,100,42101,Carbon monoxide,093,INSTRUMENTAL - GAS FILTER CORRELATION CO ANALYZER,13820,"Birmingham-Hoover, AL",33.485556,-86.915,MOBILE,180,NEIGHBORHOOD,500 M TO 4KM,,"Jefferson County, AL  Department Of Health",POPULATION EXPOSURE,,,4,
2022-12-31,010731003,1,0.1,Parts per million,1,Fairfield,24,100,42101,Carbon monoxide,093,INSTRUMENTAL - GAS FILTER CORRELATION CO ANALYZER,13820,"Birmingham-Hoover, AL",33.485556,-86.915,MOBILE,180,NEIGHBORHOOD,500 M TO 4KM,,"Jefferson County, AL  Department Of Health",POPULATION EXPOSURE,,,4,
2023-01-01,010731003,1,0.1,Parts per million,1,Fairfield,19,79,42101,Carbon monoxide,093,INSTRUMENTAL - GAS FILTER CORRELATION CO ANALYZER,13820,"Birmingham-Hoover, AL",33.485556,-86.915,MOBILE,180,NEIGHBORHOOD,500 M TO 4KM,,"Jefferson County, AL  Department Of Health",POPULATION EXPOSURE,,,4,
2023-01-02,010731003,1,0.1,Parts per million,1,Fairfield,24,100,42101,Carbon monoxide,093,INSTRUMENTAL - GAS FILTER CORRELATION CO ANALYZER,13820,"Birmingham-Hoover, AL",33.485556,-86.915,MOBILE,180,NEIGHBORHOOD,500 M TO 4KM,,"Jefferson County, AL  Department Of Health",POPULATION EXPOSURE,,,4,
2023-01-03,010731003,1,0,Parts per million,0,Fairfield,24,100,42101,Carbon monoxide,093,INSTRUMENTAL - GAS FILTER CORRELATION CO ANALYZER,13820,"Birmingham-Hoover, AL",33.485556,-86.915,MOBILE,180,NEIGHBORHOOD,500 M TO 4KM,,"Jefferson County, AL  Department Of Health",POPULATION EXPOSURE,,,4,
2023-01-04,010731003,1,0.3,Parts per million,3,Fairfield,24,100,42101,Carbon monoxide,093,INSTRUMENTAL - GAS FILTER CORRELATION CO ANALYZER,13820,"Birmingham-Hoover, AL",33.485556,-86.915,MOBILE,180,NEIGHBORHOOD,500 M TO 4KM,,"Jefferson County, AL  Department Of Health",POPULATION EXPOSURE,,,4,
2023-01-05,010731003,1,0.3,Parts per million,3,Fairfield,24,100,42101,Carbon monoxide,093,INSTRUMENTAL - GAS FILTER CORRELATION CO ANALYZER,13820,"Birmingham-Hoover, AL",33.485556,-86.915,MOBILE,180,NEIGHBORHOOD,500 M TO 4KM,,"Jefferson County, AL  Department Of Health",POPULATION EXPOSURE,,,4,
2023-01-06,010731003,1,0.5,Parts per million,6,Fairfield,24,100,42101,Carbon monoxide,093,INSTRUMENTAL - GAS FILTER CORRELATION CO ANALYZER,13820,"Birmingham-Hoover, AL",33.485556,-86.915,MOBILE,180,NEIGHBORHOOD,500 M TO 4KM,,"Jefferson County, AL  Department Of Health",POPULATION EXPOSURE,,,4,
2023-01-07,010731003,1,0.8,Parts per million,9,Fairfield,24,100,42101,Carbon monoxide,093,INSTRUMENTAL - GAS FILTER CORRELATION CO ANALYZER,13820,"Birmingham-Hoover, AL",33.485556,-86.915,MOBILE,180,NEIGHBORHOOD,500 M TO 4KM,,"Jefferson County, AL  Department Of Health",POPULATION EXPOSURE,,,4,
2023-01-08,010731003,1,0.1,Parts per million,1,Fairfield,24,100,42101,Carbon monoxide,093,INSTRUMENTAL - GAS FILTER CORRELATION CO ANALYZER,13820,"Birmingham-Hoover, AL",33.485556,-86.915,MOBILE,180,NEIGHBORHOOD,500 M TO 4KM,,"Jefferson County, AL  Department Of Health",POPULATION EXPOSURE,,,4,
2023-01-09,010731003,1,0.4,Parts per million,5,Fairfield,24,100,42101,Carbon monoxide,093,INSTRUMENTAL - GAS FILTER CORRELATION CO ANALYZER,13820,"Birmingham-Hoover, AL",33.485556,-86.915,MOBILE,180,NEIGHBORHOOD,500 M TO 4KM,,"Jefferson County, AL  Department Of Health",POPULATION EXPOSURE,,,4,
2023-01-10,010731003,1,0.7,Parts per million,8,Fairfield,24,100,42101,Carbon monoxide,093,INSTRUMENTAL - GAS FILTER CORRELATION CO ANALYZER,13820,"Birmingham-Hoover, AL",33.485556,-86.915,MOBILE,180,NEIGHBORHOOD,500 M TO 4KM,,"Jefferson County, AL  Department Of Health",POPULATION EXPOSURE,,,4,
2023-01-11,010731003,1,0.2,Parts per million,2,Fairfield,24,100,42101,Carbon monoxide,093,INSTRUMENTAL - GAS FILTER CORRELATION CO ANALYZER,13820,"Birmingham-Hoover, AL",33.485556,-86.915,MOBILE,180,NEIGHBORHOOD,500 M TO 4KM,,"Jefferson County, AL  Department Of Health",POPULATION EXPOSURE,,,4,
2023-01-12,010731003,1,0,Parts per million,0,Fairfield,24,100,42101,Carbon monoxide,093,INSTRUMENTAL - GAS FILTER CORRELATION CO ANALYZER,13820,"Birmingham-Hoover, AL",33.485556,-86.915,MOBILE,180,NEIGHBORHOOD,500 M TO 4KM,,"Jefferson County, AL  Department Of Health",POPULATION EXPOSURE,,,4,
2023-01-13,010731003,1,0,Parts per million,0,Fairfield,24,100,42101,Carbon monoxide,093,INSTRUMENTAL - GAS FILTER CORRELATION CO ANALYZER,13820,"Birmingham-Hoover, AL",33.485556,-86.915,MOBILE,180,NEIGHBORHOOD,500 M TO 4KM,,"Jefferson County, AL  Department Of Health",POPULATION EXPOSURE,,,4,
2023-01-14,010731003,1,0.2,Parts per million,2,Fairfield,24,100,42101,Carbon monoxide,093,INSTRUMENTAL - GAS FILTER CORRELATION CO ANALYZER,13820,"Birmingham-Hoover, AL",33.485556,-86.915,MOBILE,180,NEIGHBORHOOD,500 M TO 4KM,,"Jefferson County, AL  Department Of Health",POPULATION EXPOSURE,,,4,
2023-01-15,010731003,1,0.4,Parts per million,5,Fairfield,24,100,42101,Carbon monoxide,093,INSTRUMENTAL - GAS FILTER CORRELATION CO ANALYZER,13820,"Birmingham-Hoover, AL",33.485556,-86.915,MOBILE,180,NEIGHBORHOOD,500 M TO 4KM,,"Jefferson County, AL  Department Of Health",POPULATION EXPOSURE,,,4,
2023-01-16,010731003,1,0.6,Parts per million,7,Fairfield,24,100,42101,Carbon monoxide,093,INSTRUMENTAL - GAS FILTER CORRELATION CO ANALYZER,13820,"Birmingham-Hoover, AL",33.485556,-86.915,MOBILE,180,NEIGHBORHOOD,500 M TO 4KM,,"Jefferson County, AL  Department Of Health",POPULATION EXPOSURE,,,4,
2023-01-17,010731003,1,0.3,Parts per million,3,Fairfield,24,100,42101,Carbon monoxide,093,INSTRUMENTAL - GAS FILTER CORRELATION CO ANALYZER,13820,"Birmingham-Hoover, AL",33.485556,-86.915,MOBILE,180,NEIGHBORHOOD,500 M TO 4KM,,"Jefferson County, AL  Department Of Health",POPULATION EXPOSURE,,,4,
2023-01-18,010731003,1,0.3,Parts per million,3,Fairfield,24,100,42101,Carbon monoxide,093,INSTRUMENTAL - GAS FILTER CORRELATION CO ANALYZER,13820,"Birmingham-Hoover, AL",33.485556,-86.915,MOBILE,180,NEIGHBORHOOD,500 M TO 4KM,,"Jefferson County, AL  Department Of Health",POPULATION EXPOSURE,,,4,
2023-01-19,010731003,1,0.1,Parts per million,1,Fairfield,24,100,42101,Carbon monoxide,093,INSTRUMENTAL - GAS FILTER CORRELATION CO ANALYZER,13820,"Birmingham-Hoover, AL",33.485556,-86.915,MOBILE,180,NEIGHBORHOOD,500 M TO 4KM,,"Jefferson County, AL  Department Of Health",POPULATION EXPOSURE,,,4,
2023-01-20,010731003,1,0.1,Parts per million,1,Fairfield,24,100,42101,Carbon monoxide,093,INSTRUMENTAL - GAS FILTER CORRELATION CO ANALYZER,13820,"Birmingham-Hoover, AL",33.485556,-86.915,MOBILE,180,NEIGHBORHOOD,500 M TO 4KM,,"Jefferson County, AL  Department Of Health",POPULATION EXPOSURE,,,4,
2023-01-21,010731003,1,0.1,Parts per million,1,Fairfield,24,100,42101,Carbon monoxide,093,INSTRUMENTAL - GAS FILTER CORRELATION CO ANALYZER,13820,"Birmingham-Hoover, AL",33.485556,-86.915,MOBILE,180,NEIGHBORHOOD,500 M TO 4KM,,"Jefferson County, AL  Department Of Health",POPULATION EXPOSURE,,,4,
2023-01-22,010731003,1,0.1,Parts per million,1,Fairfield,24,100,42101,Carbon monoxide,093,INSTRUMENTAL - GAS FILTER CORRELATION CO ANALYZER,13820,"Birmingham-Hoover, AL",33.485556,-86.915,MOBILE,180,NEIGHBORHOOD,500 M TO 4KM,,"Jefferson County, AL  Department Of Health",POPULATION EXPOSURE,,,4,
2023-01-23,010731003,1,0.4,Parts per million,5,Fairfield,24,100,42101,Carbon monoxide,093,INSTRUMENTAL - GAS FILTER CORRELATION CO ANALYZER,13820,"Birmingham-Hoover, AL",33.485556,-86.915,MOBILE,180,NEIGHBORHOOD,500 M TO 4KM,,"Jefferson County, AL  Department Of Health",POPULATION EXPOSURE,,,4,
2023-01-24,010731003,1,0.5,Parts per million,6,Fairfield,24,100,42101,Carbon monoxide,093,INSTRUMENTAL - GAS FILTER CORRELATION CO ANALYZER,13820,"Birmingham-Hoover, AL",33.485556,-86.915,MOBILE,180,NEIGHBORHOOD,500 M TO 4KM,,"Jefferson County, AL  Department Of Health",POPULATION EXPOSURE,,,4,
2023-01-25,010731003,1,0.1,Parts per million,1,Fairfield,24,100,42101,Carbon monoxide,093,INSTRUMENTAL - GAS FILTER CORRELATION CO ANALYZER,13820,"Birmingham-Hoover, AL",33.485556,-86.915,MOBILE,180,NEIGHBORHOOD,500 M TO 4KM,,"Jefferson County, AL  Department Of Health",POPULATION EXPOSURE,,,4,
2023-01-26,010731003,1,0.1,Parts per million,1,Fairfield,24,100,42101,Carbon monoxide,093,INSTRUMENTAL - GAS FILTER CORRELATION CO ANALYZER,13820,"Birmingham-Hoover, AL",33.485556,-86.915,MOBILE,180,NEIGHBORHOOD,500 M TO 4KM,,"Jefferson County, AL  Department Of Health",POPULATION EXPOSURE,,,4,
2023-01-27,010731003,1,0.2,Parts per million,2,Fairfield,24,100,42101,Carbon monoxide,093,INSTRUMENTAL - GAS FILTER CORRELATION CO ANALYZER,13820,"Birmingham-Hoover, AL",33.485556,-86.915,MOBILE,180,NEIGHBORHOOD,500 M TO 4KM,,"Jefferson County, AL  Department Of Health",POPULATION EXPOSURE,,,4,
2023-01-28,010731003,1,0.3,Parts per million,3,Fairfield,24,100,42101,Carbon monoxide,093,INSTRUMENTAL - GAS FILTER CORRELATION CO ANALYZER,13820,"Birmingham-Hoover, AL",33.485556,-86.915,MOBILE,180,NEIGHBORHOOD,500 M TO 4KM,,"Jefferson County, AL  Department Of Health",POPULATION EXPOSURE,,,4,
2023-01-29,010731003,1,0.2,Parts per million,2,Fairfield,24,100,42101,Carbon monoxide,093,INSTRUMENTAL - GAS FILTER CORRELATION CO ANALYZER,13820,"Birmingham-Hoover, AL",33.485556,-86.915,MOBILE,180,NEIGHBORHOOD,500 M TO 4KM,,"Jefferson County, AL  Department Of Health",POPULATION EXPOSURE,,,4,
2023-01-30,010731003,1,0.2,Parts per million,2,Fairfield,24,100,42101,Carbon monoxide,093,INSTRUMENTAL - GAS FILTER CORRELATION CO ANALYZER,13820,"Birmingham-Hoover, AL",33.485556,-86.915,MOBILE,180,NEIGHBORHOOD,500 M TO 4KM,,"Jefferson County, AL  Department Of Health",POPULATION EXPOSURE,,,4,
2023-01-31,010731003,1,0.2,Parts per million,2,Fairfield,24,100,42101,Carbon monoxide,093,INSTRUMENTAL - GAS FILTER CORRELATION CO ANALYZER,13820,"Birmingham-Hoover, AL",33.485556,-86.915,MOBILE,180,NEIGHBORHOOD,500 M TO 4KM,,"Jefferson County, AL  Department Of Health",POPULATION EXPOSURE,,,4,
2023-02-01,010731003,1,0.1,Parts per million,1,Fairfield,24,100,42101,Carbon monoxide,093,INSTRUMENTAL - GAS FILTER CORRELATION CO ANALYZER,13820,"Birmingham-Hoover, AL",33.485556,-86.915,MOBILE,180,NEIGHBORHOOD,500 M TO 4KM,,"Jefferson County, AL  Department Of Health",POPULATION EXPOSURE,,,4,
2023-02-02,010731003,1,0.1,Parts per million,1,Fairfield,24,100,42101,Carbon monoxide,093,INSTRUMENTAL - GAS FILTER CORRELATION CO ANALYZER,13820,"Birmingham-Hoover, AL",33.485556,-86.915,MOBILE,180,NEIGHBORHOOD,500 M TO 4KM,,"Jefferson County, AL  Department Of Health",POPULATION EXPOSURE,,,4,
2023-02-03,010731003,1,0.1,Parts per million,1,Fairfield,24,100,42101,Carbon monoxide,093,INSTRUMENTAL - GAS FILTER CORRELATION CO ANALYZER,13820,"Birmingham-Hoover, AL",33.485556,-86.915,MOBILE,180,NEIGHBORHOOD,500 M TO 4KM,,"Jefferson County, AL  Department Of Health",POPULATION EXPOSURE,,,4,
2023-02-04,010731003,1,0.1,Parts per million,1,Fairfield,24,100,42101,Carbon monoxide,093,INSTRUMENTAL - GAS FILTER CORRELATION CO ANALYZER,13820,"Birmingham-Hoover, AL",33.485556,-86.915,MOBILE,180,NEIGHBORHOOD,500 M TO 4KM,,"Jefferson County, AL  Department Of Health",POPULATION EXPOSURE,,,4,
2023-02-05,010731003,1,0.3,Parts per million,3,Fairfield,24,100,42101,Carbon monoxide,093,INSTRUMENTAL - GAS FILTER CORRELATION CO ANALYZER,13820,"Birmingham-Hoover, AL",33.485556,-86.915,MOBILE,180,NEIGHBORHOOD,500 M TO 4KM,,"Jefferson County, AL  Department Of Health",POPULATION EXPOSURE,,,4,
2023-02-06,010731003,1,0.8,Parts per million,9,Fairfield,24,100,42101,Carbon monoxide,093,INSTRUMENTAL - GAS FILTER CORRELATION CO ANALYZER,13820,"Birmingham-Hoover, AL",33.485556,-86.915,MOBILE,180,NEIGHBORHOOD,500 M TO 4KM,,"Jefferson County, AL  Department Of Health",POPULATION EXPOSURE,,,4,
2023-02-07,010731003,1,0.4,Parts per million,5,Fairfield,24,100,42101,Carbon monoxide,093,INSTRUMENTAL - GAS FILTER CORRELATION CO ANALYZER,13820,"Birmingham-Hoover, AL",33.485556,-86.915,MOBILE,180,NEIGHBORHOOD,500 M TO 4KM,,"Jefferson County, AL  Department Of Health",POPULATION EXPOSURE,,,4,
2023-02-08,010731003,1,0.1,Parts per million,1,Fairfield,24,100,42101,Carbon monoxide,093,INSTRUMENTAL - GAS FILTER CORRELATION CO ANALYZER,13820,"Birmingham-Hoover, AL",33.485556,-86.915,MOBILE,180,NEIGHBORHOOD,500 M TO 4KM,,"Jefferson County, AL  Department Of Health",POPULATION EXPOSURE,,,4,
2023-02-09,010731003,1,0.1,Parts per million,1,Fairfield,24,100,42101,Carbon monoxide,093,INSTRUMENTAL - GAS FILTER CORRELATION CO ANALYZER,13820,"Birmingham-Hoover, AL",33.485556,-86.915,MOBILE,180,NEIGHBORHOOD,500 M TO 4KM,,"Jefferson County, AL  Department Of Health",POPULATION EXPOSURE,,,4,
2023-02-10,010731003,1,0.1,Parts per million,1,Fairfield,24,100,42101,Carbon monoxide,093,INSTRUMENTAL - GAS FILTER CORRELATION CO ANALYZER,13820,"Birmingham-Hoover, AL",33.485556,-86.915,MOBILE,180,NEIGHBORHOOD,500 M TO 4KM,,"Jefferson County, AL  Department Of Health",POPULATION EXPOSURE,,,4,
2023-02-11,010731003,1,0,Parts per million,0,Fairfield,24,100,42101,Carbon monoxide,093,INSTRUMENTAL - GAS FILTER CORRELATION CO ANALYZER,13820,"Birmingham-Hoover, AL",33.485556,-86.915,MOBILE,180,NEIGHBORHOOD,500 M TO 4KM,,"Jefferson County, AL  Department Of Health",POPULATION EXPOSURE,,,4,
2023-02-12,010731003,1,0.2,Parts per million,2,Fairfield,24,100,42101,Carbon monoxide,093,INSTRUMENTAL - GAS FILTER CORRELATION CO ANALYZER,13820,"Birmingham-Hoover, AL",33.485556,-86.915,MOBILE,180,NEIGHBORHOOD,500 M TO 4KM,,"Jefferson County, AL  Department Of Health",POPULATION EXPOSURE,,,4,
2023-02-13,010731003,1,0.4,Parts per million,5,Fairfield,24,100,42101,Carbon monoxide,093,INSTRUMENTAL - GAS FILTER CORRELATION CO ANALYZER,13820,"Birmingham-Hoover, AL",33.485556,-86.915,MOBILE,180,NEIGHBORHOOD,500 M TO 4KM,,"Jefferson County, AL  Department Of Health",POPULATION EXPOSURE,,,4,
2023-02-14,010731003,1,0.5,Parts per million,6,Fairfield,24,100,42101,Carbon monoxide,093,INSTRUMENTAL - GAS FILTER CORRELATION CO ANALYZER,13820,"Birmingham-Hoover, AL",33.485556,-86.915,MOBILE,180,NEIGHBORHOOD,500 M TO 4KM,,"Jefferson County, AL  Department Of Health",POPULATION EXPOSURE,,,4,
2023-02-15,010731003,1,0,Parts per million,0,Fairfield,24,100,42101,Carbon monoxide,093,INSTRUMENTAL - GAS FILTER CORRELATION CO ANALYZER,13820,"Birmingham-Hoover, AL",33.485556,-86.915,MOBILE,180,NEIGHBORHOOD,500 M TO 4KM,,"Jefferson County, AL  Department Of Health",POPULATION EXPOSURE,,,4,
2023-02-16,010731003,1,0,Parts per million,0,Fairfield,24,100,42101,Carbon monoxide,093,INSTRUMENTAL - GAS FILTER CORRELATION CO ANALYZER,13820,"Birmingham-Hoover, AL",33.485556,-86.915,MOBILE,180,NEIGHBORHOOD,500 M TO 4KM,,"Jefferson County, AL  Department Of Health",POPULATION EXPOSURE,,,4,
2023-02-17,010731003,1,0,Parts per million,0,Fairfield,24,100,42101,Carbon monoxide,093,INSTRUMENTAL - GAS FILTER CORRELATION CO ANALYZER,13820,"Birmingham-Hoover, AL",33.485556,-86.915,MOBILE,180,NEIGHBORHOOD,500 M TO 4KM,,"Jefferson County, AL  Department Of Health",POPULATION EXPOSURE,,,4,
2023-02-18,010731003,1,0.2,Parts per million,2,Fairfield,24,100,42101,Carbon monoxide,093,INSTRUMENTAL - GAS FILTER CORRELATION CO ANALYZER,13820,"Birmingham-Hoover, AL",33.485556,-86.915,MOBILE,180,NEIGHBORHOOD,500 M TO 4KM,,"Jefferson County, AL  Department Of Health",POPULATION EXPOSURE,,,4,
2023-02-19,010731003,1,0.2,Parts per million,2,Fairfield,24,100,42101,Carbon monoxide,093,INSTRUMENTAL - GAS FILTER CORRELATION CO ANALYZER,13820,"Birmingham-Hoover, AL",33.485556,-86.915,MOBILE,180,NEIGHBORHOOD,500 M TO 4KM,,"Jefferson County, AL  Department Of Health",POPULATION EXPOSURE,,,4,
2023-02-20,010731003,1,0.1,Parts per million,1,Fairfield,24,100,42101,Carbon monoxide,093,INSTRUMENTAL - GAS FILTER CORRELATION CO ANALYZER,13820,"Birmingham-Hoover, AL",33.485556,-86.915,MOBILE,180,NEIGHBORHOOD,500 M TO 4KM,,"Jefferson County, AL  Department Of Health",POPULATION EXPOSURE,,,4,
2023-02-21,010731003,1,0,Parts per million,0,Fairfield,24,100,42101,Carbon monoxide,093,INSTRUMENTAL - GAS FILTER CORRELATION CO ANALYZER,13820,"Birmingham-Hoover, AL",33.485556,-86.915,MOBILE,180,NEIGHBORHOOD,500 M TO 4KM,,"Jefferson County, AL  Department Of Health",POPULATION EXPOSURE,,,4,
2023-02-22,010731003,1,0,Parts per million,0,Fairfield,17,71,42101,Carbon monoxide,093,INSTRUMENTAL - GAS FILTER CORRELATION CO ANALYZER,13820,"Birmingham-Hoover, AL",33.485556,-86.915,MOBILE,180,NEIGHBORHOOD,500 M TO 4KM,,"Jefferson County, AL  Department Of Health",POPULATION EXPOSURE,,,4,
2023-02-23,010731003,1,0,Parts per million,0,Fairfield,24,100,42101,Carbon monoxide,093,INSTRUMENTAL - GAS FILTER CORRELATION CO ANALYZER,13820,"Birmingham-Hoover, AL",33.485556,-86.915,MOBILE,180,NEIGHBORHOOD,500 M TO 4KM,,"Jefferson County, AL  Department Of Health",POPULATION EXPOSURE,,,4,
2023-02-24,010731003,1,0,Parts per million,0,Fairfield,24,100,42101,Carbon monoxide,093,INSTRUMENTAL - GAS FILTER CORRELATION CO ANALYZER,13820,"Birmingham-Hoover, AL",33.485556,-86.915,MOBILE,180,NEIGHBORHOOD,500 M TO 4KM,,"Jefferson County, AL  Department Of Health",POPULATION EXPOSURE,,,4,
2023-02-25,010731003,1,0.1,Parts per million,1,Fairfield,24,100,42101,Carbon monoxide,093,INSTRUMENTAL - GAS FILTER CORRELATION CO ANALYZER,13820,"Birmingham-Hoover, AL",33.485556,-86.915,MOBILE,180,NEIGHBORHOOD,500 M TO 4KM,,"Jefferson County, AL  Department Of Health",POPULATION EXPOSURE,,,4,
2023-02-26,010731003,1,0.2,Parts per million,2,Fairfield,24,100,42101,Carbon monoxide,093,INSTRUMENTAL - GAS FILTER CORRELATION CO ANALYZER,13820,"Birmingham-Hoover, AL",33.485556,-86.915,MOBILE,180,NEIGHBORHOOD,500 M TO 4KM,,"Jefferson County, AL  Department Of Health",POPULATION EXPOSURE,,,4,
2023-02-27,010731003,1,0.2,Parts per million,2,Fairfield,24,100,42101,Carbon monoxide,093,INSTRUMENTAL - GAS FILTER CORRELATION CO ANALYZER,13820,"Birmingham-Hoover, AL",33.485556,-86.915,MOBILE,180,NEIGHBORHOOD,500 M TO 4KM,,"Jefferson County, AL  Department Of Health",POPULATION EXPOSURE,,,4,
2023-02-28,010731003,1,0.3,Parts per million,3,Fairfield,24,100,42101,Carbon monoxide,093,INSTRUMENTAL - GAS FILTER CORRELATION CO ANALYZER,13820,"Birmingham-Hoover, AL",33.485556,-86.915,MOBILE,180,NEIGHBORHOOD,500 M TO 4KM,,"Jefferson County, AL  Department Of Health",POPULATION EXPOSURE,,,4,
2023-03-01,010731003,1,0.3,Parts per million,3,Fairfield,24,100,42101,Carbon monoxide,093,INSTRUMENTAL - GAS FILTER CORRELATION CO ANALYZER,13820,"Birmingham-Hoover, AL",33.485556,-86.915,MOBILE,180,NEIGHBORHOOD,500 M TO 4KM,,"Jefferson County, AL  Department Of Health",POPULATION EXPOSURE,,,4,
2023-03-02,010731003,1,0,Parts per million,0,Fairfield,24,100,42101,Carbon monoxide,093,INSTRUMENTAL - GAS FILTER CORRELATION CO ANALYZER,13820,"Birmingham-Hoover, AL",33.485556,-86.915,MOBILE,180,NEIGHBORHOOD,500 M TO 4KM,,"Jefferson County, AL  Department Of Health",POPULATION EXPOSURE,,,4,
2023-03-03,010731003,1,0,Parts per million,0,Fairfield,24,100,42101,Carbon monoxide,093,INSTRUMENTAL - GAS FILTER CORRELATION CO ANALYZER,13820,"Birmingham-Hoover, AL",33.485556,-86.915,MOBILE,180,NEIGHBORHOOD,500 M TO 4KM,,"Jefferson County, AL  Department Of Health",POPULATION EXPOSURE,,,4,
2023-03-04,010731003,1,0.1,Parts per million,1,Fairfield,24,100,42101,Carbon monoxide,093,INSTRUMENTAL - GAS FILTER CORRELATION CO ANALYZER,13820,"Birmingham-Hoover, AL",33.485556,-86.915,MOBILE,180,NEIGHBORHOOD,500 M TO 4KM,,"Jefferson County, AL  Department Of Health",POPULATION EXPOSURE,,,4,
2023-03-05,010731003,1,0.3,Parts per million,3,Fairfield,24,100,42101,Carbon monoxide,093,INSTRUMENTAL - GAS FILTER CORRELATION CO ANALYZER,13820,"Birmingham-Hoover, AL",33.485556,-86.915,MOBILE,180,NEIGHBORHOOD,500 M TO 4KM,,"Jefferson County, AL  Department Of Health",POPULATION EXPOSURE,,,4,
2023-03-06,010731003,1,0.6,Parts per million,7,Fairfield,24,100,42101,Carbon monoxide,093,INSTRUMENTAL - GAS FILTER CORRELATION CO ANALYZER,13820,"Birmingham-Hoover, AL",33.485556,-86.915,MOBILE,180,NEIGHBORHOOD,500 M TO 4KM,,"Jefferson County, AL  Department Of Health",POPULATION EXPOSURE,,,4,
2023-03-07,010731003,1,0.1,Parts per million,1,Fairfield,24,100,42101,Carbon monoxide,093,INSTRUMENTAL - GAS FILTER CORRELATION CO ANALYZER,13820,"Birmingham-Hoover, AL",33.485556,-86.915,MOBILE,180,NEIGHBORHOOD,500 M TO 4KM,,"Jefferson County, AL  Department Of Health",POPULATION EXPOSURE,,,4,
2023-03-08,010731003,1,0.2,Parts per million,2,Fairfield,18,75,42101,Carbon monoxide,093,INSTRUMENTAL - GAS FILTER CORRELATION CO ANALYZER,13820,"Birmingham-Hoover, AL",33.485556,-86.915,MOBILE,180,NEIGHBORHOOD,500 M TO 4KM,,"Jefferson County, AL  Department Of Health",POPULATION EXPOSURE,,,4,
2023-03-09,010731003,1,0.2,Parts per million,2,Fairfield,24,100,42101,Carbon monoxide,093,INSTRUMENTAL - GAS FILTER CORRELATION CO ANALYZER,13820,"Birmingham-Hoover, AL",33.485556,-86.915,MOBILE,180,NEIGHBORHOOD,500 M TO 4KM,,"Jefferson County, AL  Department Of Health",POPULATION EXPOSURE,,,4,
2023-03-10,010731003,1,0.3,Parts per million,3,Fairfield,24,100,42101,Carbon monoxide,093,INSTRUMENTAL - GAS FILTER CORRELATION CO ANALYZER,13820,"Birmingham-Hoover, AL",33.485556,-86.915,MOBILE,180,NEIGHBORHOOD,500 M TO 4KM,,"Jefferson County, AL  Department Of Health",POPULATION EXPOSURE,,,4,
2023-03-11,010731003,1,0.2,Parts per million,2,Fairfield,24,100,42101,Carbon monoxide,093,INSTRUMENTAL - GAS FILTER CORRELATION CO ANALYZER,13820,"Birmingham-Hoover, AL",33.485556,-86.915,MOBILE,180,NEIGHBORHOOD,500 M TO 4KM,,"Jefferson County, AL  Department Of Health",POPULATION EXPOSURE,,,4,
2023-03-12,010731003,1,0.2,Parts per million,2,Fairfield,24,100,42101,Carbon monoxide,093,INSTRUMENTAL - GAS FILTER CORRELATION CO ANALYZER,13820,"Birmingham-Hoover, AL",33.485556,-86.915,MOBILE,180,NEIGHBORHOOD,500 M TO 4KM,,"Jefferson County, AL  Department Of Health",POPULATION EXPOSURE,,,4,
2023-03-13,010731003,1,0.1,Parts per million,1,Fairfield,24,100,42101,Carbon monoxide,093,INSTRUMENTAL - GAS FILTER CORRELATION CO ANALYZER,13820,"Birmingham-Hoover, AL",33.485556,-86.915,MOBILE,180,NEIGHBORHOOD,500 M TO 4KM,,"Jefferson County, AL  Department Of Health",POPULATION EXPOSURE,,,4,
2023-03-14,010731003,1,0.2,Parts per million,2,Fairfield,24,100,42101,Carbon monoxide,093,INSTRUMENTAL - GAS FILTER CORRELATION CO ANALYZER,13820,"Birmingham-Hoover, AL",33.485556,-86.915,MOBILE,180,NEIGHBORHOOD,500 M TO 4KM,,"Jefferson County, AL  Department Of Health",POPULATION EXPOSURE,,,4,
2023-03-15,010731003,1,0.5,Parts per million,6,Fairfield,24,100,42101,Carbon monoxide,093,INSTRUMENTAL - GAS FILTER CORRELATION CO ANALYZER,13820,"Birmingham-Hoover, AL",33.485556,-86.915,MOBILE,180,NEIGHBORHOOD,500 M TO 4KM,,"Jefferson County, AL  Department Of Health",POPULATION EXPOSURE,,,4,
2023-03-16,010731003,1,0.6,Parts per million,7,Fairfield,24,100,42101,Carbon monoxide,093,INSTRUMENTAL - GAS FILTER CORRELATION CO ANALYZER,13820,"Birmingham-Hoover, AL",33.485556,-86.915,MOBILE,180,NEIGHBORHOOD,500 M TO 4KM,,"Jefferson County, AL  Department Of Health",POPULATION EXPOSURE,,,4,
2023-03-17,010731003,1,0.2,Parts per million,2,Fairfield,24,100,42101,Carbon monoxide,093,INSTRUMENTAL - GAS FILTER CORRELATION CO ANALYZER,13820,"Birmingham-Hoover, AL",33.485556,-86.915,MOBILE,180,NEIGHBORHOOD,500 M TO 4KM,,"Jefferson County, AL  Department Of Health",POPULATION EXPOSURE,,,4,
2023-03-18,010731003,1,0.1,Parts per million,1,Fairfield,24,100,42101,Carbon monoxide,093,INSTRUMENTAL - GAS FILTER CORRELATION CO ANALYZER,13820,"Birmingham-Hoover, AL",33.485556,-86.915,MOBILE,180,NEIGHBORHOOD,500 M TO 4KM,,"Jefferson County, AL  Department Of Health",POPULATION EXPOSURE,,,4,
2023-03-19,010731003,1,0.2,Parts per million,2,Fairfield,24,100,42101,Carbon monoxide,093,INSTRUMENTAL - GAS FILTER CORRELATION CO ANALYZER,13820,"Birmingham-Hoover, AL",33.485556,-86.915,MOBILE,180,NEIGHBORHOOD,500 M TO 4KM,,"Jefferson County, AL  Department Of Health",POPULATION EXPOSURE,,,4,
2023-03-20,010731003,1,0.4,Parts per million,5,Fairfield,24,100,42101,Carbon monoxide,093,INSTRUMENTAL - GAS FILTER CORRELATION CO ANALYZER,13820,"Birmingham-Hoover, AL",33.485556,-86.915,MOBILE,180,NEIGHBORHOOD,500 M TO 4KM,,"Jefferson County, AL  Department Of Health",POPULATION EXPOSURE,,,4,
2023-03-21,010731003,1,0.7,Parts per million,8,Fairfield,24,100,42101,Carbon monoxide,093,INSTRUMENTAL - GAS FILTER CORRELATION CO ANALYZER,13820,"Birmingham-Hoover, AL",33.485556,-86.915,MOBILE,180,NEIGHBORHOOD,500 M TO 4KM,,"Jefferson County, AL  Department Of Health",POPULATION EXPOSURE,,,4,
2023-03-22,010731003,1,0.2,Parts per million,2,Fairfield,18,75,42101,Carbon monoxide,093,INSTRUMENTAL - GAS FILTER CORRELATION CO ANALYZER,13820,"Birmingham-Hoover, AL",33.485556,-86.915,MOBILE,180,NEIGHBORHOOD,500 M TO 4KM,,"Jefferson County, AL  Department Of Health",POPULATION EXPOSURE,,,4,
2023-03-23,010731003,1,0.1,Parts per million,1,Fairfield,24,100,42101,Carbon monoxide,093,INSTRUMENTAL - GAS FILTER CORRELATION CO ANALYZER,13820,"Birmingham-Hoover, AL",33.485556,-86.915,MOBILE,180,NEIGHBORHOOD,500 M TO 4KM,,"Jefferson County, AL  Department Of Health",POPULATION EXPOSURE,,,4,
2023-03-24,010731003,1,0.1,Parts per million,1,Fairfield,24,100,42101,Carbon monoxide,093,INSTRUMENTAL - GAS FILTER CORRELATION CO ANALYZER,13820,"Birmingham-Hoover, AL",33.485556,-86.915,MOBILE,180,NEIGHBORHOOD,500 M TO 4KM,,"Jefferson County, AL  Department Of Health",POPULATION EXPOSURE,,,4,
2023-03-25,010731003,1,0.3,Parts per million,3,Fairfield,24,100,42101,Carbon monoxide,093,INSTRUMENTAL - GAS FILTER CORRELATION CO ANALYZER,13820,"Birmingham-Hoover, AL",33.485556,-86.915,MOBILE,180,NEIGHBORHOOD,500 M TO 4KM,,"Jefferson County, AL  Department Of Health",POPULATION EXPOSURE,,,4,
2023-03-26,010731003,1,0.5,Parts per million,6,Fairfield,24,100,42101,Carbon monoxide,093,INSTRUMENTAL - GAS FILTER CORRELATION CO ANALYZER,13820,"Birmingham-Hoover, AL",33.485556,-86.915,MOBILE,180,NEIGHBORHOOD,500 M TO 4KM,,"Jefferson County, AL  Department Of Health",POPULATION EXPOSURE,,,4,
2023-03-27,010731003,1,0.2,Parts per million,2,Fairfield,24,100,42101,Carbon monoxide,093,INSTRUMENTAL - GAS FILTER CORRELATION CO ANALYZER,13820,"Birmingham-Hoover, AL",33.485556,-86.915,MOBILE,180,NEIGHBORHOOD,500 M TO 4KM,,"Jefferson County, AL  Department Of Health",POPULATION EXPOSURE,,,4,
2023-03-28,010731003,1,0.2,Parts per million,2,Fairfield,24,100,42101,Carbon monoxide,093,INSTRUMENTAL - GAS FILTER CORRELATION CO ANALYZER,13820,"Birmingham-Hoover, AL",33.485556,-86.915,MOBILE,180,NEIGHBORHOOD,500 M TO 4KM,,"Jefferson County, AL  Department Of Health",POPULATION EXPOSURE,,,4,
2023-03-29,010731003,1,0.4,Parts per million,5,Fairfield,24,100,42101,Carbon monoxide,093,INSTRUMENTAL - GAS FILTER CORRELATION CO ANALYZER,13820,"Birmingham-Hoover, AL",33.485556,-86.915,MOBILE,180,NEIGHBORHOOD,500 M TO 4KM,,"Jefferson County, AL  Department Of Health",POPULATION EXPOSURE,,,4,
2023-03-30,010731003,1,0.6,Parts per million,7,Fairfield,24,100,42101,Carbon monoxide,093,INSTRUMENTAL - GAS FILTER CORRELATION CO ANALYZER,13820,"Birmingham-Hoover, AL",33.485556,-86.915,MOBILE,180,NEIGHBORHOOD,500 M TO 4KM,,"Jefferson County, AL  Department Of Health",POPULATION EXPOSURE,,,4,
2023-03-31,010731003,1,0.1,Parts per million,1,Fairfield,24,100,42101,Carbon monoxide,093,INSTRUMENTAL - GAS FILTER CORRELATION CO ANALYZER,13820,"Birmingham-Hoover, AL",33.485556,-86.915,MOBILE,180,NEIGHBORHOOD,500 M TO 4KM,,"Jefferson County, AL  Department Of Health",POPULATION EXPOSURE,,,4,
2023-04-01,010731003,1,0.1,Parts per million,1,Fairfield,24,100,42101,Carbon monoxide,093,INSTRUMENTAL - GAS FILTER CORRELATION CO ANALYZER,13820,"Birmingham-Hoover, AL",33.485556,-86.915,MOBILE,180,NEIGHBORHOOD,500 M TO 4KM,,"Jefferson County, AL  Department Of Health",POPULATION EXPOSURE,,,4,
2023-04-02,010731003,1,0.1,Parts per million,1,Fairfield,24,100,42101,Carbon monoxide,093,INSTRUMENTAL - GAS FILTER CORRELATION CO ANALYZER,13820,"Birmingham-Hoover, AL",33.485556,-86.915,MOBILE,180,NEIGHBORHOOD,500 M TO 4KM,,"Jefferson County, AL  Department Of Health",POPULATION EXPOSURE,,,4,
2023-04-03,010731003,1,0.1,Parts per million,1,Fairfield,24,100,42101,Carbon monoxide,093,INSTRUMENTAL - GAS FILTER CORRELATION CO ANALYZER,13820,"Birmingham-Hoover, AL",33.485556,-86.915,MOBILE,180,NEIGHBORHOOD,500 M TO 4KM,,"Jefferson County, AL  Department Of Health",POPULATION EXPOSURE,,,4,
2023-04-04,010731003,1,0.1,Parts per million,1,Fairfield,24,100,42101,Carbon monoxide,093,INSTRUMENTAL - GAS FILTER CORRELATION CO ANALYZER,13820,"Birmingham-Hoover, AL",33.485556,-86.915,MOBILE,180,NEIGHBORHOOD,500 M TO 4KM,,"Jefferson County, AL  Department Of Health",POPULATION EXPOSURE,,,4,
2023-04-05,010731003,1,0.1,Parts per million,1,Fairfield,24,100,42101,Carbon monoxide,093,INSTRUMENTAL - GAS FILTER CORRELATION CO ANALYZER,13820,"Birmingham-Hoover, AL",33.485556,-86.915,MOBILE,180,NEIGHBORHOOD,500 M TO 4KM,,"Jefferson County, AL  Department Of Health",POPULATION EXPOSURE,,,4,
2023-04-06,010731003,1,0.2,Parts per million,2,Fairfield,11,46,42101,Carbon monoxide,093,INSTRUMENTAL - GAS FILTER CORRELATION CO ANALYZER,13820,"Birmingham-Hoover, AL",33.485556,-86.915,MOBILE,180,NEIGHBORHOOD,500 M TO 4KM,,"Jefferson County, AL  Department Of Health",POPULATION EXPOSURE,,,4,
2023-04-07,010731003,1,0.1,Parts per million,1,Fairfield,7,29,42101,Carbon monoxide,093,INSTRUMENTAL - GAS FILTER CORRELATION CO ANALYZER,13820,"Birmingham-Hoover, AL",33.485556,-86.915,MOBILE,180,NEIGHBORHOOD,500 M TO 4KM,,"Jefferson County, AL  Department Of Health",POPULATION EXPOSURE,,,4,
2023-04-08,010731003,1,0.1,Parts per million,1,Fairfield,24,100,42101,Carbon monoxide,093,INSTRUMENTAL - GAS FILTER CORRELATION CO ANALYZER,13820,"Birmingham-Hoover, AL",33.485556,-86.915,MOBILE,180,NEIGHBORHOOD,500 M TO 4KM,,"Jefferson County, AL  Department Of Health",POPULATION EXPOSURE,,,4,
2023-04-09,010731003,1,0.2,Parts per million,2,Fairfield,24,100,42101,Carbon monoxide,093,INSTRUMENTAL - GAS FILTER CORRELATION CO ANALYZER,13820,"Birmingham-Hoover, AL",33.485556,-86.915,MOBILE,180,NEIGHBORHOOD,500 M TO 4KM,,"Jefferson County, AL  Department Of Health",POPULATION EXPOSURE,,,4,
2023-04-10,010731003,1,0.2,Parts per million,2,Fairfield,24,100,42101,Carbon monoxide,093,INSTRUMENTAL - GAS FILTER CORRELATION CO ANALYZER,13820,"Birmingham-Hoover, AL",33.485556,-86.915,MOBILE,180,NEIGHBORHOOD,500 M TO 4KM,,"Jefferson County, AL  Department Of Health",POPULATION EXPOSURE,,,4,
2023-04-11,010731003,1,0.4,Parts per million,5,Fairfield,24,100,42101,Carbon monoxide,093,INSTRUMENTAL - GAS FILTER CORRELATION CO ANALYZER,13820,"Birmingham-Hoover, AL",33.485556,-86.915,MOBILE,180,NEIGHBORHOOD,500 M TO 4KM,,"Jefferson County, AL  Department Of Health",POPULATION EXPOSURE,,,4,
2023-04-12,010731003,1,0.6,Parts per million,7,Fairfield,24,100,42101,Carbon monoxide,093,INSTRUMENTAL - GAS FILTER CORRELATION CO ANALYZER,13820,"Birmingham-Hoover, AL",33.485556,-86.915,MOBILE,180,NEIGHBORHOOD,500 M TO 4KM,,"Jefferson County, AL  Department Of Health",POPULATION EXPOSURE,,,4,
2023-04-13,010731003,1,0.5,Parts per million,6,Fairfield,24,100,42101,Carbon monoxide,093,INSTRUMENTAL - GAS FILTER CORRELATION CO ANALYZER,13820,"Birmingham-Hoover, AL",33.485556,-86.915,MOBILE,180,NEIGHBORHOOD,500 M TO 4KM,,"Jefferson County, AL  Department Of Health",POPULATION EXPOSURE,,,4,
2023-04-14,010731003,1,0.4,Parts per million,5,Fairfield,24,100,42101,Carbon monoxide,093,INSTRUMENTAL - GAS FILTER CORRELATION CO ANALYZER,13820,"Birmingham-Hoover, AL",33.485556,-86.915,MOBILE,180,NEIGHBORHOOD,500 M TO 4KM,,"Jefferson County, AL  Department Of Health",POPULATION EXPOSURE,,,4,
2023-04-15,010731003,1,0.6,Parts per million,7,Fairfield,24,100,42101,Carbon monoxide,093,INSTRUMENTAL - GAS FILTER CORRELATION CO ANALYZER,13820,"Birmingham-Hoover, AL",33.485556,-86.915,MOBILE,180,NEIGHBORHOOD,500 M TO 4KM,,"Jefferson County, AL  Department Of Health",POPULATION EXPOSURE,,,4,
2023-04-16,010731003,1,0.1,Parts per million,1,Fairfield,24,100,42101,Carbon monoxide,093,INSTRUMENTAL - GAS FILTER CORRELATION CO ANALYZER,13820,"Birmingham-Hoover, AL",33.485556,-86.915,MOBILE,180,NEIGHBORHOOD,500 M TO 4KM,,"Jefferson County, AL  Department Of Health",POPULATION EXPOSURE,,,4,
2023-04-17,010731003,1,0.3,Parts per million,3,Fairfield,24,100,42101,Carbon monoxide,093,INSTRUMENTAL - GAS FILTER CORRELATION CO ANALYZER,13820,"Birmingham-Hoover, AL",33.485556,-86.915,MOBILE,180,NEIGHBORHOOD,500 M TO 4KM,,"Jefferson County, AL  Department Of Health",POPULATION EXPOSURE,,,4,
2023-04-18,010731003,1,0.7,Parts per million,8,Fairfield,24,100,42101,Carbon monoxide,093,INSTRUMENTAL - GAS FILTER CORRELATION CO ANALYZER,13820,"Birmingham-Hoover, AL",33.485556,-86.915,MOBILE,180,NEIGHBORHOOD,500 M TO 4KM,,"Jefferson County, AL  Department Of Health",POPULATION EXPOSURE,,,4,
2023-04-19,010731003,1,0.4,Parts per million,5,Fairfield,24,100,42101,Carbon monoxide,093,INSTRUMENTAL - GAS FILTER CORRELATION CO ANALYZER,13820,"Birmingham-Hoover, AL",33.485556,-86.915,MOBILE,180,NEIGHBORHOOD,500 M TO 4KM,,"Jefferson County, AL  Department Of Health",POPULATION EXPOSURE,,,4,
2023-04-20,010731003,1,0.3,Parts per million,3,Fairfield,24,100,42101,Carbon monoxide,093,INSTRUMENTAL - GAS FILTER CORRELATION CO ANALYZER,13820,"Birmingham-Hoover, AL",33.485556,-86.915,MOBILE,180,NEIGHBORHOOD,500 M TO 4KM,,"Jefferson County, AL  Department Of Health",POPULATION EXPOSURE,,,4,
2023-04-21,010731003,1,0.2,Parts per million,2,Fairfield,24,100,42101,Carbon monoxide,093,INSTRUMENTAL - GAS FILTER CORRELATION CO ANALYZER,13820,"Birmingham-Hoover, AL",33.485556,-86.915,MOBILE,180,NEIGHBORHOOD,500 M TO 4KM,,"Jefferson County, AL  Department Of Health",POPULATION EXPOSURE,,,4,
2023-04-22,010731003,1,0.3,Parts per million,3,Fairfield,24,100,42101,Carbon monoxide,093,INSTRUMENTAL - GAS FILTER CORRELATION CO ANALYZER,13820,"Birmingham-Hoover, AL",33.485556,-86.915,MOBILE,180,NEIGHBORHOOD,500 M TO 4KM,,"Jefferson County, AL  Department Of Health",POPULATION EXPOSURE,,,4,
2023-04-23,010731003,1,0.3,Parts per million,3,Fairfield,24,100,42101,Carbon monoxide,093,INSTRUMENTAL - GAS FILTER CORRELATION CO ANALYZER,13820,"Birmingham-Hoover, AL",33.485556,-86.915,MOBILE,180,NEIGHBORHOOD,500 M TO 4KM,,"Jefferson County, AL  Department Of Health",POPULATION EXPOSURE,,,4,
2023-04-24,010731003,1,0.2,Parts per million,2,Fairfield,24,100,42101,Carbon monoxide,093,INSTRUMENTAL - GAS FILTER CORRELATION CO ANALYZER,13820,"Birmingham-Hoover, AL",33.485556,-86.915,MOBILE,180,NEIGHBORHOOD,500 M TO 4KM,,"Jefferson County, AL  Department Of Health",POPULATION EXPOSURE,,,4,
2023-04-25,010731003,1,0.3,Parts per million,3,Fairfield,24,100,42101,Carbon monoxide,093,INSTRUMENTAL - GAS FILTER CORRELATION CO ANALYZER,13820,"Birmingham-Hoover, AL",33.485556,-86.915,MOBILE,180,NEIGHBORHOOD,500 M TO 4KM,,"Jefferson County, AL  Department Of Health",POPULATION EXPOSURE,,,4,
2023-04-26,010731003,1,0.3,Parts per million,3,Fairfield,24,100,42101,Carbon monoxide,093,INSTRUMENTAL - GAS FILTER CORRELATION CO ANALYZER,13820,"Birmingham-Hoover, AL",33.485556,-86.915,MOBILE,180,NEIGHBORHOOD,500 M TO 4KM,,"Jefferson County, AL  Department Of Health",POPULATION EXPOSURE,,,4,
2023-04-27,010731003,1,0.2,Parts per million,2,Fairfield,24,100,42101,Carbon monoxide,093,INSTRUMENTAL - GAS FILTER CORRELATION CO ANALYZER,13820,"Birmingham-Hoover, AL",33.485556,-86.915,MOBILE,180,NEIGHBORHOOD,500 M TO 4KM,,"Jefferson County, AL  Department Of Health",POPULATION EXPOSURE,,,4,
2023-04-28,010731003,1,0.2,Parts per million,2,Fairfield,24,100,42101,Carbon monoxide,093,INSTRUMENTAL - GAS FILTER CORRELATION CO ANALYZER,13820,"Birmingham-Hoover, AL",33.485556,-86.915,MOBILE,180,NEIGHBORHOOD,500 M TO 4KM,,"Jefferson County, AL  Department Of Health",POPULATION EXPOSURE,,,4,
2023-04-29,010731003,1,0.3,Parts per million,3,Fairfield,24,100,42101,Carbon monoxide,093,INSTRUMENTAL - GAS FILTER CORRELATION CO ANALYZER,13820,"Birmingham-Hoover, AL",33.485556,-86.915,MOBILE,180,NEIGHBORHOOD,500 M TO 4KM,,"Jefferson County, AL  Department Of Health",POPULATION EXPOSURE,,,4,
2023-04-30,010731003,1,0.2,Parts per million,2,Fairfield,24,100,42101,Carbon monoxide,093,INSTRUMENTAL - GAS FILTER CORRELATION CO ANALYZER,13820,"Birmingham-Hoover, AL",33.485556,-86.915,MOBILE,180,NEIGHBORHOOD,500 M TO 4KM,,"Jefferson County, AL  Department Of Health",POPULATION EXPOSURE,,,4,
2023-05-01,010731003,1,0.2,Parts per million,2,Fairfield,24,100,42101,Carbon monoxide,093,INSTRUMENTAL - GAS FILTER CORRELATION CO ANALYZER,13820,"Birmingham-Hoover, AL",33.485556,-86.915,MOBILE,180,NEIGHBORHOOD,500 M TO 4KM,,"Jefferson County, AL  Department Of Health",POPULATION EXPOSURE,,,4,
2023-05-02,010731003,1,0.2,Parts per million,2,Fairfield,24,100,42101,Carbon monoxide,093,INSTRUMENTAL - GAS FILTER CORRELATION CO ANALYZER,13820,"Birmingham-Hoover, AL",33.485556,-86.915,MOBILE,180,NEIGHBORHOOD,500 M TO 4KM,,"Jefferson County, AL  Department Of Health",POPULATION EXPOSURE,,,4,
2023-05-03,010731003,1,0.3,Parts per million,3,Fairfield,24,100,42101,Carbon monoxide,093,INSTRUMENTAL - GAS FILTER CORRELATION CO ANALYZER,13820,"Birmingham-Hoover, AL",33.485556,-86.915,MOBILE,180,NEIGHBORHOOD,500 M TO 4KM,,"Jefferson County, AL  Department Of Health",POPULATION EXPOSURE,,,4,
2023-05-04,010731003,1,0.5,Parts per million,6,Fairfield,24,100,42101,Carbon monoxide,093,INSTRUMENTAL - GAS FILTER CORRELATION CO ANALYZER,13820,"Birmingham-Hoover, AL",33.485556,-86.915,MOBILE,180,NEIGHBORHOOD,500 M TO 4KM,,"Jefferson County, AL  Department Of Health",POPULATION EXPOSURE,,,4,
2023-05-05,010731003,1,0.4,Parts per million,5,Fairfield,24,100,42101,Carbon monoxide,093,INSTRUMENTAL - GAS FILTER CORRELATION CO ANALYZER,13820,"Birmingham-Hoover, AL",33.485556,-86.915,MOBILE,180,NEIGHBORHOOD,500 M TO 4KM,,"Jefferson County, AL  Department Of Health",POPULATION EXPOSURE,,,4,
2023-05-06,010731003,1,0.2,Parts per million,2,Fairfield,24,100,42101,Carbon monoxide,093,INSTRUMENTAL - GAS FILTER CORRELATION CO ANALYZER,13820,"Birmingham-Hoover, AL",33.485556,-86.915,MOBILE,180,NEIGHBORHOOD,500 M TO 4KM,,"Jefferson County, AL  Department Of Health",POPULATION EXPOSURE,,,4,
2023-05-07,010731003,1,0.2,Parts per million,2,Fairfield,24,100,42101,Carbon monoxide,093,INSTRUMENTAL - GAS FILTER CORRELATION CO ANALYZER,13820,"Birmingham-Hoover, AL",33.485556,-86.915,MOBILE,180,NEIGHBORHOOD,500 M TO 4KM,,"Jefferson County, AL  Department Of Health",POPULATION EXPOSURE,,,4,
2023-05-08,010731003,1,0.3,Parts per million,3,Fairfield,24,100,42101,Carbon monoxide,093,INSTRUMENTAL - GAS FILTER CORRELATION CO ANALYZER,13820,"Birmingham-Hoover, AL",33.485556,-86.915,MOBILE,180,NEIGHBORHOOD,500 M TO 4KM,,"Jefferson County, AL  Department Of Health",POPULATION EXPOSURE,,,4,
2023-05-09,010731003,1,0.3,Parts per million,3,Fairfield,24,100,42101,Carbon monoxide,093,INSTRUMENTAL - GAS FILTER CORRELATION CO ANALYZER,13820,"Birmingham-Hoover, AL",33.485556,-86.915,MOBILE,180,NEIGHBORHOOD,500 M TO 4KM,,"Jefferson County, AL  Department Of Health",POPULATION EXPOSURE,,,4,
2023-05-10,010731003,1,0.3,Parts per million,3,Fairfield,24,100,42101,Carbon monoxide,093,INSTRUMENTAL - GAS FILTER CORRELATION CO ANALYZER,13820,"Birmingham-Hoover, AL",33.485556,-86.915,MOBILE,180,NEIGHBORHOOD,500 M TO 4KM,,"Jefferson County, AL  Department Of Health",POPULATION EXPOSURE,,,4,
2023-05-11,010731003,1,0.2,Parts per million,2,Fairfield,24,100,42101,Carbon monoxide,093,INSTRUMENTAL - GAS FILTER CORRELATION CO ANALYZER,13820,"Birmingham-Hoover, AL",33.485556,-86.915,MOBILE,180,NEIGHBORHOOD,500 M TO 4KM,,"Jefferson County, AL  Department Of Health",POPULATION EXPOSURE,,,4,
2023-05-12,010731003,1,0.2,Parts per million,2,Fairfield,24,100,42101,Carbon monoxide,093,INSTRUMENTAL - GAS FILTER CORRELATION CO ANALYZER,13820,"Birmingham-Hoover, AL",33.485556,-86.915,MOBILE,180,NEIGHBORHOOD,500 M TO 4KM,,"Jefferson County, AL  Department Of Health",POPULATION EXPOSURE,,,4,
2023-05-13,010731003,1,0.3,Parts per million,3,Fairfield,24,100,42101,Carbon monoxide,093,INSTRUMENTAL - GAS FILTER CORRELATION CO ANALYZER,13820,"Birmingham-Hoover, AL",33.485556,-86.915,MOBILE,180,NEIGHBORHOOD,500 M TO 4KM,,"Jefferson County, AL  Department Of Health",POPULATION EXPOSURE,,,4,
2023-05-14,010731003,1,0.4,Parts per million,5,Fairfield,24,100,42101,Carbon monoxide,093,INSTRUMENTAL - GAS FILTER CORRELATION CO ANALYZER,13820,"Birmingham-Hoover, AL",33.485556,-86.915,MOBILE,180,NEIGHBORHOOD,500 M TO 4KM,,"Jefferson County, AL  Department Of Health",POPULATION EXPOSURE,,,4,
2023-05-15,010731003,1,0.4,Parts per million,5,Fairfield,24,100,42101,Carbon monoxide,093,INSTRUMENTAL - GAS FILTER CORRELATION CO ANALYZER,13820,"Birmingham-Hoover, AL",33.485556,-86.915,MOBILE,180,NEIGHBORHOOD,500 M TO 4KM,,"Jefferson County, AL  Department Of Health",POPULATION EXPOSURE,,,4,
2023-05-16,010731003,1,0.3,Parts per million,3,Fairfield,24,100,42101,Carbon monoxide,093,INSTRUMENTAL - GAS FILTER CORRELATION CO ANALYZER,13820,"Birmingham-Hoover, AL",33.485556,-86.915,MOBILE,180,NEIGHBORHOOD,500 M TO 4KM,,"Jefferson County, AL  Department Of Health",POPULATION EXPOSURE,,,4,
2023-05-17,010731003,1,0.3,Parts per million,3,Fairfield,24,100,42101,Carbon monoxide,093,INSTRUMENTAL - GAS FILTER CORRELATION CO ANALYZER,13820,"Birmingham-Hoover, AL",33.485556,-86.915,MOBILE,180,NEIGHBORHOOD,500 M TO 4KM,,"Jefferson County, AL  Department Of Health",POPULATION EXPOSURE,,,4,
2023-05-18,010731003,1,0.3,Parts per million,3,Fairfield,24,100,42101,Carbon monoxide,093,INSTRUMENTAL - GAS FILTER CORRELATION CO ANALYZER,13820,"Birmingham-Hoover, AL",33.485556,-86.915,MOBILE,180,NEIGHBORHOOD,500 M TO 4KM,,"Jefferson County, AL  Department Of Health",POPULATION EXPOSURE,,,4,
2023-05-19,010731003,1,0.1,Parts per million,1,Fairfield,24,100,42101,Carbon monoxide,093,INSTRUMENTAL - GAS FILTER CORRELATION CO ANALYZER,13820,"Birmingham-Hoover, AL",33.485556,-86.915,MOBILE,180,NEIGHBORHOOD,500 M TO 4KM,,"Jefferson County, AL  Department Of Health",POPULATION EXPOSURE,,,4,
2023-05-20,010731003,1,0.2,Parts per million,2,Fairfield,24,100,42101,Carbon monoxide,093,INSTRUMENTAL - GAS FILTER CORRELATION CO ANALYZER,13820,"Birmingham-Hoover, AL",33.485556,-86.915,MOBILE,180,NEIGHBORHOOD,500 M TO 4KM,,"Jefferson County, AL  Department Of Health",POPULATION EXPOSURE,,,4,
2023-05-21,010731003,1,0.4,Parts per million,5,Fairfield,24,100,42101,Carbon monoxide,093,INSTRUMENTAL - GAS FILTER CORRELATION CO ANALYZER,13820,"Birmingham-Hoover, AL",33.485556,-86.915,MOBILE,180,NEIGHBORHOOD,500 M TO 4KM,,"Jefferson County, AL  Department Of Health",POPULATION EXPOSURE,,,4,
2023-05-22,010731003,1,0.3,Parts per million,3,Fairfield,24,100,42101,Carbon monoxide,093,INSTRUMENTAL - GAS FILTER CORRELATION CO ANALYZER,13820,"Birmingham-Hoover, AL",33.485556,-86.915,MOBILE,180,NEIGHBORHOOD,500 M TO 4KM,,"Jefferson County, AL  Department Of Health",POPULATION EXPOSURE,,,4,
2023-05-23,010731003,1,0.2,Parts per million,2,Fairfield,24,100,42101,Carbon monoxide,093,INSTRUMENTAL - GAS FILTER CORRELATION CO ANALYZER,13820,"Birmingham-Hoover, AL",33.485556,-86.915,MOBILE,180,NEIGHBORHOOD,500 M TO 4KM,,"Jefferson County, AL  Department Of Health",POPULATION EXPOSURE,,,4,
2023-05-24,010731003,1,0.3,Parts per million,3,Fairfield,24,100,42101,Carbon monoxide,093,INSTRUMENTAL - GAS FILTER CORRELATION CO ANALYZER,13820,"Birmingham-Hoover, AL",33.485556,-86.915,MOBILE,180,NEIGHBORHOOD,500 M TO 4KM,,"Jefferson County, AL  Department Of Health",POPULATION EXPOSURE,,,4,
2023-05-25,010731003,1,0.5,Parts per million,6,Fairfield,24,100,42101,Carbon monoxide,093,INSTRUMENTAL - GAS FILTER CORRELATION CO ANALYZER,13820,"Birmingham-Hoover, AL",33.485556,-86.915,MOBILE,180,NEIGHBORHOOD,500 M TO 4KM,,"Jefferson County, AL  Department Of Health",POPULATION EXPOSURE,,,4,
2023-05-26,010731003,1,0.4,Parts per million,5,Fairfield,24,100,42101,Carbon monoxide,093,INSTRUMENTAL - GAS FILTER CORRELATION CO ANALYZER,13820,"Birmingham-Hoover, AL",33.485556,-86.915,MOBILE,180,NEIGHBORHOOD,500 M TO 4KM,,"Jefferson County, AL  Department Of Health",POPULATION EXPOSURE,,,4,
2023-05-27,010731003,1,0.3,Parts per million,3,Fairfield,24,100,42101,Carbon monoxide,093,INSTRUMENTAL - GAS FILTER CORRELATION CO ANALYZER,13820,"Birmingham-Hoover, AL",33.485556,-86.915,MOBILE,180,NEIGHBORHOOD,500 M TO 4KM,,"Jefferson County, AL  Department Of Health",POPULATION EXPOSURE,,,4,
2023-05-28,010731003,1,0.2,Parts per million,2,Fairfield,24,100,42101,Carbon monoxide,093,INSTRUMENTAL - GAS FILTER CORRELATION CO ANALYZER,13820,"Birmingham-Hoover, AL",33.485556,-86.915,MOBILE,180,NEIGHBORHOOD,500 M TO 4KM,,"Jefferson County, AL  Department Of Health",POPULATION EXPOSURE,,,4,
2023-05-29,010731003,1,0.2,Parts per million,2,Fairfield,24,100,42101,Carbon monoxide,093,INSTRUMENTAL - GAS FILTER CORRELATION CO ANALYZER,13820,"Birmingham-Hoover, AL",33.485556,-86.915,MOBILE,180,NEIGHBORHOOD,500 M TO 4KM,,"Jefferson County, AL  Department Of Health",POPULATION EXPOSURE,,,4,
2023-05-30,010731003,1,0.3,Parts per million,3,Fairfield,24,100,42101,Carbon monoxide,093,INSTRUMENTAL - GAS FILTER CORRELATION CO ANALYZER,13820,"Birmingham-Hoover, AL",33.485556,-86.915,MOBILE,180,NEIGHBORHOOD,500 M TO 4KM,,"Jefferson County, AL  Department Of Health",POPULATION EXPOSURE,,,4,
2023-05-31,010731003,1,0.3,Parts per million,3,Fairfield,24,100,42101,Carbon monoxide,093,INSTRUMENTAL - GAS FILTER CORRELATION CO ANALYZER,13820,"Birmingham-Hoover, AL",33.485556,-86.915,MOBILE,180,NEIGHBORHOOD,500 M TO 4KM,,"Jefferson County, AL  Department Of Health",POPULATION EXPOSURE,,,4,
2023-06-01,010731003,1,0.2,Parts per million,2,Fairfield,24,100,42101,Carbon monoxide,093,INSTRUMENTAL - GAS FILTER CORRELATION CO ANALYZER,13820,"Birmingham-Hoover, AL",33.485556,-86.915,MOBILE,180,NEIGHBORHOOD,500 M TO 4KM,,"Jefferson County, AL  Department Of Health",POPULATION EXPOSURE,,,4,
2023-06-02,010731003,1,0.3,Parts per million,3,Fairfield,24,100,42101,Carbon monoxide,093,INSTRUMENTAL - GAS FILTER CORRELATION CO ANALYZER,13820,"Birmingham-Hoover, AL",33.485556,-86.915,MOBILE,180,NEIGHBORHOOD,500 M TO 4KM,,"Jefferson County, AL  Department Of Health",POPULATION EXPOSURE,,,4,
2023-06-03,010731003,1,0.3,Parts per million,3,Fairfield,24,100,42101,Carbon monoxide,093,INSTRUMENTAL - GAS FILTER CORRELATION CO ANALYZER,13820,"Birmingham-Hoover, AL",33.485556,-86.915,MOBILE,180,NEIGHBORHOOD,500 M TO 4KM,,"Jefferson County, AL  Department Of Health",POPULATION EXPOSURE,,,4,
2023-06-04,010731003,1,0.4,Parts per million,5,Fairfield,24,100,42101,Carbon monoxide,093,INSTRUMENTAL - GAS FILTER CORRELATION CO ANALYZER,13820,"Birmingham-Hoover, AL",33.485556,-86.915,MOBILE,180,NEIGHBORHOOD,500 M TO 4KM,,"Jefferson County, AL  Department Of Health",POPULATION EXPOSURE,,,4,
2023-06-05,010731003,1,0.3,Parts per million,3,Fairfield,24,100,42101,Carbon monoxide,093,INSTRUMENTAL - GAS FILTER CORRELATION CO ANALYZER,13820,"Birmingham-Hoover, AL",33.485556,-86.915,MOBILE,180,NEIGHBORHOOD,500 M TO 4KM,,"Jefferson County, AL  Department Of Health",POPULATION EXPOSURE,,,4,
2023-06-06,010731003,1,0.3,Parts per million,3,Fairfield,24,100,42101,Carbon monoxide,093,INSTRUMENTAL - GAS FILTER CORRELATION CO ANALYZER,13820,"Birmingham-Hoover, AL",33.485556,-86.915,MOBILE,180,NEIGHBORHOOD,500 M TO 4KM,,"Jefferson County, AL  Department Of Health",POPULATION EXPOSURE,,,4,
2023-06-07,010731003,1,0.3,Parts per million,3,Fairfield,24,100,42101,Carbon monoxide,093,INSTRUMENTAL - GAS FILTER CORRELATION CO ANALYZER,13820,"Birmingham-Hoover, AL",33.485556,-86.915,MOBILE,180,NEIGHBORHOOD,500 M TO 4KM,,"Jefferson County, AL  Department Of Health",POPULATION EXPOSURE,,,4,
2023-06-08,010731003,1,0.2,Parts per million,2,Fairfield,24,100,42101,Carbon monoxide,093,INSTRUMENTAL - GAS FILTER CORRELATION CO ANALYZER,13820,"Birmingham-Hoover, AL",33.485556,-86.915,MOBILE,180,NEIGHBORHOOD,500 M TO 4KM,,"Jefferson County, AL  Department Of Health",POPULATION EXPOSURE,,,4,
2023-06-09,010731003,1,0.3,Parts per million,3,Fairfield,24,100,42101,Carbon monoxide,093,INSTRUMENTAL - GAS FILTER CORRELATION CO ANALYZER,13820,"Birmingham-Hoover, AL",33.485556,-86.915,MOBILE,180,NEIGHBORHOOD,500 M TO 4KM,,"Jefferson County, AL  Department Of Health",POPULATION EXPOSURE,,,4,
2023-06-10,010731003,1,0.4,Parts per million,5,Fairfield,24,100,42101,Carbon monoxide,093,INSTRUMENTAL - GAS FILTER CORRELATION CO ANALYZER,13820,"Birmingham-Hoover, AL",33.485556,-86.915,MOBILE,180,NEIGHBORHOOD,500 M TO 4KM,,"Jefferson County, AL  Department Of Health",POPULATION EXPOSURE,,,4,
2023-06-11,010731003,1,0.2,Parts per million,2,Fairfield,24,100,42101,Carbon monoxide,093,INSTRUMENTAL - GAS FILTER CORRELATION CO ANALYZER,13820,"Birmingham-Hoover, AL",33.485556,-86.915,MOBILE,180,NEIGHBORHOOD,500 M TO 4KM,,"Jefferson County, AL  Department Of Health",POPULATION EXPOSURE,,,4,
2023-06-12,010731003,1,0.2,Parts per million,2,Fairfield,24,100,42101,Carbon monoxide,093,INSTRUMENTAL - GAS FILTER CORRELATION CO ANALYZER,13820,"Birmingham-Hoover, AL",33.485556,-86.915,MOBILE,180,NEIGHBORHOOD,500 M TO 4KM,,"Jefferson County, AL  Department Of Health",POPULATION EXPOSURE,,,4,
2023-06-13,010731003,1,0.2,Parts per million,2,Fairfield,24,100,42101,Carbon monoxide,093,INSTRUMENTAL - GAS FILTER CORRELATION CO ANALYZER,13820,"Birmingham-Hoover, AL",33.485556,-86.915,MOBILE,180,NEIGHBORHOOD,500 M TO 4KM,,"Jefferson County, AL  Department Of Health",POPULATION EXPOSURE,,,4,
2023-06-14,010731003,1,0.2,Parts per million,2,Fairfield,24,100,42101,Carbon monoxide,093,INSTRUMENTAL - GAS FILTER CORRELATION CO ANALYZER,13820,"Birmingham-Hoover, AL",33.485556,-86.915,MOBILE,180,NEIGHBORHOOD,500 M TO 4KM,,"Jefferson County, AL  Department Of Health",POPULATION EXPOSURE,,,4,
2023-06-15,010731003,1,0.1,Parts per million,1,Fairfield,24,100,42101,Carbon monoxide,093,INSTRUMENTAL - GAS FILTER CORRELATION CO ANALYZER,13820,"Birmingham-Hoover, AL",33.485556,-86.915,MOBILE,180,NEIGHBORHOOD,500 M TO 4KM,,"Jefferson County, AL  Department Of Health",POPULATION EXPOSURE,,,4,
2023-06-16,010731003,1,0.2,Parts per million,2,Fairfield,24,100,42101,Carbon monoxide,093,INSTRUMENTAL - GAS FILTER CORRELATION CO ANALYZER,13820,"Birmingham-Hoover, AL",33.485556,-86.915,MOBILE,180,NEIGHBORHOOD,500 M TO 4KM,,"Jefferson County, AL  Department Of Health",POPULATION EXPOSURE,,,4,
2023-06-17,010731003,1,0.3,Parts per million,3,Fairfield,24,100,42101,Carbon monoxide,093,INSTRUMENTAL - GAS FILTER CORRELATION CO ANALYZER,13820,"Birmingham-Hoover, AL",33.485556,-86.915,MOBILE,180,NEIGHBORHOOD,500 M TO 4KM,,"Jefferson County, AL  Department Of Health",POPULATION EXPOSURE,,,4,
2023-06-18,010731003,1,0.4,Parts per million,5,Fairfield,24,100,42101,Carbon monoxide,093,INSTRUMENTAL - GAS FILTER CORRELATION CO ANALYZER,13820,"Birmingham-Hoover, AL",33.485556,-86.915,MOBILE,180,NEIGHBORHOOD,500 M TO 4KM,,"Jefferson County, AL  Department Of Health",POPULATION EXPOSURE,,,4,
2023-06-19,010731003,1,0.1,Parts per million,1,Fairfield,24,100,42101,Carbon monoxide,093,INSTRUMENTAL - GAS FILTER CORRELATION CO ANALYZER,13820,"Birmingham-Hoover, AL",33.485556,-86.915,MOBILE,180,NEIGHBORHOOD,500 M TO 4KM,,"Jefferson County, AL  Department Of Health",POPULATION EXPOSURE,,,4,
2023-06-20,010731003,1,0.1,Parts per million,1,Fairfield,24,100,42101,Carbon monoxide,093,INSTRUMENTAL - GAS FILTER CORRELATION CO ANALYZER,13820,"Birmingham-Hoover, AL",33.485556,-86.915,MOBILE,180,NEIGHBORHOOD,500 M TO 4KM,,"Jefferson County, AL  Department Of Health",POPULATION EXPOSURE,,,4,
2023-06-21,010731003,1,0.1,Parts per million,1,Fairfield,24,100,42101,Carbon monoxide,093,INSTRUMENTAL - GAS FILTER CORRELATION CO ANALYZER,13820,"Birmingham-Hoover, AL",33.485556,-86.915,MOBILE,180,NEIGHBORHOOD,500 M TO 4KM,,"Jefferson County, AL  Department Of Health",POPULATION EXPOSURE,,,4,
2023-06-22,010731003,1,0.2,Parts per million,2,Fairfield,24,100,42101,Carbon monoxide,093,INSTRUMENTAL - GAS FILTER CORRELATION CO ANALYZER,13820,"Birmingham-Hoover, AL",33.485556,-86.915,MOBILE,180,NEIGHBORHOOD,500 M TO 4KM,,"Jefferson County, AL  Department Of Health",POPULATION EXPOSURE,,,4,
2023-06-23,010731003,1,0.3,Parts per million,3,Fairfield,24,100,42101,Carbon monoxide,093,INSTRUMENTAL - GAS FILTER CORRELATION CO ANALYZER,13820,"Birmingham-Hoover, AL",33.485556,-86.915,MOBILE,180,NEIGHBORHOOD,500 M TO 4KM,,"Jefferson County, AL  Department Of Health",POPULATION EXPOSURE,,,4,
2023-06-24,010731003,1,0.5,Parts per million,6,Fairfield,24,100,42101,Carbon monoxide,093,INSTRUMENTAL - GAS FILTER CORRELATION CO ANALYZER,13820,"Birmingham-Hoover, AL",33.485556,-86.915,MOBILE,180,NEIGHBORHOOD,500 M TO 4KM,,"Jefferson County, AL  Department Of Health",POPULATION EXPOSURE,,,4,
2023-06-25,010731003,1,0.3,Parts per million,3,Fairfield,24,100,42101,Carbon monoxide,093,INSTRUMENTAL - GAS FILTER CORRELATION CO ANALYZER,13820,"Birmingham-Hoover, AL",33.485556,-86.915,MOBILE,180,NEIGHBORHOOD,500 M TO 4KM,,"Jefferson County, AL  Department Of Health",POPULATION EXPOSURE,,,4,
2023-06-26,010731003,1,0.2,Parts per million,2,Fairfield,24,100,42101,Carbon monoxide,093,INSTRUMENTAL - GAS FILTER CORRELATION CO ANALYZER,13820,"Birmingham-Hoover, AL",33.485556,-86.915,MOBILE,180,NEIGHBORHOOD,500 M TO 4KM,,"Jefferson County, AL  Department Of Health",POPULATION EXPOSURE,,,4,
2023-06-27,010731003,1,0.3,Parts per million,3,Fairfield,24,100,42101,Carbon monoxide,093,INSTRUMENTAL - GAS FILTER CORRELATION CO ANALYZER,13820,"Birmingham-Hoover, AL",33.485556,-86.915,MOBILE,180,NEIGHBORHOOD,500 M TO 4KM,,"Jefferson County, AL  Department Of Health",POPULATION EXPOSURE,,,4,
2023-06-28,010731003,1,0.4,Parts per million,5,Fairfield,24,100,42101,Carbon monoxide,093,INSTRUMENTAL - GAS FILTER CORRELATION CO ANALYZER,13820,"Birmingham-Hoover, AL",33.485556,-86.915,MOBILE,180,NEIGHBORHOOD,500 M TO 4KM,,"Jefferson County, AL  Department Of Health",POPULATION EXPOSURE,,,4,
2023-06-29,010731003,1,0.4,Parts per million,5,Fairfield,24,100,42101,Carbon monoxide,093,INSTRUMENTAL - GAS FILTER CORRELATION CO ANALYZER,13820,"Birmingham-Hoover, AL",33.485556,-86.915,MOBILE,180,NEIGHBORHOOD,500 M TO 4KM,,"Jefferson County, AL  Department Of Health",POPULATION EXPOSURE,,,4,
2023-06-30,010731003,1,0.3,Parts per million,3,Fairfield,24,100,42101,Carbon monoxide,093,INSTRUMENTAL - GAS FILTER CORRELATION CO ANALYZER,13820,"Birmingham-Hoover, AL",33.485556,-86.915,MOBILE,180,NEIGHBORHOOD,500 M TO 4KM,,"Jefferson County, AL  Department Of Health",POPULATION EXPOSURE,,,4,
2023-07-01,010731003,1,0.3,Parts per million,3,Fairfield,24,100,42101,Carbon monoxide,093,INSTRUMENTAL - GAS FILTER CORRELATION CO ANALYZER,13820,"Birmingham-Hoover, AL",33.485556,-86.915,MOBILE,180,NEIGHBORHOOD,500 M TO 4KM,,"Jefferson County, AL  Department Of Health",POPULATION EXPOSURE,,,4,
2023-07-02,010731003,1,0.1,Parts per million,1,Fairfield,24,100,42101,Carbon monoxide,093,INSTRUMENTAL - GAS FILTER CORRELATION CO ANALYZER,13820,"Birmingham-Hoover, AL",33.485556,-86.915,MOBILE,180,NEIGHBORHOOD,500 M TO 4KM,,"Jefferson County, AL  Department Of Health",POPULATION EXPOSURE,,,4,
2023-07-03,010731003,1,0.1,Parts per million,1,Fairfield,24,100,42101,Carbon monoxide,093,INSTRUMENTAL - GAS FILTER CORRELATION CO ANALYZER,13820,"Birmingham-Hoover, AL",33.485556,-86.915,MOBILE,180,NEIGHBORHOOD,500 M TO 4KM,,"Jefferson County, AL  Department Of Health",POPULATION EXPOSURE,,,4,
2023-07-04,010731003,1,0.2,Parts per million,2,Fairfield,24,100,42101,Carbon monoxide,093,INSTRUMENTAL - GAS FILTER CORRELATION CO ANALYZER,13820,"Birmingham-Hoover, AL",33.485556,-86.915,MOBILE,180,NEIGHBORHOOD,500 M TO 4KM,,"Jefferson County, AL  Department Of Health",POPULATION EXPOSURE,,,4,
2023-07-05,010731003,1,0.2,Parts per million,2,Fairfield,24,100,42101,Carbon monoxide,093,INSTRUMENTAL - GAS FILTER CORRELATION CO ANALYZER,13820,"Birmingham-Hoover, AL",33.485556,-86.915,MOBILE,180,NEIGHBORHOOD,500 M TO 4KM,,"Jefferson County, AL  Department Of Health",POPULATION EXPOSURE,,,4,
2023-07-06,010731003,1,0.1,Parts per million,1,Fairfield,24,100,42101,Carbon monoxide,093,INSTRUMENTAL - GAS FILTER CORRELATION CO ANALYZER,13820,"Birmingham-Hoover, AL",33.485556,-86.915,MOBILE,180,NEIGHBORHOOD,500 M TO 4KM,,"Jefferson County, AL  Department Of Health",POPULATION EXPOSURE,,,4,
2023-07-07,010731003,1,0.1,Parts per million,1,Fairfield,24,100,42101,Carbon monoxide,093,INSTRUMENTAL - GAS FILTER CORRELATION CO ANALYZER,13820,"Birmingham-Hoover, AL",33.485556,-86.915,MOBILE,180,NEIGHBORHOOD,500 M TO 4KM,,"Jefferson County, AL  Department Of Health",POPULATION EXPOSURE,,,4,
2023-07-08,010731003,1,0.1,Parts per million,1,Fairfield,24,100,42101,Carbon monoxide,093,INSTRUMENTAL - GAS FILTER CORRELATION CO ANALYZER,13820,"Birmingham-Hoover, AL",33.485556,-86.915,MOBILE,180,NEIGHBORHOOD,500 M TO 4KM,,"Jefferson County, AL  Department Of Health",POPULATION EXPOSURE,,,4,
2023-07-09,010731003,1,0,Parts per million,0,Fairfield,24,100,42101,Carbon monoxide,093,INSTRUMENTAL - GAS FILTER CORRELATION CO ANALYZER,13820,"Birmingham-Hoover, AL",33.485556,-86.915,MOBILE,180,NEIGHBORHOOD,500 M TO 4KM,,"Jefferson County, AL  Department Of Health",POPULATION EXPOSURE,,,4,
2023-07-10,010731003,1,0.1,Parts per million,1,Fairfield,24,100,42101,Carbon monoxide,093,INSTRUMENTAL - GAS FILTER CORRELATION CO ANALYZER,13820,"Birmingham-Hoover, AL",33.485556,-86.915,MOBILE,180,NEIGHBORHOOD,500 M TO 4KM,,"Jefferson County, AL  Department Of Health",POPULATION EXPOSURE,,,4,
2023-07-11,010731003,1,0.2,Parts per million,2,Fairfield,24,100,42101,Carbon monoxide,093,INSTRUMENTAL - GAS FILTER CORRELATION CO ANALYZER,13820,"Birmingham-Hoover, AL",33.485556,-86.915,MOBILE,180,NEIGHBORHOOD,500 M TO 4KM,,"Jefferson County, AL  Department Of Health",POPULATION EXPOSURE,,,4,
2023-07-12,010731003,1,0.3,Parts per million,3,Fairfield,24,100,42101,Carbon monoxide,093,INSTRUMENTAL - GAS FILTER CORRELATION CO ANALYZER,13820,"Birmingham-Hoover, AL",33.485556,-86.915,MOBILE,180,NEIGHBORHOOD,500 M TO 4KM,,"Jefferson County, AL  Department Of Health",POPULATION EXPOSURE,,,4,
2023-07-13,010731003,1,0.1,Parts per million,1,Fairfield,24,100,42101,Carbon monoxide,093,INSTRUMENTAL - GAS FILTER CORRELATION CO ANALYZER,13820,"Birmingham-Hoover, AL",33.485556,-86.915,MOBILE,180,NEIGHBORHOOD,500 M TO 4KM,,"Jefferson County, AL  Department Of Health",POPULATION EXPOSURE,,,4,
2023-07-14,010731003,1,0.2,Parts per million,2,Fairfield,24,100,42101,Carbon monoxide,093,INSTRUMENTAL - GAS FILTER CORRELATION CO ANALYZER,13820,"Birmingham-Hoover, AL",33.485556,-86.915,MOBILE,180,NEIGHBORHOOD,500 M TO 4KM,,"Jefferson County, AL  Department Of Health",POPULATION EXPOSURE,,,4,
2023-07-15,010731003,1,0.1,Parts per million,1,Fairfield,24,100,42101,Carbon monoxide,093,INSTRUMENTAL - GAS FILTER CORRELATION CO ANALYZER,13820,"Birmingham-Hoover, AL",33.485556,-86.915,MOBILE,180,NEIGHBORHOOD,500 M TO 4KM,,"Jefferson County, AL  Department Of Health",POPULATION EXPOSURE,,,4,
2023-07-16,010731003,1,0.2,Parts per million,2,Fairfield,24,100,42101,Carbon monoxide,093,INSTRUMENTAL - GAS FILTER CORRELATION CO ANALYZER,13820,"Birmingham-Hoover, AL",33.485556,-86.915,MOBILE,180,NEIGHBORHOOD,500 M TO 4KM,,"Jefferson County, AL  Department Of Health",POPULATION EXPOSURE,,,4,
2023-07-17,010731003,1,0.4,Parts per million,5,Fairfield,24,100,42101,Carbon monoxide,093,INSTRUMENTAL - GAS FILTER CORRELATION CO ANALYZER,13820,"Birmingham-Hoover, AL",33.485556,-86.915,MOBILE,180,NEIGHBORHOOD,500 M TO 4KM,,"Jefferson County, AL  Department Of Health",POPULATION EXPOSURE,,,4,
2023-07-18,010731003,1,0.4,Parts per million,5,Fairfield,24,100,42101,Carbon monoxide,093,INSTRUMENTAL - GAS FILTER CORRELATION CO ANALYZER,13820,"Birmingham-Hoover, AL",33.485556,-86.915,MOBILE,180,NEIGHBORHOOD,500 M TO 4KM,,"Jefferson County, AL  Department Of Health",POPULATION EXPOSURE,,,4,
2023-07-19,010731003,1,0.1,Parts per million,1,Fairfield,24,100,42101,Carbon monoxide,093,INSTRUMENTAL - GAS FILTER CORRELATION CO ANALYZER,13820,"Birmingham-Hoover, AL",33.485556,-86.915,MOBILE,180,NEIGHBORHOOD,500 M TO 4KM,,"Jefferson County, AL  Department Of Health",POPULATION EXPOSURE,,,4,
2023-07-20,010731003,1,0.1,Parts per million,1,Fairfield,24,100,42101,Carbon monoxide,093,INSTRUMENTAL - GAS FILTER CORRELATION CO ANALYZER,13820,"Birmingham-Hoover, AL",33.485556,-86.915,MOBILE,180,NEIGHBORHOOD,500 M TO 4KM,,"Jefferson County, AL  Department Of Health",POPULATION EXPOSURE,,,4,
2023-07-21,010731003,1,0.1,Parts per million,1,Fairfield,24,100,42101,Carbon monoxide,093,INSTRUMENTAL - GAS FILTER CORRELATION CO ANALYZER,13820,"Birmingham-Hoover, AL",33.485556,-86.915,MOBILE,180,NEIGHBORHOOD,500 M TO 4KM,,"Jefferson County, AL  Department Of Health",POPULATION EXPOSURE,,,4,
2023-07-22,010731003,1,0.1,Parts per million,1,Fairfield,24,100,42101,Carbon monoxide,093,INSTRUMENTAL - GAS FILTER CORRELATION CO ANALYZER,13820,"Birmingham-Hoover, AL",33.485556,-86.915,MOBILE,180,NEIGHBORHOOD,500 M TO 4KM,,"Jefferson County, AL  Department Of Health",POPULATION EXPOSURE,,,4,
2023-07-23,010731003,1,0.1,Parts per million,1,Fairfield,24,100,42101,Carbon monoxide,093,INSTRUMENTAL - GAS FILTER CORRELATION CO ANALYZER,13820,"Birmingham-Hoover, AL",33.485556,-86.915,MOBILE,180,NEIGHBORHOOD,500 M TO 4KM,,"Jefferson County, AL  Department Of Health",POPULATION EXPOSURE,,,4,
2023-07-24,010731003,1,0.1,Parts per million,1,Fairfield,24,100,42101,Carbon monoxide,093,INSTRUMENTAL - GAS FILTER CORRELATION CO ANALYZER,13820,"Birmingham-Hoover, AL",33.485556,-86.915,MOBILE,180,NEIGHBORHOOD,500 M TO 4KM,,"Jefferson County, AL  Department Of Health",POPULATION EXPOSURE,,,4,
2023-07-25,010731003,1,0.3,Parts per million,3,Fairfield,24,100,42101,Carbon monoxide,093,INSTRUMENTAL - GAS FILTER CORRELATION CO ANALYZER,13820,"Birmingham-Hoover, AL",33.485556,-86.915,MOBILE,180,NEIGHBORHOOD,500 M TO 4KM,,"Jefferson County, AL  Department Of Health",POPULATION EXPOSURE,,,4,
2023-07-26,010731003,1,0.2,Parts per million,2,Fairfield,24,100,42101,Carbon monoxide,093,INSTRUMENTAL - GAS FILTER CORRELATION CO ANALYZER,13820,"Birmingham-Hoover, AL",33.485556,-86.915,MOBILE,180,NEIGHBORHOOD,500 M TO 4KM,,"Jefferson County, AL  Department Of Health",POPULATION EXPOSURE,,,4,
2023-07-27,010731003,1,0.2,Parts per million,2,Fairfield,24,100,42101,Carbon monoxide,093,INSTRUMENTAL - GAS FILTER CORRELATION CO ANALYZER,13820,"Birmingham-Hoover, AL",33.485556,-86.915,MOBILE,180,NEIGHBORHOOD,500 M TO 4KM,,"Jefferson County, AL  Department Of Health",POPULATION EXPOSURE,,,4,
2023-07-28,010731003,1,0.5,Parts per million,6,Fairfield,24,100,42101,Carbon monoxide,093,INSTRUMENTAL - GAS FILTER CORRELATION CO ANALYZER,13820,"Birmingham-Hoover, AL",33.485556,-86.915,MOBILE,180,NEIGHBORHOOD,500 M TO 4KM,,"Jefferson County, AL  Department Of Health",POPULATION EXPOSURE,,,4,
2023-07-29,010731003,1,0.4,Parts per million,5,Fairfield,24,100,42101,Carbon monoxide,093,INSTRUMENTAL - GAS FILTER CORRELATION CO ANALYZER,13820,"Birmingham-Hoover, AL",33.485556,-86.915,MOBILE,180,NEIGHBORHOOD,500 M TO 4KM,,"Jefferson County, AL  Department Of Health",POPULATION EXPOSURE,,,4,
2023-07-30,010731003,1,0.3,Parts per million,3,Fairfield,24,100,42101,Carbon monoxide,093,INSTRUMENTAL - GAS FILTER CORRELATION CO ANALYZER,13820,"Birmingham-Hoover, AL",33.485556,-86.915,MOBILE,180,NEIGHBORHOOD,500 M TO 4KM,,"Jefferson County, AL  Department Of Health",POPULATION EXPOSURE,,,4,
2023-07-31,010731003,1,0.2,Parts per million,2,Fairfield,24,100,42101,Carbon monoxide,093,INSTRUMENTAL - GAS FILTER CORRELATION CO ANALYZER,13820,"Birmingham-Hoover, AL",33.485556,-86.915,MOBILE,180,NEIGHBORHOOD,500 M TO 4KM,,"Jefferson County, AL  Department Of Health",POPULATION EXPOSURE,,,4,
2023-08-01,010731003,1,0.1,Parts per million,1,Fairfield,24,100,42101,Carbon monoxide,093,INSTRUMENTAL - GAS FILTER CORRELATION CO ANALYZER,13820,"Birmingham-Hoover, AL",33.485556,-86.915,MOBILE,180,NEIGHBORHOOD,500 M TO 4KM,,"Jefferson County, AL  Department Of Health",POPULATION EXPOSURE,,,4,
2023-08-02,010731003,1,0.2,Parts per million,2,Fairfield,24,100,42101,Carbon monoxide,093,INSTRUMENTAL - GAS FILTER CORRELATION CO ANALYZER,13820,"Birmingham-Hoover, AL",33.485556,-86.915,MOBILE,180,NEIGHBORHOOD,500 M TO 4KM,,"Jefferson County, AL  Department Of Health",POPULATION EXPOSURE,,,4,
2023-08-03,010731003,1,0.2,Parts per million,2,Fairfield,24,100,42101,Carbon monoxide,093,INSTRUMENTAL - GAS FILTER CORRELATION CO ANALYZER,13820,"Birmingham-Hoover, AL",33.485556,-86.915,MOBILE,180,NEIGHBORHOOD,500 M TO 4KM,,"Jefferson County, AL  Department Of Health",POPULATION EXPOSURE,,,4,
2023-08-04,010731003,1,0.1,Parts per million,1,Fairfield,24,100,42101,Carbon monoxide,093,INSTRUMENTAL - GAS FILTER CORRELATION CO ANALYZER,13820,"Birmingham-Hoover, AL",33.485556,-86.915,MOBILE,180,NEIGHBORHOOD,500 M TO 4KM,,"Jefferson County, AL  Department Of Health",POPULATION EXPOSURE,,,4,
2023-08-05,010731003,1,0.1,Parts per million,1,Fairfield,24,100,42101,Carbon monoxide,093,INSTRUMENTAL - GAS FILTER CORRELATION CO ANALYZER,13820,"Birmingham-Hoover, AL",33.485556,-86.915,MOBILE,180,NEIGHBORHOOD,500 M TO 4KM,,"Jefferson County, AL  Department Of Health",POPULATION EXPOSURE,,,4,
2023-08-06,010731003,1,0.1,Parts per million,1,Fairfield,24,100,42101,Carbon monoxide,093,INSTRUMENTAL - GAS FILTER CORRELATION CO ANALYZER,13820,"Birmingham-Hoover, AL",33.485556,-86.915,MOBILE,180,NEIGHBORHOOD,500 M TO 4KM,,"Jefferson County, AL  Department Of Health",POPULATION EXPOSURE,,,4,
2023-08-07,010731003,1,0.1,Parts per million,1,Fairfield,24,100,42101,Carbon monoxide,093,INSTRUMENTAL - GAS FILTER CORRELATION CO ANALYZER,13820,"Birmingham-Hoover, AL",33.485556,-86.915,MOBILE,180,NEIGHBORHOOD,500 M TO 4KM,,"Jefferson County, AL  Department Of Health",POPULATION EXPOSURE,,,4,
2023-08-08,010731003,1,0.2,Parts per million,2,Fairfield,24,100,42101,Carbon monoxide,093,INSTRUMENTAL - GAS FILTER CORRELATION CO ANALYZER,13820,"Birmingham-Hoover, AL",33.485556,-86.915,MOBILE,180,NEIGHBORHOOD,500 M TO 4KM,,"Jefferson County, AL  Department Of Health",POPULATION EXPOSURE,,,4,
2023-08-09,010731003,1,0.2,Parts per million,2,Fairfield,24,100,42101,Carbon monoxide,093,INSTRUMENTAL - GAS FILTER CORRELATION CO ANALYZER,13820,"Birmingham-Hoover, AL",33.485556,-86.915,MOBILE,180,NEIGHBORHOOD,500 M TO 4KM,,"Jefferson County, AL  Department Of Health",POPULATION EXPOSURE,,,4,
2023-08-10,010731003,1,0.1,Parts per million,1,Fairfield,24,100,42101,Carbon monoxide,093,INSTRUMENTAL - GAS FILTER CORRELATION CO ANALYZER,13820,"Birmingham-Hoover, AL",33.485556,-86.915,MOBILE,180,NEIGHBORHOOD,500 M TO 4KM,,"Jefferson County, AL  Department Of Health",POPULATION EXPOSURE,,,4,
2023-08-11,010731003,1,0.1,Parts per million,1,Fairfield,24,100,42101,Carbon monoxide,093,INSTRUMENTAL - GAS FILTER CORRELATION CO ANALYZER,13820,"Birmingham-Hoover, AL",33.485556,-86.915,MOBILE,180,NEIGHBORHOOD,500 M TO 4KM,,"Jefferson County, AL  Department Of Health",POPULATION EXPOSURE,,,4,
2023-08-12,010731003,1,0.1,Parts per million,1,Fairfield,24,100,42101,Carbon monoxide,093,INSTRUMENTAL - GAS FILTER CORRELATION CO ANALYZER,13820,"Birmingham-Hoover, AL",33.485556,-86.915,MOBILE,180,NEIGHBORHOOD,500 M TO 4KM,,"Jefferson County, AL  Department Of Health",POPULATION EXPOSURE,,,4,
2023-08-13,010731003,1,0.1,Parts per million,1,Fairfield,24,100,42101,Carbon monoxide,093,INSTRUMENTAL - GAS FILTER CORRELATION CO ANALYZER,13820,"Birmingham-Hoover, AL",33.485556,-86.915,MOBILE,180,NEIGHBORHOOD,500 M TO 4KM,,"Jefferson County, AL  Department Of Health",POPULATION EXPOSURE,,,4,
2023-08-14,010731003,1,0.1,Parts per million,1,Fairfield,24,100,42101,Carbon monoxide,093,INSTRUMENTAL - GAS FILTER CORRELATION CO ANALYZER,13820,"Birmingham-Hoover, AL",33.485556,-86.915,MOBILE,180,NEIGHBORHOOD,500 M TO 4KM,,"Jefferson County, AL  Department Of Health",POPULATION EXPOSURE,,,4,
2023-08-15,010731003,1,0.1,Parts per million,1,Fairfield,24,100,42101,Carbon monoxide,093,INSTRUMENTAL - GAS FILTER CORRELATION CO ANALYZER,13820,"Birmingham-Hoover, AL",33.485556,-86.915,MOBILE,180,NEIGHBORHOOD,500 M TO 4KM,,"Jefferson County, AL  Department Of Health",POPULATION EXPOSURE,,,4,
2023-08-16,010731003,1,0.1,Parts per million,1,Fairfield,24,100,42101,Carbon monoxide,093,INSTRUMENTAL - GAS FILTER CORRELATION CO ANALYZER,13820,"Birmingham-Hoover, AL",33.485556,-86.915,MOBILE,180,NEIGHBORHOOD,500 M TO 4KM,,"Jefferson County, AL  Department Of Health",POPULATION EXPOSURE,,,4,
2023-08-17,010731003,1,0.2,Parts per million,2,Fairfield,24,100,42101,Carbon monoxide,093,INSTRUMENTAL - GAS FILTER CORRELATION CO ANALYZER,13820,"Birmingham-Hoover, AL",33.485556,-86.915,MOBILE,180,NEIGHBORHOOD,500 M TO 4KM,,"Jefferson County, AL  Department Of Health",POPULATION EXPOSURE,,,4,
2023-08-18,010731003,1,0.3,Parts per million,3,Fairfield,24,100,42101,Carbon monoxide,093,INSTRUMENTAL - GAS FILTER CORRELATION CO ANALYZER,13820,"Birmingham-Hoover, AL",33.485556,-86.915,MOBILE,180,NEIGHBORHOOD,500 M TO 4KM,,"Jefferson County, AL  Department Of Health",POPULATION EXPOSURE,,,4,
2023-08-19,010731003,1,0.3,Parts per million,3,Fairfield,24,100,42101,Carbon monoxide,093,INSTRUMENTAL - GAS FILTER CORRELATION CO ANALYZER,13820,"Birmingham-Hoover, AL",33.485556,-86.915,MOBILE,180,NEIGHBORHOOD,500 M TO 4KM,,"Jefferson County, AL  Department Of Health",POPULATION EXPOSURE,,,4,
2023-08-20,010731003,1,0.4,Parts per million,5,Fairfield,24,100,42101,Carbon monoxide,093,INSTRUMENTAL - GAS FILTER CORRELATION CO ANALYZER,13820,"Birmingham-Hoover, AL",33.485556,-86.915,MOBILE,180,NEIGHBORHOOD,500 M TO 4KM,,"Jefferson County, AL  Department Of Health",POPULATION EXPOSURE,,,4,
2023-08-21,010731003,1,0.2,Parts per million,2,Fairfield,24,100,42101,Carbon monoxide,093,INSTRUMENTAL - GAS FILTER CORRELATION CO ANALYZER,13820,"Birmingham-Hoover, AL",33.485556,-86.915,MOBILE,180,NEIGHBORHOOD,500 M TO 4KM,,"Jefferson County, AL  Department Of Health",POPULATION EXPOSURE,,,4,
2023-08-22,010731003,1,0.3,Parts per million,3,Fairfield,24,100,42101,Carbon monoxide,093,INSTRUMENTAL - GAS FILTER CORRELATION CO ANALYZER,13820,"Birmingham-Hoover, AL",33.485556,-86.915,MOBILE,180,NEIGHBORHOOD,500 M TO 4KM,,"Jefferson County, AL  Department Of Health",POPULATION EXPOSURE,,,4,
2023-08-23,010731003,1,0.2,Parts per million,2,Fairfield,24,100,42101,Carbon monoxide,093,INSTRUMENTAL - GAS FILTER CORRELATION CO ANALYZER,13820,"Birmingham-Hoover, AL",33.485556,-86.915,MOBILE,180,NEIGHBORHOOD,500 M TO 4KM,,"Jefferson County, AL  Department Of Health",POPULATION EXPOSURE,,,4,
2023-08-24,010731003,1,0.2,Parts per million,2,Fairfield,24,100,42101,Carbon monoxide,093,INSTRUMENTAL - GAS FILTER CORRELATION CO ANALYZER,13820,"Birmingham-Hoover, AL",33.485556,-86.915,MOBILE,180,NEIGHBORHOOD,500 M TO 4KM,,"Jefferson County, AL  Department Of Health",POPULATION EXPOSURE,,,4,
2023-08-25,010731003,1,0.3,Parts per million,3,Fairfield,24,100,42101,Carbon monoxide,093,INSTRUMENTAL - GAS FILTER CORRELATION CO ANALYZER,13820,"Birmingham-Hoover, AL",33.485556,-86.915,MOBILE,180,NEIGHBORHOOD,500 M TO 4KM,,"Jefferson County, AL  Department Of Health",POPULATION EXPOSURE,,,4,
2023-08-26,010731003,1,0.4,Parts per million,5,Fairfield,24,100,42101,Carbon monoxide,093,INSTRUMENTAL - GAS FILTER CORRELATION CO ANALYZER,13820,"Birmingham-Hoover, AL",33.485556,-86.915,MOBILE,180,NEIGHBORHOOD,500 M TO 4KM,,"Jefferson County, AL  Department Of Health",POPULATION EXPOSURE,,,4,
2023-08-27,010731003,1,0.1,Parts per million,1,Fairfield,24,100,42101,Carbon monoxide,093,INSTRUMENTAL - GAS FILTER CORRELATION CO ANALYZER,13820,"Birmingham-Hoover, AL",33.485556,-86.915,MOBILE,180,NEIGHBORHOOD,500 M TO 4KM,,"Jefferson County, AL  Department Of Health",POPULATION EXPOSURE,,,4,
2023-08-28,010731003,1,0.1,Parts per million,1,Fairfield,24,100,42101,Carbon monoxide,093,INSTRUMENTAL - GAS FILTER CORRELATION CO ANALYZER,13820,"Birmingham-Hoover, AL",33.485556,-86.915,MOBILE,180,NEIGHBORHOOD,500 M TO 4KM,,"Jefferson County, AL  Department Of Health",POPULATION EXPOSURE,,,4,
2023-08-29,010731003,1,0.1,Parts per million,1,Fairfield,24,100,42101,Carbon monoxide,093,INSTRUMENTAL - GAS FILTER CORRELATION CO ANALYZER,13820,"Birmingham-Hoover, AL",33.485556,-86.915,MOBILE,180,NEIGHBORHOOD,500 M TO 4KM,,"Jefferson County, AL  Department Of Health",POPULATION EXPOSURE,,,4,
2023-08-30,010731003,1,0,Parts per million,0,Fairfield,24,100,42101,Carbon monoxide,093,INSTRUMENTAL - GAS FILTER CORRELATION CO ANALYZER,13820,"Birmingham-Hoover, AL",33.485556,-86.915,MOBILE,180,NEIGHBORHOOD,500 M TO 4KM,,"Jefferson County, AL  Department Of Health",POPULATION EXPOSURE,,,4,
2023-08-31,010731003,1,0.1,Parts per million,1,Fairfield,24,100,42101,Carbon monoxide,093,INSTRUMENTAL - GAS FILTER CORRELATION CO ANALYZER,13820,"Birmingham-Hoover, AL",33.485556,-86.915,MOBILE,180,NEIGHBORHOOD,500 M TO 4KM,,"Jefferson County, AL  Department Of Health",POPULATION EXPOSURE,,,4,
2023-09-01,010731003,1,0.1,Parts per million,1,Fairfield,24,100,42101,Carbon monoxide,093,INSTRUMENTAL - GAS FILTER CORRELATION CO ANALYZER,13820,"Birmingham-Hoover, AL",33.485556,-86.915,MOBILE,180,NEIGHBORHOOD,500 M TO 4KM,,"Jefferson County, AL  Department Of Health",POPULATION EXPOSURE,,,4,
2023-09-02,010731003,1,0.2,Parts per million,2,Fairfield,24,100,42101,Carbon monoxide,093,INSTRUMENTAL - GAS FILTER CORRELATION CO ANALYZER,13820,"Birmingham-Hoover, AL",33.485556,-86.915,MOBILE,180,NEIGHBORHOOD,500 M TO 4KM,,"Jefferson County, AL  Department Of Health",POPULATION EXPOSURE,,,4,
2023-09-03,010731003,1,0.4,Parts per million,5,Fairfield,24,100,42101,Carbon monoxide,093,INSTRUMENTAL - GAS FILTER CORRELATION CO ANALYZER,13820,"Birmingham-Hoover, AL",33.485556,-86.915,MOBILE,180,NEIGHBORHOOD,500 M TO 4KM,,"Jefferson County, AL  Department Of Health",POPULATION EXPOSURE,,,4,
2023-09-04,010731003,1,0.2,Parts per million,2,Fairfield,24,100,42101,Carbon monoxide,093,INSTRUMENTAL - GAS FILTER CORRELATION CO ANALYZER,13820,"Birmingham-Hoover, AL",33.485556,-86.915,MOBILE,180,NEIGHBORHOOD,500 M TO 4KM,,"Jefferson County, AL  Department Of Health",POPULATION EXPOSURE,,,4,
2023-09-05,010731003,1,0.1,Parts per million,1,Fairfield,24,100,42101,Carbon monoxide,093,INSTRUMENTAL - GAS FILTER CORRELATION CO ANALYZER,13820,"Birmingham-Hoover, AL",33.485556,-86.915,MOBILE,180,NEIGHBORHOOD,500 M TO 4KM,,"Jefferson County, AL  Department Of Health",POPULATION EXPOSURE,,,4,
2023-09-06,010731003,1,0.1,Parts per million,1,Fairfield,24,100,42101,Carbon monoxide,093,INSTRUMENTAL - GAS FILTER CORRELATION CO ANALYZER,13820,"Birmingham-Hoover, AL",33.485556,-86.915,MOBILE,180,NEIGHBORHOOD,500 M TO 4KM,,"Jefferson County, AL  Department Of Health",POPULATION EXPOSURE,,,4,
2023-09-07,010731003,1,0.1,Parts per million,1,Fairfield,24,100,42101,Carbon monoxide,093,INSTRUMENTAL - GAS FILTER CORRELATION CO ANALYZER,13820,"Birmingham-Hoover, AL",33.485556,-86.915,MOBILE,180,NEIGHBORHOOD,500 M TO 4KM,,"Jefferson County, AL  Department Of Health",POPULATION EXPOSURE,,,4,
2023-09-08,010731003,1,0.1,Parts per million,1,Fairfield,24,100,42101,Carbon monoxide,093,INSTRUMENTAL - GAS FILTER CORRELATION CO ANALYZER,13820,"Birmingham-Hoover, AL",33.485556,-86.915,MOBILE,180,NEIGHBORHOOD,500 M TO 4KM,,"Jefferson County, AL  Department Of Health",POPULATION EXPOSURE,,,4,
2023-09-09,010731003,1,0.1,Parts per million,1,Fairfield,24,100,42101,Carbon monoxide,093,INSTRUMENTAL - GAS FILTER CORRELATION CO ANALYZER,13820,"Birmingham-Hoover, AL",33.485556,-86.915,MOBILE,180,NEIGHBORHOOD,500 M TO 4KM,,"Jefferson County, AL  Department Of Health",POPULATION EXPOSURE,,,4,
2023-09-10,010731003,1,0.1,Parts per million,1,Fairfield,24,100,42101,Carbon monoxide,093,INSTRUMENTAL - GAS FILTER CORRELATION CO ANALYZER,13820,"Birmingham-Hoover, AL",33.485556,-86.915,MOBILE,180,NEIGHBORHOOD,500 M TO 4KM,,"Jefferson County, AL  Department Of Health",POPULATION EXPOSURE,,,4,
2023-09-11,010731003,1,0.2,Parts per million,2,Fairfield,24,100,42101,Carbon monoxide,093,INSTRUMENTAL - GAS FILTER CORRELATION CO ANALYZER,13820,"Birmingham-Hoover, AL",33.485556,-86.915,MOBILE,180,NEIGHBORHOOD,500 M TO 4KM,,"Jefferson County, AL  Department Of Health",POPULATION EXPOSURE,,,4,
2023-09-12,010731003,1,0.3,Parts per million,3,Fairfield,24,100,42101,Carbon monoxide,093,INSTRUMENTAL - GAS FILTER CORRELATION CO ANALYZER,13820,"Birmingham-Hoover, AL",33.485556,-86.915,MOBILE,180,NEIGHBORHOOD,500 M TO 4KM,,"Jefferson County, AL  Department Of Health",POPULATION EXPOSURE,,,4,
2023-09-13,010731003,1,0,Parts per million,0,Fairfield,24,100,42101,Carbon monoxide,093,INSTRUMENTAL - GAS FILTER CORRELATION CO ANALYZER,13820,"Birmingham-Hoover, AL",33.485556,-86.915,MOBILE,180,NEIGHBORHOOD,500 M TO 4KM,,"Jefferson County, AL  Department Of Health",POPULATION EXPOSURE,,,4,
2023-09-14,010731003,1,0.1,Parts per million,1,Fairfield,24,100,42101,Carbon monoxide,093,INSTRUMENTAL - GAS FILTER CORRELATION CO ANALYZER,13820,"Birmingham-Hoover, AL",33.485556,-86.915,MOBILE,180,NEIGHBORHOOD,500 M TO 4KM,,"Jefferson County, AL  Department Of Health",POPULATION EXPOSURE,,,4,
2023-09-15,010731003,1,0.1,Parts per million,1,Fairfield,24,100,42101,Carbon monoxide,093,INSTRUMENTAL - GAS FILTER CORRELATION CO ANALYZER,13820,"Birmingham-Hoover, AL",33.485556,-86.915,MOBILE,180,NEIGHBORHOOD,500 M TO 4KM,,"Jefferson County, AL  Department Of Health",POPULATION EXPOSURE,,,4,
2023-09-16,010731003,1,0,Parts per million,0,Fairfield,24,100,42101,Carbon monoxide,093,INSTRUMENTAL - GAS FILTER CORRELATION CO ANALYZER,13820,"Birmingham-Hoover, AL",33.485556,-86.915,MOBILE,180,NEIGHBORHOOD,500 M TO 4KM,,"Jefferson County, AL  Department Of Health",POPULATION EXPOSURE,,,4,
2023-09-17,010731003,1,0.1,Parts per million,1,Fairfield,24,100,42101,Carbon monoxide,093,INSTRUMENTAL - GAS FILTER CORRELATION CO ANALYZER,13820,"Birmingham-Hoover, AL",33.485556,-86.915,MOBILE,180,NEIGHBORHOOD,500 M TO 4KM,,"Jefferson County, AL  Department Of Health",POPULATION EXPOSURE,,,4,
2023-09-18,010731003,1,0.2,Parts per million,2,Fairfield,24,100,42101,Carbon monoxide,093,INSTRUMENTAL - GAS FILTER CORRELATION CO ANALYZER,13820,"Birmingham-Hoover, AL",33.485556,-86.915,MOBILE,180,NEIGHBORHOOD,500 M TO 4KM,,"Jefferson County, AL  Department Of Health",POPULATION EXPOSURE,,,4,
2023-09-19,010731003,1,0.3,Parts per million,3,Fairfield,24,100,42101,Carbon monoxide,093,INSTRUMENTAL - GAS FILTER CORRELATION CO ANALYZER,13820,"Birmingham-Hoover, AL",33.485556,-86.915,MOBILE,180,NEIGHBORHOOD,500 M TO 4KM,,"Jefferson County, AL  Department Of Health",POPULATION EXPOSURE,,,4,
2023-09-20,010731003,1,0.2,Parts per million,2,Fairfield,24,100,42101,Carbon monoxide,093,INSTRUMENTAL - GAS FILTER CORRELATION CO ANALYZER,13820,"Birmingham-Hoover, AL",33.485556,-86.915,MOBILE,180,NEIGHBORHOOD,500 M TO 4KM,,"Jefferson County, AL  Department Of Health",POPULATION EXPOSURE,,,4,
2023-09-21,010731003,1,0.1,Parts per million,1,Fairfield,24,100,42101,Carbon monoxide,093,INSTRUMENTAL - GAS FILTER CORRELATION CO ANALYZER,13820,"Birmingham-Hoover, AL",33.485556,-86.915,MOBILE,180,NEIGHBORHOOD,500 M TO 4KM,,"Jefferson County, AL  Department Of Health",POPULATION EXPOSURE,,,4,
2023-09-22,010731003,1,0.3,Parts per million,3,Fairfield,24,100,42101,Carbon monoxide,093,INSTRUMENTAL - GAS FILTER CORRELATION CO ANALYZER,13820,"Birmingham-Hoover, AL",33.485556,-86.915,MOBILE,180,NEIGHBORHOOD,500 M TO 4KM,,"Jefferson County, AL  Department Of Health",POPULATION EXPOSURE,,,4,
2023-09-23,010731003,1,0.6,Parts per million,7,Fairfield,24,100,42101,Carbon monoxide,093,INSTRUMENTAL - GAS FILTER CORRELATION CO ANALYZER,13820,"Birmingham-Hoover, AL",33.485556,-86.915,MOBILE,180,NEIGHBORHOOD,500 M TO 4KM,,"Jefferson County, AL  Department Of Health",POPULATION EXPOSURE,,,4,
2023-09-24,010731003,1,0.4,Parts per million,5,Fairfield,24,100,42101,Carbon monoxide,093,INSTRUMENTAL - GAS FILTER CORRELATION CO ANALYZER,13820,"Birmingham-Hoover, AL",33.485556,-86.915,MOBILE,180,NEIGHBORHOOD,500 M TO 4KM,,"Jefferson County, AL  Department Of Health",POPULATION EXPOSURE,,,4,
2023-09-25,010731003,1,0.4,Parts per million,5,Fairfield,24,100,42101,Carbon monoxide,093,INSTRUMENTAL - GAS FILTER CORRELATION CO ANALYZER,13820,"Birmingham-Hoover, AL",33.485556,-86.915,MOBILE,180,NEIGHBORHOOD,500 M TO 4KM,,"Jefferson County, AL  Department Of Health",POPULATION EXPOSURE,,,4,
2023-09-26,010731003,1,0.2,Parts per million,2,Fairfield,24,100,42101,Carbon monoxide,093,INSTRUMENTAL - GAS FILTER CORRELATION CO ANALYZER,13820,"Birmingham-Hoover, AL",33.485556,-86.915,MOBILE,180,NEIGHBORHOOD,500 M TO 4KM,,"Jefferson County, AL  Department Of Health",POPULATION EXPOSURE,,,4,
2023-09-27,010731003,1,0,Parts per million,0,Fairfield,24,100,42101,Carbon monoxide,093,INSTRUMENTAL - GAS FILTER CORRELATION CO ANALYZER,13820,"Birmingham-Hoover, AL",33.485556,-86.915,MOBILE,180,NEIGHBORHOOD,500 M TO 4KM,,"Jefferson County, AL  Department Of Health",POPULATION EXPOSURE,,,4,
2023-09-28,010731003,1,0.2,Parts per million,2,Fairfield,24,100,42101,Carbon monoxide,093,INSTRUMENTAL - GAS FILTER CORRELATION CO ANALYZER,13820,"Birmingham-Hoover, AL",33.485556,-86.915,MOBILE,180,NEIGHBORHOOD,500 M TO 4KM,,"Jefferson County, AL  Department Of Health",POPULATION EXPOSURE,,,4,
2023-09-29,010731003,1,0.3,Parts per million,3,Fairfield,24,100,42101,Carbon monoxide,093,INSTRUMENTAL - GAS FILTER CORRELATION CO ANALYZER,13820,"Birmingham-Hoover, AL",33.485556,-86.915,MOBILE,180,NEIGHBORHOOD,500 M TO 4KM,,"Jefferson County, AL  Department Of Health",POPULATION EXPOSURE,,,4,
2023-09-30,010731003,1,0.3,Parts per million,3,Fairfield,24,100,42101,Carbon monoxide,093,INSTRUMENTAL - GAS FILTER CORRELATION CO ANALYZER,13820,"Birmingham-Hoover, AL",33.485556,-86.915,MOBILE,180,NEIGHBORHOOD,500 M TO 4KM,,"Jefferson County, AL  Department Of Health",POPULATION EXPOSURE,,,4,
2023-10-01,010731003,1,0.4,Parts per million,5,Fairfield,24,100,42101,Carbon monoxide,093,INSTRUMENTAL - GAS FILTER CORRELATION CO ANALYZER,13820,"Birmingham-Hoover, AL",33.485556,-86.915,MOBILE,180,NEIGHBORHOOD,500 M TO 4KM,,"Jefferson County, AL  Department Of Health",POPULATION EXPOSURE,,,4,
2023-10-02,010731003,1,0.2,Parts per million,2,Fairfield,24,100,42101,Carbon monoxide,093,INSTRUMENTAL - GAS FILTER CORRELATION CO ANALYZER,13820,"Birmingham-Hoover, AL",33.485556,-86.915,MOBILE,180,NEIGHBORHOOD,500 M TO 4KM,,"Jefferson County, AL  Department Of Health",POPULATION EXPOSURE,,,4,
2023-10-03,010731003,1,0.3,Parts per million,3,Fairfield,24,100,42101,Carbon monoxide,093,INSTRUMENTAL - GAS FILTER CORRELATION CO ANALYZER,13820,"Birmingham-Hoover, AL",33.485556,-86.915,MOBILE,180,NEIGHBORHOOD,500 M TO 4KM,,"Jefferson County, AL  Department Of Health",POPULATION EXPOSURE,,,4,
2023-10-04,010731003,1,0.1,Parts per million,1,Fairfield,24,100,42101,Carbon monoxide,093,INSTRUMENTAL - GAS FILTER CORRELATION CO ANALYZER,13820,"Birmingham-Hoover, AL",33.485556,-86.915,MOBILE,180,NEIGHBORHOOD,500 M TO 4KM,,"Jefferson County, AL  Department Of Health",POPULATION EXPOSURE,,,4,
2023-10-05,010731003,1,0.1,Parts per million,1,Fairfield,24,100,42101,Carbon monoxide,093,INSTRUMENTAL - GAS FILTER CORRELATION CO ANALYZER,13820,"Birmingham-Hoover, AL",33.485556,-86.915,MOBILE,180,NEIGHBORHOOD,500 M TO 4KM,,"Jefferson County, AL  Department Of Health",POPULATION EXPOSURE,,,4,
2023-10-06,010731003,1,0.2,Parts per million,2,Fairfield,24,100,42101,Carbon monoxide,093,INSTRUMENTAL - GAS FILTER CORRELATION CO ANALYZER,13820,"Birmingham-Hoover, AL",33.485556,-86.915,MOBILE,180,NEIGHBORHOOD,500 M TO 4KM,,"Jefferson County, AL  Department Of Health",POPULATION EXPOSURE,,,4,
2023-10-07,010731003,1,0.2,Parts per million,2,Fairfield,24,100,42101,Carbon monoxide,093,INSTRUMENTAL - GAS FILTER CORRELATION CO ANALYZER,13820,"Birmingham-Hoover, AL",33.485556,-86.915,MOBILE,180,NEIGHBORHOOD,500 M TO 4KM,,"Jefferson County, AL  Department Of Health",POPULATION EXPOSURE,,,4,
2023-10-08,010731003,1,0.1,Parts per million,1,Fairfield,24,100,42101,Carbon monoxide,093,INSTRUMENTAL - GAS FILTER CORRELATION CO ANALYZER,13820,"Birmingham-Hoover, AL",33.485556,-86.915,MOBILE,180,NEIGHBORHOOD,500 M TO 4KM,,"Jefferson County, AL  Department Of Health",POPULATION EXPOSURE,,,4,
2023-10-09,010731003,1,0.2,Parts per million,2,Fairfield,24,100,42101,Carbon monoxide,093,INSTRUMENTAL - GAS FILTER CORRELATION CO ANALYZER,13820,"Birmingham-Hoover, AL",33.485556,-86.915,MOBILE,180,NEIGHBORHOOD,500 M TO 4KM,,"Jefferson County, AL  Department Of Health",POPULATION EXPOSURE,,,4,
2023-10-10,010731003,1,0.1,Parts per million,1,Fairfield,24,100,42101,Carbon monoxide,093,INSTRUMENTAL - GAS FILTER CORRELATION CO ANALYZER,13820,"Birmingham-Hoover, AL",33.485556,-86.915,MOBILE,180,NEIGHBORHOOD,500 M TO 4KM,,"Jefferson County, AL  Department Of Health",POPULATION EXPOSURE,,,4,
2023-10-11,010731003,1,0.4,Parts per million,5,Fairfield,24,100,42101,Carbon monoxide,093,INSTRUMENTAL - GAS FILTER CORRELATION CO ANALYZER,13820,"Birmingham-Hoover, AL",33.485556,-86.915,MOBILE,180,NEIGHBORHOOD,500 M TO 4KM,,"Jefferson County, AL  Department Of Health",POPULATION EXPOSURE,,,4,
2023-10-12,010731003,1,0,Parts per million,0,Fairfield,24,100,42101,Carbon monoxide,093,INSTRUMENTAL - GAS FILTER CORRELATION CO ANALYZER,13820,"Birmingham-Hoover, AL",33.485556,-86.915,MOBILE,180,NEIGHBORHOOD,500 M TO 4KM,,"Jefferson County, AL  Department Of Health",POPULATION EXPOSURE,,,4,
2023-10-13,010731003,1,0,Parts per million,0,Fairfield,24,100,42101,Carbon monoxide,093,INSTRUMENTAL - GAS FILTER CORRELATION CO ANALYZER,13820,"Birmingham-Hoover, AL",33.485556,-86.915,MOBILE,180,NEIGHBORHOOD,500 M TO 4KM,,"Jefferson County, AL  Department Of Health",POPULATION EXPOSURE,,,4,
2023-10-14,010731003,1,0,Parts per million,0,Fairfield,24,100,42101,Carbon monoxide,093,INSTRUMENTAL - GAS FILTER CORRELATION CO ANALYZER,13820,"Birmingham-Hoover, AL",33.485556,-86.915,MOBILE,180,NEIGHBORHOOD,500 M TO 4KM,,"Jefferson County, AL  Department Of Health",POPULATION EXPOSURE,,,4,
2023-10-15,010731003,1,0,Parts per million,0,Fairfield,24,100,42101,Carbon monoxide,093,INSTRUMENTAL - GAS FILTER CORRELATION CO ANALYZER,13820,"Birmingham-Hoover, AL",33.485556,-86.915,MOBILE,180,NEIGHBORHOOD,500 M TO 4KM,,"Jefferson County, AL  Department Of Health",POPULATION EXPOSURE,,,4,
2023-10-16,010731003,1,0,Parts per million,0,Fairfield,24,100,42101,Carbon monoxide,093,INSTRUMENTAL - GAS FILTER CORRELATION CO ANALYZER,13820,"Birmingham-Hoover, AL",33.485556,-86.915,MOBILE,180,NEIGHBORHOOD,500 M TO 4KM,,"Jefferson County, AL  Department Of Health",POPULATION EXPOSURE,,,4,
2023-10-17,010731003,1,0.1,Parts per million,1,Fairfield,24,100,42101,Carbon monoxide,093,INSTRUMENTAL - GAS FILTER CORRELATION CO ANALYZER,13820,"Birmingham-Hoover, AL",33.485556,-86.915,MOBILE,180,NEIGHBORHOOD,500 M TO 4KM,,"Jefferson County, AL  Department Of Health",POPULATION EXPOSURE,,,4,
2023-10-18,010731003,1,0.3,Parts per million,3,Fairfield,24,100,42101,Carbon monoxide,093,INSTRUMENTAL - GAS FILTER CORRELATION CO ANALYZER,13820,"Birmingham-Hoover, AL",33.485556,-86.915,MOBILE,180,NEIGHBORHOOD,500 M TO 4KM,,"Jefferson County, AL  Department Of Health",POPULATION EXPOSURE,,,4,
2023-10-19,010731003,1,0.2,Parts per million,2,Fairfield,24,100,42101,Carbon monoxide,093,INSTRUMENTAL - GAS FILTER CORRELATION CO ANALYZER,13820,"Birmingham-Hoover, AL",33.485556,-86.915,MOBILE,180,NEIGHBORHOOD,500 M TO 4KM,,"Jefferson County, AL  Department Of Health",POPULATION EXPOSURE,,,4,
2023-10-20,010731003,1,0.1,Parts per million,1,Fairfield,24,100,42101,Carbon monoxide,093,INSTRUMENTAL - GAS FILTER CORRELATION CO ANALYZER,13820,"Birmingham-Hoover, AL",33.485556,-86.915,MOBILE,180,NEIGHBORHOOD,500 M TO 4KM,,"Jefferson County, AL  Department Of Health",POPULATION EXPOSURE,,,4,
2023-10-21,010731003,1,0.2,Parts per million,2,Fairfield,24,100,42101,Carbon monoxide,093,INSTRUMENTAL - GAS FILTER CORRELATION CO ANALYZER,13820,"Birmingham-Hoover, AL",33.485556,-86.915,MOBILE,180,NEIGHBORHOOD,500 M TO 4KM,,"Jefferson County, AL  Department Of Health",POPULATION EXPOSURE,,,4,
2023-10-22,010731003,1,0.3,Parts per million,3,Fairfield,24,100,42101,Carbon monoxide,093,INSTRUMENTAL - GAS FILTER CORRELATION CO ANALYZER,13820,"Birmingham-Hoover, AL",33.485556,-86.915,MOBILE,180,NEIGHBORHOOD,500 M TO 4KM,,"Jefferson County, AL  Department Of Health",POPULATION EXPOSURE,,,4,
2023-10-23,010731003,1,0.3,Parts per million,3,Fairfield,24,100,42101,Carbon monoxide,093,INSTRUMENTAL - GAS FILTER CORRELATION CO ANALYZER,13820,"Birmingham-Hoover, AL",33.485556,-86.915,MOBILE,180,NEIGHBORHOOD,500 M TO 4KM,,"Jefferson County, AL  Department Of Health",POPULATION EXPOSURE,,,4,
2023-10-24,010731003,1,0.1,Parts per million,1,Fairfield,24,100,42101,Carbon monoxide,093,INSTRUMENTAL - GAS FILTER CORRELATION CO ANALYZER,13820,"Birmingham-Hoover, AL",33.485556,-86.915,MOBILE,180,NEIGHBORHOOD,500 M TO 4KM,,"Jefferson County, AL  Department Of Health",POPULATION EXPOSURE,,,4,
2023-10-25,010731003,1,0.1,Parts per million,1,Fairfield,24,100,42101,Carbon monoxide,093,INSTRUMENTAL - GAS FILTER CORRELATION CO ANALYZER,13820,"Birmingham-Hoover, AL",33.485556,-86.915,MOBILE,180,NEIGHBORHOOD,500 M TO 4KM,,"Jefferson County, AL  Department Of Health",POPULATION EXPOSURE,,,4,
2023-10-26,010731003,1,0,Parts per million,0,Fairfield,24,100,42101,Carbon monoxide,093,INSTRUMENTAL - GAS FILTER CORRELATION CO ANALYZER,13820,"Birmingham-Hoover, AL",33.485556,-86.915,MOBILE,180,NEIGHBORHOOD,500 M TO 4KM,,"Jefferson County, AL  Department Of Health",POPULATION EXPOSURE,,,4,
2023-10-27,010731003,1,0,Parts per million,0,Fairfield,24,100,42101,Carbon monoxide,093,INSTRUMENTAL - GAS FILTER CORRELATION CO ANALYZER,13820,"Birmingham-Hoover, AL",33.485556,-86.915,MOBILE,180,NEIGHBORHOOD,500 M TO 4KM,,"Jefferson County, AL  Department Of Health",POPULATION EXPOSURE,,,4,
2023-10-28,010731003,1,0.1,Parts per million,1,Fairfield,24,100,42101,Carbon monoxide,093,INSTRUMENTAL - GAS FILTER CORRELATION CO ANALYZER,13820,"Birmingham-Hoover, AL",33.485556,-86.915,MOBILE,180,NEIGHBORHOOD,500 M TO 4KM,,"Jefferson County, AL  Department Of Health",POPULATION EXPOSURE,,,4,
2023-10-29,010731003,1,0.1,Parts per million,1,Fairfield,24,100,42101,Carbon monoxide,093,INSTRUMENTAL - GAS FILTER CORRELATION CO ANALYZER,13820,"Birmingham-Hoover, AL",33.485556,-86.915,MOBILE,180,NEIGHBORHOOD,500 M TO 4KM,,"Jefferson County, AL  Department Of Health",POPULATION EXPOSURE,,,4,
2023-10-30,010731003,1,0.1,Parts per million,1,Fairfield,24,100,42101,Carbon monoxide,093,INSTRUMENTAL - GAS FILTER CORRELATION CO ANALYZER,13820,"Birmingham-Hoover, AL",33.485556,-86.915,MOBILE,180,NEIGHBORHOOD,500 M TO 4KM,,"Jefferson County, AL  Department Of Health",POPULATION EXPOSURE,,,4,
2023-10-31,010731003,1,0,Parts per million,0,Fairfield,24,100,42101,Carbon monoxide,093,INSTRUMENTAL - GAS FILTER CORRELATION CO ANALYZER,13820,"Birmingham-Hoover, AL",33.485556,-86.915,MOBILE,180,NEIGHBORHOOD,500 M TO 4KM,,"Jefferson County, AL  Department Of Health",POPULATION EXPOSURE,,,4,
2023-11-01,010731003,1,0.2,Parts per million,2,Fairfield,24,100,42101,Carbon monoxide,093,INSTRUMENTAL - GAS FILTER CORRELATION CO ANALYZER,13820,"Birmingham-Hoover, AL",33.485556,-86.915,MOBILE,180,NEIGHBORHOOD,500 M TO 4KM,,"Jefferson County, AL  Department Of Health",POPULATION EXPOSURE,,,4,
2023-11-02,010731003,1,0.4,Parts per million,5,Fairfield,24,100,42101,Carbon monoxide,093,INSTRUMENTAL - GAS FILTER CORRELATION CO ANALYZER,13820,"Birmingham-Hoover, AL",33.485556,-86.915,MOBILE,180,NEIGHBORHOOD,500 M TO 4KM,,"Jefferson County, AL  Department Of Health",POPULATION EXPOSURE,,,4,
2023-11-03,010731003,1,0.5,Parts per million,6,Fairfield,24,100,42101,Carbon monoxide,093,INSTRUMENTAL - GAS FILTER CORRELATION CO ANALYZER,13820,"Birmingham-Hoover, AL",33.485556,-86.915,MOBILE,180,NEIGHBORHOOD,500 M TO 4KM,,"Jefferson County, AL  Department Of Health",POPULATION EXPOSURE,,,4,
2023-11-04,010731003,1,0.9,Parts per million,10,Fairfield,24,100,42101,Carbon monoxide,093,INSTRUMENTAL - GAS FILTER CORRELATION CO ANALYZER,13820,"Birmingham-Hoover, AL",33.485556,-86.915,MOBILE,180,NEIGHBORHOOD,500 M TO 4KM,,"Jefferson County, AL  Department Of Health",POPULATION EXPOSURE,,,4,
2023-11-05,010731003,1,1,Parts per million,11,Fairfield,24,100,42101,Carbon monoxide,093,INSTRUMENTAL - GAS FILTER CORRELATION CO ANALYZER,13820,"Birmingham-Hoover, AL",33.485556,-86.915,MOBILE,180,NEIGHBORHOOD,500 M TO 4KM,,"Jefferson County, AL  Department Of Health",POPULATION EXPOSURE,,,4,
2023-11-06,010731003,1,0.7,Parts per million,8,Fairfield,24,100,42101,Carbon monoxide,093,INSTRUMENTAL - GAS FILTER CORRELATION CO ANALYZER,13820,"Birmingham-Hoover, AL",33.485556,-86.915,MOBILE,180,NEIGHBORHOOD,500 M TO 4KM,,"Jefferson County, AL  Department Of Health",POPULATION EXPOSURE,,,4,
2023-11-07,010731003,1,0.3,Parts per million,3,Fairfield,24,100,42101,Carbon monoxide,093,INSTRUMENTAL - GAS FILTER CORRELATION CO ANALYZER,13820,"Birmingham-Hoover, AL",33.485556,-86.915,MOBILE,180,NEIGHBORHOOD,500 M TO 4KM,,"Jefferson County, AL  Department Of Health",POPULATION EXPOSURE,,,4,
2023-11-08,010731003,1,0.1,Parts per million,1,Fairfield,24,100,42101,Carbon monoxide,093,INSTRUMENTAL - GAS FILTER CORRELATION CO ANALYZER,13820,"Birmingham-Hoover, AL",33.485556,-86.915,MOBILE,180,NEIGHBORHOOD,500 M TO 4KM,,"Jefferson County, AL  Department Of Health",POPULATION EXPOSURE,,,4,
2023-11-09,010731003,1,0.4,Parts per million,5,Fairfield,24,100,42101,Carbon monoxide,093,INSTRUMENTAL - GAS FILTER CORRELATION CO ANALYZER,13820,"Birmingham-Hoover, AL",33.485556,-86.915,MOBILE,180,NEIGHBORHOOD,500 M TO 4KM,,"Jefferson County, AL  Department Of Health",POPULATION EXPOSURE,,,4,
2023-11-10,010731003,1,0.5,Parts per million,6,Fairfield,24,100,42101,Carbon monoxide,093,INSTRUMENTAL - GAS FILTER CORRELATION CO ANALYZER,13820,"Birmingham-Hoover, AL",33.485556,-86.915,MOBILE,180,NEIGHBORHOOD,500 M TO 4KM,,"Jefferson County, AL  Department Of Health",POPULATION EXPOSURE,,,4,
2023-11-11,010731003,1,0,Parts per million,0,Fairfield,24,100,42101,Carbon monoxide,093,INSTRUMENTAL - GAS FILTER CORRELATION CO ANALYZER,13820,"Birmingham-Hoover, AL",33.485556,-86.915,MOBILE,180,NEIGHBORHOOD,500 M TO 4KM,,"Jefferson County, AL  Department Of Health",POPULATION EXPOSURE,,,4,
2023-11-12,010731003,1,0,Parts per million,0,Fairfield,24,100,42101,Carbon monoxide,093,INSTRUMENTAL - GAS FILTER CORRELATION CO ANALYZER,13820,"Birmingham-Hoover, AL",33.485556,-86.915,MOBILE,180,NEIGHBORHOOD,500 M TO 4KM,,"Jefferson County, AL  Department Of Health",POPULATION EXPOSURE,,,4,
2023-11-13,010731003,1,0.3,Parts per million,3,Fairfield,24,100,42101,Carbon monoxide,093,INSTRUMENTAL - GAS FILTER CORRELATION CO ANALYZER,13820,"Birmingham-Hoover, AL",33.485556,-86.915,MOBILE,180,NEIGHBORHOOD,500 M TO 4KM,,"Jefferson County, AL  Department Of Health",POPULATION EXPOSURE,,,4,
2023-11-14,010731003,1,0.4,Parts per million,5,Fairfield,24,100,42101,Carbon monoxide,093,INSTRUMENTAL - GAS FILTER CORRELATION CO ANALYZER,13820,"Birmingham-Hoover, AL",33.485556,-86.915,MOBILE,180,NEIGHBORHOOD,500 M TO 4KM,,"Jefferson County, AL  Department Of Health",POPULATION EXPOSURE,,,4,
2023-11-15,010731003,1,0,Parts per million,0,Fairfield,24,100,42101,Carbon monoxide,093,INSTRUMENTAL - GAS FILTER CORRELATION CO ANALYZER,13820,"Birmingham-Hoover, AL",33.485556,-86.915,MOBILE,180,NEIGHBORHOOD,500 M TO 4KM,,"Jefferson County, AL  Department Of Health",POPULATION EXPOSURE,,,4,
2023-11-16,010731003,1,0,Parts per million,0,Fairfield,24,100,42101,Carbon monoxide,093,INSTRUMENTAL - GAS FILTER CORRELATION CO ANALYZER,13820,"Birmingham-Hoover, AL",33.485556,-86.915,MOBILE,180,NEIGHBORHOOD,500 M TO 4KM,,"Jefferson County, AL  Department Of Health",POPULATION EXPOSURE,,,4,
2023-11-17,010731003,1,0,Parts per million,0,Fairfield,24,100,42101,Carbon monoxide,093,INSTRUMENTAL - GAS FILTER CORRELATION CO ANALYZER,13820,"Birmingham-Hoover, AL",33.485556,-86.915,MOBILE,180,NEIGHBORHOOD,500 M TO 4KM,,"Jefferson County, AL  Department Of Health",POPULATION EXPOSURE,,,4,
2023-11-18,010731003,1,0,Parts per million,0,Fairfield,24,100,42101,Carbon monoxide,093,INSTRUMENTAL - GAS FILTER CORRELATION CO ANALYZER,13820,"Birmingham-Hoover, AL",33.485556,-86.915,MOBILE,180,NEIGHBORHOOD,500 M TO 4KM,,"Jefferson County, AL  Department Of Health",POPULATION EXPOSURE,,,4,
2023-11-19,010731003,1,0.4,Parts per million,5,Fairfield,24,100,42101,Carbon monoxide,093,INSTRUMENTAL - GAS FILTER CORRELATION CO ANALYZER,13820,"Birmingham-Hoover, AL",33.485556,-86.915,MOBILE,180,NEIGHBORHOOD,500 M TO 4KM,,"Jefferson County, AL  Department Of Health",POPULATION EXPOSURE,,,4,
2023-11-20,010731003,1,0.5,Parts per million,6,Fairfield,24,100,42101,Carbon monoxide,093,INSTRUMENTAL - GAS FILTER CORRELATION CO ANALYZER,13820,"Birmingham-Hoover, AL",33.485556,-86.915,MOBILE,180,NEIGHBORHOOD,500 M TO 4KM,,"Jefferson County, AL  Department Of Health",POPULATION EXPOSURE,,,4,
2023-11-21,010731003,1,0.1,Parts per million,1,Fairfield,24,100,42101,Carbon monoxide,093,INSTRUMENTAL - GAS FILTER CORRELATION CO ANALYZER,13820,"Birmingham-Hoover, AL",33.485556,-86.915,MOBILE,180,NEIGHBORHOOD,500 M TO 4KM,,"Jefferson County, AL  Department Of Health",POPULATION EXPOSURE,,,4,
2023-11-22,010731003,1,0.1,Parts per million,1,Fairfield,24,100,42101,Carbon monoxide,093,INSTRUMENTAL - GAS FILTER CORRELATION CO ANALYZER,13820,"Birmingham-Hoover, AL",33.485556,-86.915,MOBILE,180,NEIGHBORHOOD,500 M TO 4KM,,"Jefferson County, AL  Department Of Health",POPULATION EXPOSURE,,,4,
2023-11-23,010731003,1,0.2,Parts per million,2,Fairfield,24,100,42101,Carbon monoxide,093,INSTRUMENTAL - GAS FILTER CORRELATION CO ANALYZER,13820,"Birmingham-Hoover, AL",33.485556,-86.915,MOBILE,180,NEIGHBORHOOD,500 M TO 4KM,,"Jefferson County, AL  Department Of Health",POPULATION EXPOSURE,,,4,
2023-11-24,010731003,1,0.2,Parts per million,2,Fairfield,24,100,42101,Carbon monoxide,093,INSTRUMENTAL - GAS FILTER CORRELATION CO ANALYZER,13820,"Birmingham-Hoover, AL",33.485556,-86.915,MOBILE,180,NEIGHBORHOOD,500 M TO 4KM,,"Jefferson County, AL  Department Of Health",POPULATION EXPOSURE,,,4,
2023-11-25,010731003,1,0.5,Parts per million,6,Fairfield,24,100,42101,Carbon monoxide,093,INSTRUMENTAL - GAS FILTER CORRELATION CO ANALYZER,13820,"Birmingham-Hoover, AL",33.485556,-86.915,MOBILE,180,NEIGHBORHOOD,500 M TO 4KM,,"Jefferson County, AL  Department Of Health",POPULATION EXPOSURE,,,4,
2023-11-26,010731003,1,0.3,Parts per million,3,Fairfield,24,100,42101,Carbon monoxide,093,INSTRUMENTAL - GAS FILTER CORRELATION CO ANALYZER,13820,"Birmingham-Hoover, AL",33.485556,-86.915,MOBILE,180,NEIGHBORHOOD,500 M TO 4KM,,"Jefferson County, AL  Department Of Health",POPULATION EXPOSURE,,,4,
2023-11-27,010731003,1,0.1,Parts per million,1,Fairfield,24,100,42101,Carbon monoxide,093,INSTRUMENTAL - GAS FILTER CORRELATION CO ANALYZER,13820,"Birmingham-Hoover, AL",33.485556,-86.915,MOBILE,180,NEIGHBORHOOD,500 M TO 4KM,,"Jefferson County, AL  Department Of Health",POPULATION EXPOSURE,,,4,
2023-11-28,010731003,1,0.2,Parts per million,2,Fairfield,24,100,42101,Carbon monoxide,093,INSTRUMENTAL - GAS FILTER CORRELATION CO ANALYZER,13820,"Birmingham-Hoover, AL",33.485556,-86.915,MOBILE,180,NEIGHBORHOOD,500 M TO 4KM,,"Jefferson County, AL  Department Of Health",POPULATION EXPOSURE,,,4,
2023-11-29,010731003,1,0.6,Parts per million,7,Fairfield,24,100,42101,Carbon monoxide,093,INSTRUMENTAL - GAS FILTER CORRELATION CO ANALYZER,13820,"Birmingham-Hoover, AL",33.485556,-86.915,MOBILE,180,NEIGHBORHOOD,500 M TO 4KM,,"Jefferson County, AL  Department Of Health",POPULATION EXPOSURE,,,4,
2023-11-30,010731003,1,0.5,Parts per million,6,Fairfield,24,100,42101,Carbon monoxide,093,INSTRUMENTAL - GAS FILTER CORRELATION CO ANALYZER,13820,"Birmingham-Hoover, AL",33.485556,-86.915,MOBILE,180,NEIGHBORHOOD,500 M TO 4KM,,"Jefferson County, AL  Department Of Health",POPULATION EXPOSURE,,,4,
2023-12-01,010731003,1,0.1,Parts per million,1,Fairfield,24,100,42101,Carbon monoxide,093,INSTRUMENTAL - GAS FILTER CORRELATION CO ANALYZER,13820,"Birmingham-Hoover, AL",33.485556,-86.915,MOBILE,180,NEIGHBORHOOD,500 M TO 4KM,,"Jefferson County, AL  Department Of Health",POPULATION EXPOSURE,,,4,
2023-12-02,010731003,1,0.1,Parts per million,1,Fairfield,24,100,42101,Carbon monoxide,093,INSTRUMENTAL - GAS FILTER CORRELATION CO ANALYZER,13820,"Birmingham-Hoover, AL",33.485556,-86.915,MOBILE,180,NEIGHBORHOOD,500 M TO 4KM,,"Jefferson County, AL  Department Of Health",POPULATION EXPOSURE,,,4,
2023-12-03,010731003,1,0.2,Parts per million,2,Fairfield,24,100,42101,Carbon monoxide,093,INSTRUMENTAL - GAS FILTER CORRELATION CO ANALYZER,13820,"Birmingham-Hoover, AL",33.485556,-86.915,MOBILE,180,NEIGHBORHOOD,500 M TO 4KM,,"Jefferson County, AL  Department Of Health",POPULATION EXPOSURE,,,4,
2023-12-04,010731003,1,0.3,Parts per million,3,Fairfield,24,100,42101,Carbon monoxide,093,INSTRUMENTAL - GAS FILTER CORRELATION CO ANALYZER,13820,"Birmingham-Hoover, AL",33.485556,-86.915,MOBILE,180,NEIGHBORHOOD,500 M TO 4KM,,"Jefferson County, AL  Department Of Health",POPULATION EXPOSURE,,,4,
2023-12-05,010731003,1,0.2,Parts per million,2,Fairfield,24,100,42101,Carbon monoxide,093,INSTRUMENTAL - GAS FILTER CORRELATION CO ANALYZER,13820,"Birmingham-Hoover, AL",33.485556,-86.915,MOBILE,180,NEIGHBORHOOD,500 M TO 4KM,,"Jefferson County, AL  Department Of Health",POPULATION EXPOSURE,,,4,
2023-12-06,010731003,1,0.3,Parts per million,3,Fairfield,24,100,42101,Carbon monoxide,093,INSTRUMENTAL - GAS FILTER CORRELATION CO ANALYZER,13820,"Birmingham-Hoover, AL",33.485556,-86.915,MOBILE,180,NEIGHBORHOOD,500 M TO 4KM,,"Jefferson County, AL  Department Of Health",POPULATION EXPOSURE,,,4,
2023-12-07,010731003,1,0.5,Parts per million,6,Fairfield,24,100,42101,Carbon monoxide,093,INSTRUMENTAL - GAS FILTER CORRELATION CO ANALYZER,13820,"Birmingham-Hoover, AL",33.485556,-86.915,MOBILE,180,NEIGHBORHOOD,500 M TO 4KM,,"Jefferson County, AL  Department Of Health",POPULATION EXPOSURE,,,4,
2023-12-08,010731003,1,0.2,Parts per million,2,Fairfield,24,100,42101,Carbon monoxide,093,INSTRUMENTAL - GAS FILTER CORRELATION CO ANALYZER,13820,"Birmingham-Hoover, AL",33.485556,-86.915,MOBILE,180,NEIGHBORHOOD,500 M TO 4KM,,"Jefferson County, AL  Department Of Health",POPULATION EXPOSURE,,,4,
2023-12-09,010731003,1,0,Parts per million,0,Fairfield,24,100,42101,Carbon monoxide,093,INSTRUMENTAL - GAS FILTER CORRELATION CO ANALYZER,13820,"Birmingham-Hoover, AL",33.485556,-86.915,MOBILE,180,NEIGHBORHOOD,500 M TO 4KM,,"Jefferson County, AL  Department Of Health",POPULATION EXPOSURE,,,4,
2023-12-10,010731003,1,-0.1,Parts per million,0,Fairfield,18,75,42101,Carbon monoxide,093,INSTRUMENTAL - GAS FILTER CORRELATION CO ANALYZER,13820,"Birmingham-Hoover, AL",33.485556,-86.915,MOBILE,180,NEIGHBORHOOD,500 M TO 4KM,,"Jefferson County, AL  Department Of Health",POPULATION EXPOSURE,,,4,
2023-12-11,010731003,1,0.2,Parts per million,2,Fairfield,24,100,42101,Carbon monoxide,093,INSTRUMENTAL - GAS FILTER CORRELATION CO ANALYZER,13820,"Birmingham-Hoover, AL",33.485556,-86.915,MOBILE,180,NEIGHBORHOOD,500 M TO 4KM,,"Jefferson County, AL  Department Of Health",POPULATION EXPOSURE,,,4,
2023-12-12,010731003,1,0.5,Parts per million,6,Fairfield,24,100,42101,Carbon monoxide,093,INSTRUMENTAL - GAS FILTER CORRELATION CO ANALYZER,13820,"Birmingham-Hoover, AL",33.485556,-86.915,MOBILE,180,NEIGHBORHOOD,500 M TO 4KM,,"Jefferson County, AL  Department Of Health",POPULATION EXPOSURE,,,4,
2023-12-13,010731003,1,0.4,Parts per million,5,Fairfield,24,100,42101,Carbon monoxide,093,INSTRUMENTAL - GAS FILTER CORRELATION CO ANALYZER,13820,"Birmingham-Hoover, AL",33.485556,-86.915,MOBILE,180,NEIGHBORHOOD,500 M TO 4KM,,"Jefferson County, AL  Department Of Health",POPULATION EXPOSURE,,,4,
2023-12-14,010731003,1,0.1,Parts per million,1,Fairfield,24,100,42101,Carbon monoxide,093,INSTRUMENTAL - GAS FILTER CORRELATION CO ANALYZER,13820,"Birmingham-Hoover, AL",33.485556,-86.915,MOBILE,180,NEIGHBORHOOD,500 M TO 4KM,,"Jefferson County, AL  Department Of Health",POPULATION EXPOSURE,,,4,
2023-12-15,010731003,1,0,Parts per million,0,Fairfield,24,100,42101,Carbon monoxide,093,INSTRUMENTAL - GAS FILTER CORRELATION CO ANALYZER,13820,"Birmingham-Hoover, AL",33.485556,-86.915,MOBILE,180,NEIGHBORHOOD,500 M TO 4KM,,"Jefferson County, AL  Department Of Health",POPULATION EXPOSURE,,,4,
2023-12-16,010731003,1,-0.1,Parts per million,0,Fairfield,24,100,42101,Carbon monoxide,093,INSTRUMENTAL - GAS FILTER CORRELATION CO ANALYZER,13820,"Birmingham-Hoover, AL",33.485556,-86.915,MOBILE,180,NEIGHBORHOOD,500 M TO 4KM,,"Jefferson County, AL  Department Of Health",POPULATION EXPOSURE,,,4,
2023-12-17,010731003,1,-0.3,Parts per million,0,Fairfield,24,100,42101,Carbon monoxide,093,INSTRUMENTAL - GAS FILTER CORRELATION CO ANALYZER,13820,"Birmingham-Hoover, AL",33.485556,-86.915,MOBILE,180,NEIGHBORHOOD,500 M TO 4KM,,"Jefferson County, AL  Department Of Health",POPULATION EXPOSURE,,,4,
2023-12-18,010731003,1,-0.1,Parts per million,0,Fairfield,24,100,42101,Carbon monoxide,093,INSTRUMENTAL - GAS FILTER CORRELATION CO ANALYZER,13820,"Birmingham-Hoover, AL",33.485556,-86.915,MOBILE,180,NEIGHBORHOOD,500 M TO 4KM,,"Jefferson County, AL  Department Of Health",POPULATION EXPOSURE,,,4,
2023-12-19,010731003,1,0.3,Parts per million,3,Fairfield,24,100,42101,Carbon monoxide,093,INSTRUMENTAL - GAS FILTER CORRELATION CO ANALYZER,13820,"Birmingham-Hoover, AL",33.485556,-86.915,MOBILE,180,NEIGHBORHOOD,500 M TO 4KM,,"Jefferson County, AL  Department Of Health",POPULATION EXPOSURE,,,4,
2023-12-20,010731003,1,0.4,Parts per million,5,Fairfield,24,100,42101,Carbon monoxide,093,INSTRUMENTAL - GAS FILTER CORRELATION CO ANALYZER,13820,"Birmingham-Hoover, AL",33.485556,-86.915,MOBILE,180,NEIGHBORHOOD,500 M TO 4KM,,"Jefferson County, AL  Department Of Health",POPULATION EXPOSURE,,,4,
2023-12-21,010731003,1,0.8,Parts per million,9,Fairfield,24,100,42101,Carbon monoxide,093,INSTRUMENTAL - GAS FILTER CORRELATION CO ANALYZER,13820,"Birmingham-Hoover, AL",33.485556,-86.915,MOBILE,180,NEIGHBORHOOD,500 M TO 4KM,,"Jefferson County, AL  Department Of Health",POPULATION EXPOSURE,,,4,
2023-12-22,010731003,1,0.6,Parts per million,7,Fairfield,24,100,42101,Carbon monoxide,093,INSTRUMENTAL - GAS FILTER CORRELATION CO ANALYZER,13820,"Birmingham-Hoover, AL",33.485556,-86.915,MOBILE,180,NEIGHBORHOOD,500 M TO 4KM,,"Jefferson County, AL  Department Of Health",POPULATION EXPOSURE,,,4,
2023-12-23,010731003,1,0.3,Parts per million,3,Fairfield,24,100,42101,Carbon monoxide,093,INSTRUMENTAL - GAS FILTER CORRELATION CO ANALYZER,13820,"Birmingham-Hoover, AL",33.485556,-86.915,MOBILE,180,NEIGHBORHOOD,500 M TO 4KM,,"Jefferson County, AL  Department Of Health",POPULATION EXPOSURE,,,4,
2023-12-24,010731003,1,0.3,Parts per million,3,Fairfield,24,100,42101,Carbon monoxide,093,INSTRUMENTAL - GAS FILTER CORRELATION CO ANALYZER,13820,"Birmingham-Hoover, AL",33.485556,-86.915,MOBILE,180,NEIGHBORHOOD,500 M TO 4KM,,"Jefferson County, AL  Department Of Health",POPULATION EXPOSURE,,,4,
2023-12-25,010731003,1,-0.1,Parts per million,0,Fairfield,24,100,42101,Carbon monoxide,093,INSTRUMENTAL - GAS FILTER CORRELATION CO ANALYZER,13820,"Birmingham-Hoover, AL",33.485556,-86.915,MOBILE,180,NEIGHBORHOOD,500 M TO 4KM,,"Jefferson County, AL  Department Of Health",POPULATION EXPOSURE,,,4,
2023-12-26,010731003,1,0,Parts per million,0,Fairfield,24,100,42101,Carbon monoxide,093,INSTRUMENTAL - GAS FILTER CORRELATION CO ANALYZER,13820,"Birmingham-Hoover, AL",33.485556,-86.915,MOBILE,180,NEIGHBORHOOD,500 M TO 4KM,,"Jefferson County, AL  Department Of Health",POPULATION EXPOSURE,,,4,
2023-12-27,010731003,1,0.3,Parts per million,3,Fairfield,24,100,42101,Carbon monoxide,093,INSTRUMENTAL - GAS FILTER CORRELATION CO ANALYZER,13820,"Birmingham-Hoover, AL",33.485556,-86.915,MOBILE,180,NEIGHBORHOOD,500 M TO 4KM,,"Jefferson County, AL  Department Of Health",POPULATION EXPOSURE,,,4,
2023-12-28,010731003,1,-0.1,Parts per million,0,Fairfield,24,100,42101,Carbon monoxide,093,INSTRUMENTAL - GAS FILTER CORRELATION CO ANALYZER,13820,"Birmingham-Hoover, AL",33.485556,-86.915,MOBILE,180,NEIGHBORHOOD,500 M TO 4KM,,"Jefferson County, AL  Department Of Health",POPULATION EXPOSURE,,,4,
2023-12-29,010731003,1,-0.1,Parts per million,0,Fairfield,24,100,42101,Carbon monoxide,093,INSTRUMENTAL - GAS FILTER CORRELATION CO ANALYZER,13820,"Birmingham-Hoover, AL",33.485556,-86.915,MOBILE,180,NEIGHBORHOOD,500 M TO 4KM,,"Jefferson County, AL  Department Of Health",POPULATION EXPOSURE,,,4,
2023-12-30,010731003,1,0.2,Parts per million,2,Fairfield,24,100,42101,Carbon monoxide,093,INSTRUMENTAL - GAS FILTER CORRELATION CO ANALYZER,13820,"Birmingham-Hoover, AL",33.485556,-86.915,MOBILE,180,NEIGHBORHOOD,500 M TO 4KM,,"Jefferson County, AL  Department Of Health",POPULATION EXPOSURE,,,4,
2023-12-31,010731003,1,0.2,Parts per million,2,Fairfield,24,100,42101,Carbon monoxide,093,INSTRUMENTAL - GAS FILTER CORRELATION CO ANALYZER,13820,"Birmingham-Hoover, AL",33.485556,-86.915,MOBILE,180,NEIGHBORHOOD,500 M TO 4KM,,"Jefferson County, AL  Department Of Health",POPULATION EXPOSURE,,,4,
2022-01-11,010732059,1,0.3,Parts per million,3,Arkadelphia/Near Road,7,29,42101,Carbon monoxide,093,INSTRUMENTAL - GAS FILTER CORRELATION CO ANALYZER,13820,"Birmingham-Hoover, AL",33.521427,-86.844112,MOBILE,183.726,MICROSCALE,0 M TO 100 M,SLAMS,"Jefferson County, AL  Department Of Health",OTHER,,NEAR ROAD,,
2022-01-12,010732059,1,0.8,Parts per million,9,Arkadelphia/Near Road,24,100,42101,Carbon monoxide,093,INSTRUMENTAL - GAS FILTER CORRELATION CO ANALYZER,13820,"Birmingham-Hoover, AL",33.521427,-86.844112,MOBILE,183.726,MICROSCALE,0 M TO 100 M,SLAMS,"Jefferson County, AL  Department Of Health",OTHER,,NEAR ROAD,,
2022-01-13,010732059,1,0.8,Parts per million,9,Arkadelphia/Near Road,24,100,42101,Carbon monoxide,093,INSTRUMENTAL - GAS FILTER CORRELATION CO ANALYZER,13820,"Birmingham-Hoover, AL",33.521427,-86.844112,MOBILE,183.726,MICROSCALE,0 M TO 100 M,SLAMS,"Jefferson County, AL  Department Of Health",OTHER,,NEAR ROAD,,
2022-01-14,010732059,1,0.6,Parts per million,7,Arkadelphia/Near Road,24,100,42101,Carbon monoxide,093,INSTRUMENTAL - GAS FILTER CORRELATION CO ANALYZER,13820,"Birmingham-Hoover, AL",33.521427,-86.844112,MOBILE,183.726,MICROSCALE,0 M TO 100 M,SLAMS,"Jefferson County, AL  Department Of Health",OTHER,,NEAR ROAD,,
2022-01-15,010732059,1,0.7,Parts per million,8,Arkadelphia/Near Road,24,100,42101,Carbon monoxide,093,INSTRUMENTAL - GAS FILTER CORRELATION CO ANALYZER,13820,"Birmingham-Hoover, AL",33.521427,-86.844112,MOBILE,183.726,MICROSCALE,0 M TO 100 M,SLAMS,"Jefferson County, AL  Department Of Health",OTHER,,NEAR ROAD,,
2022-01-16,010732059,1,0.2,Parts per million,2,Arkadelphia/Near Road,24,100,42101,Carbon monoxide,093,INSTRUMENTAL - GAS FILTER CORRELATION CO ANALYZER,13820,"Birmingham-Hoover, AL",33.521427,-86.844112,MOBILE,183.726,MICROSCALE,0 M TO 100 M,SLAMS,"Jefferson County, AL  Department Of Health",OTHER,,NEAR ROAD,,
2022-01-17,010732059,1,0.4,Parts per million,5,Arkadelphia/Near Road,24,100,42101,Carbon monoxide,093,INSTRUMENTAL - GAS FILTER CORRELATION CO ANALYZER,13820,"Birmingham-Hoover, AL",33.521427,-86.844112,MOBILE,183.726,MICROSCALE,0 M TO 100 M,SLAMS,"Jefferson County, AL  Department Of Health",OTHER,,NEAR ROAD,,
2022-01-18,010732059,1,0.8,Parts per million,9,Arkadelphia/Near Road,10,42,42101,Carbon monoxide,093,INSTRUMENTAL - GAS FILTER CORRELATION CO ANALYZER,13820,"Birmingham-Hoover, AL",33.521427,-86.844112,MOBILE,183.726,MICROSCALE,0 M TO 100 M,SLAMS,"Jefferson County, AL  Department Of Health",OTHER,,NEAR ROAD,,
2022-02-04,010732059,1,0.1,Parts per million,1,Arkadelphia/Near Road,3,13,42101,Carbon monoxide,093,INSTRUMENTAL - GAS FILTER CORRELATION CO ANALYZER,13820,"Birmingham-Hoover, AL",33.521427,-86.844112,MOBILE,183.726,MICROSCALE,0 M TO 100 M,SLAMS,"Jefferson County, AL  Department Of Health",OTHER,,NEAR ROAD,,
2022-02-05,010732059,1,0.2,Parts per million,2,Arkadelphia/Near Road,24,100,42101,Carbon monoxide,093,INSTRUMENTAL - GAS FILTER CORRELATION CO ANALYZER,13820,"Birmingham-Hoover, AL",33.521427,-86.844112,MOBILE,183.726,MICROSCALE,0 M TO 100 M,SLAMS,"Jefferson County, AL  Department Of Health",OTHER,,NEAR ROAD,,
2022-02-06,010732059,1,0.8,Parts per million,9,Arkadelphia/Near Road,24,100,42101,Carbon monoxide,093,INSTRUMENTAL - GAS FILTER CORRELATION CO ANALYZER,13820,"Birmingham-Hoover, AL",33.521427,-86.844112,MOBILE,183.726,MICROSCALE,0 M TO 100 M,SLAMS,"Jefferson County, AL  Department Of Health",OTHER,,NEAR ROAD,,
2022-02-07,010732059,1,0.8,Parts per million,9,Arkadelphia/Near Road,24,100,42101,Carbon monoxide,093,INSTRUMENTAL - GAS FILTER CORRELATION CO ANALYZER,13820,"Birmingham-Hoover, AL",33.521427,-86.844112,MOBILE,183.726,MICROSCALE,0 M TO 100 M,SLAMS,"Jefferson County, AL  Department Of Health",OTHER,,NEAR ROAD,,
2022-02-08,010732059,1,0.9,Parts per million,10,Arkadelphia/Near Road,24,100,42101,Carbon monoxide,093,INSTRUMENTAL - GAS FILTER CORRELATION CO ANALYZER,13820,"Birmingham-Hoover, AL",33.521427,-86.844112,MOBILE,183.726,MICROSCALE,0 M TO 100 M,SLAMS,"Jefferson County, AL  Department Of Health",OTHER,,NEAR ROAD,,
2022-02-09,010732059,1,1.1,Parts per million,13,Arkadelphia/Near Road,24,100,42101,Carbon monoxide,093,INSTRUMENTAL - GAS FILTER CORRELATION CO ANALYZER,13820,"Birmingham-Hoover, AL",33.521427,-86.844112,MOBILE,183.726,MICROSCALE,0 M TO 100 M,SLAMS,"Jefferson County, AL  Department Of Health",OTHER,,NEAR ROAD,,
2022-02-10,010732059,1,1,Parts per million,11,Arkadelphia/Near Road,24,100,42101,Carbon monoxide,093,INSTRUMENTAL - GAS FILTER CORRELATION CO ANALYZER,13820,"Birmingham-Hoover, AL",33.521427,-86.844112,MOBILE,183.726,MICROSCALE,0 M TO 100 M,SLAMS,"Jefferson County, AL  Department Of Health",OTHER,,NEAR ROAD,,
2022-02-11,010732059,1,0.8,Parts per million,9,Arkadelphia/Near Road,24,100,42101,Carbon monoxide,093,INSTRUMENTAL - GAS FILTER CORRELATION CO ANALYZER,13820,"Birmingham-Hoover, AL",33.521427,-86.844112,MOBILE,183.726,MICROSCALE,0 M TO 100 M,SLAMS,"Jefferson County, AL  Department Of Health",OTHER,,NEAR ROAD,,
2022-02-12,010732059,1,0.8,Parts per million,9,Arkadelphia/Near Road,24,100,42101,Carbon monoxide,093,INSTRUMENTAL - GAS FILTER CORRELATION CO ANALYZER,13820,"Birmingham-Hoover, AL",33.521427,-86.844112,MOBILE,183.726,MICROSCALE,0 M TO 100 M,SLAMS,"Jefferson County, AL  Department Of Health",OTHER,,NEAR ROAD,,
2022-02-13,010732059,1,0.3,Parts per million,3,Arkadelphia/Near Road,24,100,42101,Carbon monoxide,093,INSTRUMENTAL - GAS FILTER CORRELATION CO ANALYZER,13820,"Birmingham-Hoover, AL",33.521427,-86.844112,MOBILE,183.726,MICROSCALE,0 M TO 100 M,SLAMS,"Jefferson County, AL  Department Of Health",OTHER,,NEAR ROAD,,
2022-02-14,010732059,1,0.7,Parts per million,8,Arkadelphia/Near Road,24,100,42101,Carbon monoxide,093,INSTRUMENTAL - GAS FILTER CORRELATION CO ANALYZER,13820,"Birmingham-Hoover, AL",33.521427,-86.844112,MOBILE,183.726,MICROSCALE,0 M TO 100 M,SLAMS,"Jefferson County, AL  Department Of Health",OTHER,,NEAR ROAD,,
2022-02-15,010732059,1,0.9,Parts per million,10,Arkadelphia/Near Road,24,100,42101,Carbon monoxide,093,INSTRUMENTAL - GAS FILTER CORRELATION CO ANALYZER,13820,"Birmingham-Hoover, AL",33.521427,-86.844112,MOBILE,183.726,MICROSCALE,0 M TO 100 M,SLAMS,"Jefferson County, AL  Department Of Health",OTHER,,NEAR ROAD,,
2022-02-16,010732059,1,0.3,Parts per million,3,Arkadelphia/Near Road,24,100,42101,Carbon monoxide,093,INSTRUMENTAL - GAS FILTER CORRELATION CO ANALYZER,13820,"Birmingham-Hoover, AL",33.521427,-86.844112,MOBILE,183.726,MICROSCALE,0 M TO 100 M,SLAMS,"Jefferson County, AL  Department Of Health",OTHER,,NEAR ROAD,,
2022-02-17,010732059,1,0.2,Parts per million,2,Arkadelphia/Near Road,16,67,42101,Carbon monoxide,093,INSTRUMENTAL - GAS FILTER CORRELATION CO ANALYZER,13820,"Birmingham-Hoover, AL",33.521427,-86.844112,MOBILE,183.726,MICROSCALE,0 M TO 100 M,SLAMS,"Jefferson County, AL  Department Of Health",OTHER,,NEAR ROAD,,
2022-02-18,010732059,1,0.2,Parts per million,2,Arkadelphia/Near Road,24,100,42101,Carbon monoxide,093,INSTRUMENTAL - GAS FILTER CORRELATION CO ANALYZER,13820,"Birmingham-Hoover, AL",33.521427,-86.844112,MOBILE,183.726,MICROSCALE,0 M TO 100 M,SLAMS,"Jefferson County, AL  Department Of Health",OTHER,,NEAR ROAD,,
2022-02-19,010732059,1,0.4,Parts per million,5,Arkadelphia/Near Road,24,100,42101,Carbon monoxide,093,INSTRUMENTAL - GAS FILTER CORRELATION CO ANALYZER,13820,"Birmingham-Hoover, AL",33.521427,-86.844112,MOBILE,183.726,MICROSCALE,0 M TO 100 M,SLAMS,"Jefferson County, AL  Department Of Health",OTHER,,NEAR ROAD,,
2022-02-20,010732059,1,0.6,Parts per million,7,Arkadelphia/Near Road,24,100,42101,Carbon monoxide,093,INSTRUMENTAL - GAS FILTER CORRELATION CO ANALYZER,13820,"Birmingham-Hoover, AL",33.521427,-86.844112,MOBILE,183.726,MICROSCALE,0 M TO 100 M,SLAMS,"Jefferson County, AL  Department Of Health",OTHER,,NEAR ROAD,,
2022-02-21,010732059,1,0.5,Parts per million,6,Arkadelphia/Near Road,24,100,42101,Carbon monoxide,093,INSTRUMENTAL - GAS FILTER CORRELATION CO ANALYZER,13820,"Birmingham-Hoover, AL",33.521427,-86.844112,MOBILE,183.726,MICROSCALE,0 M TO 100 M,SLAMS,"Jefferson County, AL  Department Of Health",OTHER,,NEAR ROAD,,
2022-02-22,010732059,1,0.4,Parts per million,5,Arkadelphia/Near Road,24,100,42101,Carbon monoxide,093,INSTRUMENTAL - GAS FILTER CORRELATION CO ANALYZER,13820,"Birmingham-Hoover, AL",33.521427,-86.844112,MOBILE,183.726,MICROSCALE,0 M TO 100 M,SLAMS,"Jefferson County, AL  Department Of Health",OTHER,,NEAR ROAD,,
2022-02-23,010732059,1,0.2,Parts per million,2,Arkadelphia/Near Road,24,100,42101,Carbon monoxide,093,INSTRUMENTAL - GAS FILTER CORRELATION CO ANALYZER,13820,"Birmingham-Hoover, AL",33.521427,-86.844112,MOBILE,183.726,MICROSCALE,0 M TO 100 M,SLAMS,"Jefferson County, AL  Department Of Health",OTHER,,NEAR ROAD,,
2022-02-24,010732059,1,0.5,Parts per million,6,Arkadelphia/Near Road,24,100,42101,Carbon monoxide,093,INSTRUMENTAL - GAS FILTER CORRELATION CO ANALYZER,13820,"Birmingham-Hoover, AL",33.521427,-86.844112,MOBILE,183.726,MICROSCALE,0 M TO 100 M,SLAMS,"Jefferson County, AL  Department Of Health",OTHER,,NEAR ROAD,,
2022-02-25,010732059,1,0.3,Parts per million,3,Arkadelphia/Near Road,24,100,42101,Carbon monoxide,093,INSTRUMENTAL - GAS FILTER CORRELATION CO ANALYZER,13820,"Birmingham-Hoover, AL",33.521427,-86.844112,MOBILE,183.726,MICROSCALE,0 M TO 100 M,SLAMS,"Jefferson County, AL  Department Of Health",OTHER,,NEAR ROAD,,
2022-02-26,010732059,1,0.3,Parts per million,3,Arkadelphia/Near Road,24,100,42101,Carbon monoxide,093,INSTRUMENTAL - GAS FILTER CORRELATION CO ANALYZER,13820,"Birmingham-Hoover, AL",33.521427,-86.844112,MOBILE,183.726,MICROSCALE,0 M TO 100 M,SLAMS,"Jefferson County, AL  Department Of Health",OTHER,,NEAR ROAD,,
2022-02-27,010732059,1,0.3,Parts per million,3,Arkadelphia/Near Road,24,100,42101,Carbon monoxide,093,INSTRUMENTAL - GAS FILTER CORRELATION CO ANALYZER,13820,"Birmingham-Hoover, AL",33.521427,-86.844112,MOBILE,183.726,MICROSCALE,0 M TO 100 M,SLAMS,"Jefferson County, AL  Department Of Health",OTHER,,NEAR ROAD,,
2022-02-28,010732059,1,0.5,Parts per million,6,Arkadelphia/Near Road,24,100,42101,Carbon monoxide,093,INSTRUMENTAL - GAS FILTER CORRELATION CO ANALYZER,13820,"Birmingham-Hoover, AL",33.521427,-86.844112,MOBILE,183.726,MICROSCALE,0 M TO 100 M,SLAMS,"Jefferson County, AL  Department Of Health",OTHER,,NEAR ROAD,,
2022-03-01,010732059,1,0.9,Parts per million,10,Arkadelphia/Near Road,24,100,42101,Carbon monoxide,093,INSTRUMENTAL - GAS FILTER CORRELATION CO ANALYZER,13820,"Birmingham-Hoover, AL",33.521427,-86.844112,MOBILE,183.726,MICROSCALE,0 M TO 100 M,SLAMS,"Jefferson County, AL  Department Of Health",OTHER,,NEAR ROAD,,
2022-03-02,010732059,1,0.9,Parts per million,10,Arkadelphia/Near Road,24,100,42101,Carbon monoxide,093,INSTRUMENTAL - GAS FILTER CORRELATION CO ANALYZER,13820,"Birmingham-Hoover, AL",33.521427,-86.844112,MOBILE,183.726,MICROSCALE,0 M TO 100 M,SLAMS,"Jefferson County, AL  Department Of Health",OTHER,,NEAR ROAD,,
2022-03-03,010732059,1,0.9,Parts per million,10,Arkadelphia/Near Road,12,50,42101,Carbon monoxide,093,INSTRUMENTAL - GAS FILTER CORRELATION CO ANALYZER,13820,"Birmingham-Hoover, AL",33.521427,-86.844112,MOBILE,183.726,MICROSCALE,0 M TO 100 M,SLAMS,"Jefferson County, AL  Department Of Health",OTHER,,NEAR ROAD,,
2022-04-01,010732059,1,0.3,Parts per million,3,Arkadelphia/Near Road,9,38,42101,Carbon monoxide,093,INSTRUMENTAL - GAS FILTER CORRELATION CO ANALYZER,13820,"Birmingham-Hoover, AL",33.521427,-86.844112,MOBILE,183.726,MICROSCALE,0 M TO 100 M,SLAMS,"Jefferson County, AL  Department Of Health",OTHER,,NEAR ROAD,,
2022-04-02,010732059,1,0.7,Parts per million,8,Arkadelphia/Near Road,24,100,42101,Carbon monoxide,093,INSTRUMENTAL - GAS FILTER CORRELATION CO ANALYZER,13820,"Birmingham-Hoover, AL",33.521427,-86.844112,MOBILE,183.726,MICROSCALE,0 M TO 100 M,SLAMS,"Jefferson County, AL  Department Of Health",OTHER,,NEAR ROAD,,
2022-04-03,010732059,1,0.9,Parts per million,10,Arkadelphia/Near Road,24,100,42101,Carbon monoxide,093,INSTRUMENTAL - GAS FILTER CORRELATION CO ANALYZER,13820,"Birmingham-Hoover, AL",33.521427,-86.844112,MOBILE,183.726,MICROSCALE,0 M TO 100 M,SLAMS,"Jefferson County, AL  Department Of Health",OTHER,,NEAR ROAD,,
2022-04-04,010732059,1,0.7,Parts per million,8,Arkadelphia/Near Road,24,100,42101,Carbon monoxide,093,INSTRUMENTAL - GAS FILTER CORRELATION CO ANALYZER,13820,"Birmingham-Hoover, AL",33.521427,-86.844112,MOBILE,183.726,MICROSCALE,0 M TO 100 M,SLAMS,"Jefferson County, AL  Department Of Health",OTHER,,NEAR ROAD,,
2022-04-05,010732059,1,0.8,Parts per million,9,Arkadelphia/Near Road,24,100,42101,Carbon monoxide,093,INSTRUMENTAL - GAS FILTER CORRELATION CO ANALYZER,13820,"Birmingham-Hoover, AL",33.521427,-86.844112,MOBILE,183.726,MICROSCALE,0 M TO 100 M,SLAMS,"Jefferson County, AL  Department Of Health",OTHER,,NEAR ROAD,,
2022-04-06,010732059,1,0.4,Parts per million,5,Arkadelphia/Near Road,24,100,42101,Carbon monoxide,093,INSTRUMENTAL - GAS FILTER CORRELATION CO ANALYZER,13820,"Birmingham-Hoover, AL",33.521427,-86.844112,MOBILE,183.726,MICROSCALE,0 M TO 100 M,SLAMS,"Jefferson County, AL  Department Of Health",OTHER,,NEAR ROAD,,
2022-04-07,010732059,1,0.3,Parts per million,3,Arkadelphia/Near Road,24,100,42101,Carbon monoxide,093,INSTRUMENTAL - GAS FILTER CORRELATION CO ANALYZER,13820,"Birmingham-Hoover, AL",33.521427,-86.844112,MOBILE,183.726,MICROSCALE,0 M TO 100 M,SLAMS,"Jefferson County, AL  Department Of Health",OTHER,,NEAR ROAD,,
2022-04-08,010732059,1,0.4,Parts per million,5,Arkadelphia/Near Road,24,100,42101,Carbon monoxide,093,INSTRUMENTAL - GAS FILTER CORRELATION CO ANALYZER,13820,"Birmingham-Hoover, AL",33.521427,-86.844112,MOBILE,183.726,MICROSCALE,0 M TO 100 M,SLAMS,"Jefferson County, AL  Department Of Health",OTHER,,NEAR ROAD,,
2022-04-09,010732059,1,0.7,Parts per million,8,Arkadelphia/Near Road,24,100,42101,Carbon monoxide,093,INSTRUMENTAL - GAS FILTER CORRELATION CO ANALYZER,13820,"Birmingham-Hoover, AL",33.521427,-86.844112,MOBILE,183.726,MICROSCALE,0 M TO 100 M,SLAMS,"Jefferson County, AL  Department Of Health",OTHER,,NEAR ROAD,,
2022-04-10,010732059,1,0.9,Parts per million,10,Arkadelphia/Near Road,24,100,42101,Carbon monoxide,093,INSTRUMENTAL - GAS FILTER CORRELATION CO ANALYZER,13820,"Birmingham-Hoover, AL",33.521427,-86.844112,MOBILE,183.726,MICROSCALE,0 M TO 100 M,SLAMS,"Jefferson County, AL  Department Of Health",OTHER,,NEAR ROAD,,
2022-04-11,010732059,1,0.4,Parts per million,5,Arkadelphia/Near Road,24,100,42101,Carbon monoxide,093,INSTRUMENTAL - GAS FILTER CORRELATION CO ANALYZER,13820,"Birmingham-Hoover, AL",33.521427,-86.844112,MOBILE,183.726,MICROSCALE,0 M TO 100 M,SLAMS,"Jefferson County, AL  Department Of Health",OTHER,,NEAR ROAD,,
2022-04-12,010732059,1,0.3,Parts per million,3,Arkadelphia/Near Road,24,100,42101,Carbon monoxide,093,INSTRUMENTAL - GAS FILTER CORRELATION CO ANALYZER,13820,"Birmingham-Hoover, AL",33.521427,-86.844112,MOBILE,183.726,MICROSCALE,0 M TO 100 M,SLAMS,"Jefferson County, AL  Department Of Health",OTHER,,NEAR ROAD,,
2022-04-13,010732059,1,0.2,Parts per million,2,Arkadelphia/Near Road,24,100,42101,Carbon monoxide,093,INSTRUMENTAL - GAS FILTER CORRELATION CO ANALYZER,13820,"Birmingham-Hoover, AL",33.521427,-86.844112,MOBILE,183.726,MICROSCALE,0 M TO 100 M,SLAMS,"Jefferson County, AL  Department Of Health",OTHER,,NEAR ROAD,,
2022-04-14,010732059,1,0.2,Parts per million,2,Arkadelphia/Near Road,24,100,42101,Carbon monoxide,093,INSTRUMENTAL - GAS FILTER CORRELATION CO ANALYZER,13820,"Birmingham-Hoover, AL",33.521427,-86.844112,MOBILE,183.726,MICROSCALE,0 M TO 100 M,SLAMS,"Jefferson County, AL  Department Of Health",OTHER,,NEAR ROAD,,
2022-04-15,010732059,1,0.4,Parts per million,5,Arkadelphia/Near Road,24,100,42101,Carbon monoxide,093,INSTRUMENTAL - GAS FILTER CORRELATION CO ANALYZER,13820,"Birmingham-Hoover, AL",33.521427,-86.844112,MOBILE,183.726,MICROSCALE,0 M TO 100 M,SLAMS,"Jefferson County, AL  Department Of Health",OTHER,,NEAR ROAD,,
2022-04-16,010732059,1,0.5,Parts per million,6,Arkadelphia/Near Road,24,100,42101,Carbon monoxide,093,INSTRUMENTAL - GAS FILTER CORRELATION CO ANALYZER,13820,"Birmingham-Hoover, AL",33.521427,-86.844112,MOBILE,183.726,MICROSCALE,0 M TO 100 M,SLAMS,"Jefferson County, AL  Department Of Health",OTHER,,NEAR ROAD,,
2022-04-17,010732059,1,0.6,Parts per million,7,Arkadelphia/Near Road,24,100,42101,Carbon monoxide,093,INSTRUMENTAL - GAS FILTER CORRELATION CO ANALYZER,13820,"Birmingham-Hoover, AL",33.521427,-86.844112,MOBILE,183.726,MICROSCALE,0 M TO 100 M,SLAMS,"Jefferson County, AL  Department Of Health",OTHER,,NEAR ROAD,,
2022-04-18,010732059,1,0.3,Parts per million,3,Arkadelphia/Near Road,24,100,42101,Carbon monoxide,093,INSTRUMENTAL - GAS FILTER CORRELATION CO ANALYZER,13820,"Birmingham-Hoover, AL",33.521427,-86.844112,MOBILE,183.726,MICROSCALE,0 M TO 100 M,SLAMS,"Jefferson County, AL  Department Of Health",OTHER,,NEAR ROAD,,
2022-04-19,010732059,1,0.2,Parts per million,2,Arkadelphia/Near Road,24,100,42101,Carbon monoxide,093,INSTRUMENTAL - GAS FILTER CORRELATION CO ANALYZER,13820,"Birmingham-Hoover, AL",33.521427,-86.844112,MOBILE,183.726,MICROSCALE,0 M TO 100 M,SLAMS,"Jefferson County, AL  Department Of Health",OTHER,,NEAR ROAD,,
2022-04-20,010732059,1,0.3,Parts per million,3,Arkadelphia/Near Road,24,100,42101,Carbon monoxide,093,INSTRUMENTAL - GAS FILTER CORRELATION CO ANALYZER,13820,"Birmingham-Hoover, AL",33.521427,-86.844112,MOBILE,183.726,MICROSCALE,0 M TO 100 M,SLAMS,"Jefferson County, AL  Department Of Health",OTHER,,NEAR ROAD,,
2022-04-21,010732059,1,0.8,Parts per million,9,Arkadelphia/Near Road,24,100,42101,Carbon monoxide,093,INSTRUMENTAL - GAS FILTER CORRELATION CO ANALYZER,13820,"Birmingham-Hoover, AL",33.521427,-86.844112,MOBILE,183.726,MICROSCALE,0 M TO 100 M,SLAMS,"Jefferson County, AL  Department Of Health",OTHER,,NEAR ROAD,,
2022-04-22,010732059,1,0.8,Parts per million,9,Arkadelphia/Near Road,24,100,42101,Carbon monoxide,093,INSTRUMENTAL - GAS FILTER CORRELATION CO ANALYZER,13820,"Birmingham-Hoover, AL",33.521427,-86.844112,MOBILE,183.726,MICROSCALE,0 M TO 100 M,SLAMS,"Jefferson County, AL  Department Of Health",OTHER,,NEAR ROAD,,
2022-04-23,010732059,1,0.6,Parts per million,7,Arkadelphia/Near Road,24,100,42101,Carbon monoxide,093,INSTRUMENTAL - GAS FILTER CORRELATION CO ANALYZER,13820,"Birmingham-Hoover, AL",33.521427,-86.844112,MOBILE,183.726,MICROSCALE,0 M TO 100 M,SLAMS,"Jefferson County, AL  Department Of Health",OTHER,,NEAR ROAD,,
2022-04-24,010732059,1,0.3,Parts per million,3,Arkadelphia/Near Road,24,100,42101,Carbon monoxide,093,INSTRUMENTAL - GAS FILTER CORRELATION CO ANALYZER,13820,"Birmingham-Hoover, AL",33.521427,-86.844112,MOBILE,183.726,MICROSCALE,0 M TO 100 M,SLAMS,"Jefferson County, AL  Department Of Health",OTHER,,NEAR ROAD,,
2022-04-25,010732059,1,0.4,Parts per million,5,Arkadelphia/Near Road,24,100,42101,Carbon monoxide,093,INSTRUMENTAL - GAS FILTER CORRELATION CO ANALYZER,13820,"Birmingham-Hoover, AL",33.521427,-86.844112,MOBILE,183.726,MICROSCALE,0 M TO 100 M,SLAMS,"Jefferson County, AL  Department Of Health",OTHER,,NEAR ROAD,,
2022-04-26,010732059,1,0.3,Parts per million,3,Arkadelphia/Near Road,17,71,42101,Carbon monoxide,093,INSTRUMENTAL - GAS FILTER CORRELATION CO ANALYZER,13820,"Birmingham-Hoover, AL",33.521427,-86.844112,MOBILE,183.726,MICROSCALE,0 M TO 100 M,SLAMS,"Jefferson County, AL  Department Of Health",OTHER,,NEAR ROAD,,
2022-04-27,010732059,1,0.4,Parts per million,5,Arkadelphia/Near Road,24,100,42101,Carbon monoxide,093,INSTRUMENTAL - GAS FILTER CORRELATION CO ANALYZER,13820,"Birmingham-Hoover, AL",33.521427,-86.844112,MOBILE,183.726,MICROSCALE,0 M TO 100 M,SLAMS,"Jefferson County, AL  Department Of Health",OTHER,,NEAR ROAD,,
2022-04-28,010732059,1,0.6,Parts per million,7,Arkadelphia/Near Road,24,100,42101,Carbon monoxide,093,INSTRUMENTAL - GAS FILTER CORRELATION CO ANALYZER,13820,"Birmingham-Hoover, AL",33.521427,-86.844112,MOBILE,183.726,MICROSCALE,0 M TO 100 M,SLAMS,"Jefferson County, AL  Department Of Health",OTHER,,NEAR ROAD,,
2022-04-29,010732059,1,0.7,Parts per million,8,Arkadelphia/Near Road,24,100,42101,Carbon monoxide,093,INSTRUMENTAL - GAS FILTER CORRELATION CO ANALYZER,13820,"Birmingham-Hoover, AL",33.521427,-86.844112,MOBILE,183.726,MICROSCALE,0 M TO 100 M,SLAMS,"Jefferson County, AL  Department Of Health",OTHER,,NEAR ROAD,,
2022-04-30,010732059,1,0.3,Parts per million,3,Arkadelphia/Near Road,24,100,42101,Carbon monoxide,093,INSTRUMENTAL - GAS FILTER CORRELATION CO ANALYZER,13820,"Birmingham-Hoover, AL",33.521427,-86.844112,MOBILE,183.726,MICROSCALE,0 M TO 100 M,SLAMS,"Jefferson County, AL  Department Of Health",OTHER,,NEAR ROAD,,
2022-05-01,010732059,1,0.4,Parts per million,5,Arkadelphia/Near Road,24,100,42101,Carbon monoxide,093,INSTRUMENTAL - GAS FILTER CORRELATION CO ANALYZER,13820,"Birmingham-Hoover, AL",33.521427,-86.844112,MOBILE,183.726,MICROSCALE,0 M TO 100 M,SLAMS,"Jefferson County, AL  Department Of Health",OTHER,,NEAR ROAD,,
2022-05-02,010732059,1,0.4,Parts per million,5,Arkadelphia/Near Road,24,100,42101,Carbon monoxide,093,INSTRUMENTAL - GAS FILTER CORRELATION CO ANALYZER,13820,"Birmingham-Hoover, AL",33.521427,-86.844112,MOBILE,183.726,MICROSCALE,0 M TO 100 M,SLAMS,"Jefferson County, AL  Department Of Health",OTHER,,NEAR ROAD,,
2022-05-03,010732059,1,0.5,Parts per million,6,Arkadelphia/Near Road,24,100,42101,Carbon monoxide,093,INSTRUMENTAL - GAS FILTER CORRELATION CO ANALYZER,13820,"Birmingham-Hoover, AL",33.521427,-86.844112,MOBILE,183.726,MICROSCALE,0 M TO 100 M,SLAMS,"Jefferson County, AL  Department Of Health",OTHER,,NEAR ROAD,,
2022-05-04,010732059,1,0.4,Parts per million,5,Arkadelphia/Near Road,24,100,42101,Carbon monoxide,093,INSTRUMENTAL - GAS FILTER CORRELATION CO ANALYZER,13820,"Birmingham-Hoover, AL",33.521427,-86.844112,MOBILE,183.726,MICROSCALE,0 M TO 100 M,SLAMS,"Jefferson County, AL  Department Of Health",OTHER,,NEAR ROAD,,
2022-05-05,010732059,1,0.4,Parts per million,5,Arkadelphia/Near Road,24,100,42101,Carbon monoxide,093,INSTRUMENTAL - GAS FILTER CORRELATION CO ANALYZER,13820,"Birmingham-Hoover, AL",33.521427,-86.844112,MOBILE,183.726,MICROSCALE,0 M TO 100 M,SLAMS,"Jefferson County, AL  Department Of Health",OTHER,,NEAR ROAD,,
2022-05-06,010732059,1,0.4,Parts per million,5,Arkadelphia/Near Road,24,100,42101,Carbon monoxide,093,INSTRUMENTAL - GAS FILTER CORRELATION CO ANALYZER,13820,"Birmingham-Hoover, AL",33.521427,-86.844112,MOBILE,183.726,MICROSCALE,0 M TO 100 M,SLAMS,"Jefferson County, AL  Department Of Health",OTHER,,NEAR ROAD,,
2022-05-07,010732059,1,0.3,Parts per million,3,Arkadelphia/Near Road,24,100,42101,Carbon monoxide,093,INSTRUMENTAL - GAS FILTER CORRELATION CO ANALYZER,13820,"Birmingham-Hoover, AL",33.521427,-86.844112,MOBILE,183.726,MICROSCALE,0 M TO 100 M,SLAMS,"Jefferson County, AL  Department Of Health",OTHER,,NEAR ROAD,,
2022-05-08,010732059,1,0.3,Parts per million,3,Arkadelphia/Near Road,24,100,42101,Carbon monoxide,093,INSTRUMENTAL - GAS FILTER CORRELATION CO ANALYZER,13820,"Birmingham-Hoover, AL",33.521427,-86.844112,MOBILE,183.726,MICROSCALE,0 M TO 100 M,SLAMS,"Jefferson County, AL  Department Of Health",OTHER,,NEAR ROAD,,
2022-05-09,010732059,1,0.4,Parts per million,5,Arkadelphia/Near Road,24,100,42101,Carbon monoxide,093,INSTRUMENTAL - GAS FILTER CORRELATION CO ANALYZER,13820,"Birmingham-Hoover, AL",33.521427,-86.844112,MOBILE,183.726,MICROSCALE,0 M TO 100 M,SLAMS,"Jefferson County, AL  Department Of Health",OTHER,,NEAR ROAD,,
2022-05-10,010732059,1,0.4,Parts per million,5,Arkadelphia/Near Road,18,75,42101,Carbon monoxide,093,INSTRUMENTAL - GAS FILTER CORRELATION CO ANALYZER,13820,"Birmingham-Hoover, AL",33.521427,-86.844112,MOBILE,183.726,MICROSCALE,0 M TO 100 M,SLAMS,"Jefferson County, AL  Department Of Health",OTHER,,NEAR ROAD,,
2022-05-11,010732059,1,0.5,Parts per million,6,Arkadelphia/Near Road,24,100,42101,Carbon monoxide,093,INSTRUMENTAL - GAS FILTER CORRELATION CO ANALYZER,13820,"Birmingham-Hoover, AL",33.521427,-86.844112,MOBILE,183.726,MICROSCALE,0 M TO 100 M,SLAMS,"Jefferson County, AL  Department Of Health",OTHER,,NEAR ROAD,,
2022-05-12,010732059,1,0.6,Parts per million,7,Arkadelphia/Near Road,24,100,42101,Carbon monoxide,093,INSTRUMENTAL - GAS FILTER CORRELATION CO ANALYZER,13820,"Birmingham-Hoover, AL",33.521427,-86.844112,MOBILE,183.726,MICROSCALE,0 M TO 100 M,SLAMS,"Jefferson County, AL  Department Of Health",OTHER,,NEAR ROAD,,
2022-05-13,010732059,1,0.6,Parts per million,7,Arkadelphia/Near Road,24,100,42101,Carbon monoxide,093,INSTRUMENTAL - GAS FILTER CORRELATION CO ANALYZER,13820,"Birmingham-Hoover, AL",33.521427,-86.844112,MOBILE,183.726,MICROSCALE,0 M TO 100 M,SLAMS,"Jefferson County, AL  Department Of Health",OTHER,,NEAR ROAD,,
2022-05-14,010732059,1,0.6,Parts per million,7,Arkadelphia/Near Road,24,100,42101,Carbon monoxide,093,INSTRUMENTAL - GAS FILTER CORRELATION CO ANALYZER,13820,"Birmingham-Hoover, AL",33.521427,-86.844112,MOBILE,183.726,MICROSCALE,0 M TO 100 M,SLAMS,"Jefferson County, AL  Department Of Health",OTHER,,NEAR ROAD,,
2022-05-15,010732059,1,0.7,Parts per million,8,Arkadelphia/Near Road,24,100,42101,Carbon monoxide,093,INSTRUMENTAL - GAS FILTER CORRELATION CO ANALYZER,13820,"Birmingham-Hoover, AL",33.521427,-86.844112,MOBILE,183.726,MICROSCALE,0 M TO 100 M,SLAMS,"Jefferson County, AL  Department Of Health",OTHER,,NEAR ROAD,,
2022-05-16,010732059,1,0.4,Parts per million,5,Arkadelphia/Near Road,24,100,42101,Carbon monoxide,093,INSTRUMENTAL - GAS FILTER CORRELATION CO ANALYZER,13820,"Birmingham-Hoover, AL",33.521427,-86.844112,MOBILE,183.726,MICROSCALE,0 M TO 100 M,SLAMS,"Jefferson County, AL  Department Of Health",OTHER,,NEAR ROAD,,
2022-05-17,010732059,1,0.5,Parts per million,6,Arkadelphia/Near Road,17,71,42101,Carbon monoxide,093,INSTRUMENTAL - GAS FILTER CORRELATION CO ANALYZER,13820,"Birmingham-Hoover, AL",33.521427,-86.844112,MOBILE,183.726,MICROSCALE,0 M TO 100 M,SLAMS,"Jefferson County, AL  Department Of Health",OTHER,,NEAR ROAD,,
2022-05-18,010732059,1,0.6,Parts per million,7,Arkadelphia/Near Road,24,100,42101,Carbon monoxide,093,INSTRUMENTAL - GAS FILTER CORRELATION CO ANALYZER,13820,"Birmingham-Hoover, AL",33.521427,-86.844112,MOBILE,183.726,MICROSCALE,0 M TO 100 M,SLAMS,"Jefferson County, AL  Department Of Health",OTHER,,NEAR ROAD,,
2022-05-19,010732059,1,0.4,Parts per million,5,Arkadelphia/Near Road,24,100,42101,Carbon monoxide,093,INSTRUMENTAL - GAS FILTER CORRELATION CO ANALYZER,13820,"Birmingham-Hoover, AL",33.521427,-86.844112,MOBILE,183.726,MICROSCALE,0 M TO 100 M,SLAMS,"Jefferson County, AL  Department Of Health",OTHER,,NEAR ROAD,,
2022-05-20,010732059,1,0.2,Parts per million,2,Arkadelphia/Near Road,24,100,42101,Carbon monoxide,093,INSTRUMENTAL - GAS FILTER CORRELATION CO ANALYZER,13820,"Birmingham-Hoover, AL",33.521427,-86.844112,MOBILE,183.726,MICROSCALE,0 M TO 100 M,SLAMS,"Jefferson County, AL  Department Of Health",OTHER,,NEAR ROAD,,
2022-05-21,010732059,1,0.2,Parts per million,2,Arkadelphia/Near Road,24,100,42101,Carbon monoxide,093,INSTRUMENTAL - GAS FILTER CORRELATION CO ANALYZER,13820,"Birmingham-Hoover, AL",33.521427,-86.844112,MOBILE,183.726,MICROSCALE,0 M TO 100 M,SLAMS,"Jefferson County, AL  Department Of Health",OTHER,,NEAR ROAD,,
2022-05-22,010732059,1,0.2,Parts per million,2,Arkadelphia/Near Road,24,100,42101,Carbon monoxide,093,INSTRUMENTAL - GAS FILTER CORRELATION CO ANALYZER,13820,"Birmingham-Hoover, AL",33.521427,-86.844112,MOBILE,183.726,MICROSCALE,0 M TO 100 M,SLAMS,"Jefferson County, AL  Department Of Health",OTHER,,NEAR ROAD,,
2022-05-23,010732059,1,0.2,Parts per million,2,Arkadelphia/Near Road,24,100,42101,Carbon monoxide,093,INSTRUMENTAL - GAS FILTER CORRELATION CO ANALYZER,13820,"Birmingham-Hoover, AL",33.521427,-86.844112,MOBILE,183.726,MICROSCALE,0 M TO 100 M,SLAMS,"Jefferson County, AL  Department Of Health",OTHER,,NEAR ROAD,,
2022-05-24,010732059,1,0.2,Parts per million,2,Arkadelphia/Near Road,24,100,42101,Carbon monoxide,093,INSTRUMENTAL - GAS FILTER CORRELATION CO ANALYZER,13820,"Birmingham-Hoover, AL",33.521427,-86.844112,MOBILE,183.726,MICROSCALE,0 M TO 100 M,SLAMS,"Jefferson County, AL  Department Of Health",OTHER,,NEAR ROAD,,
2022-05-25,010732059,1,0.1,Parts per million,1,Arkadelphia/Near Road,24,100,42101,Carbon monoxide,093,INSTRUMENTAL - GAS FILTER CORRELATION CO ANALYZER,13820,"Birmingham-Hoover, AL",33.521427,-86.844112,MOBILE,183.726,MICROSCALE,0 M TO 100 M,SLAMS,"Jefferson County, AL  Department Of Health",OTHER,,NEAR ROAD,,
2022-05-26,010732059,1,0.1,Parts per million,1,Arkadelphia/Near Road,10,42,42101,Carbon monoxide,093,INSTRUMENTAL - GAS FILTER CORRELATION CO ANALYZER,13820,"Birmingham-Hoover, AL",33.521427,-86.844112,MOBILE,183.726,MICROSCALE,0 M TO 100 M,SLAMS,"Jefferson County, AL  Department Of Health",OTHER,,NEAR ROAD,,
2022-05-27,010732059,1,0.2,Parts per million,2,Arkadelphia/Near Road,5,21,42101,Carbon monoxide,093,INSTRUMENTAL - GAS FILTER CORRELATION CO ANALYZER,13820,"Birmingham-Hoover, AL",33.521427,-86.844112,MOBILE,183.726,MICROSCALE,0 M TO 100 M,SLAMS,"Jefferson County, AL  Department Of Health",OTHER,,NEAR ROAD,,
2022-05-28,010732059,1,0.3,Parts per million,3,Arkadelphia/Near Road,24,100,42101,Carbon monoxide,093,INSTRUMENTAL - GAS FILTER CORRELATION CO ANALYZER,13820,"Birmingham-Hoover, AL",33.521427,-86.844112,MOBILE,183.726,MICROSCALE,0 M TO 100 M,SLAMS,"Jefferson County, AL  Department Of Health",OTHER,,NEAR ROAD,,
2022-05-29,010732059,1,0.5,Parts per million,6,Arkadelphia/Near Road,24,100,42101,Carbon monoxide,093,INSTRUMENTAL - GAS FILTER CORRELATION CO ANALYZER,13820,"Birmingham-Hoover, AL",33.521427,-86.844112,MOBILE,183.726,MICROSCALE,0 M TO 100 M,SLAMS,"Jefferson County, AL  Department Of Health",OTHER,,NEAR ROAD,,
2022-05-30,010732059,1,0.5,Parts per million,6,Arkadelphia/Near Road,24,100,42101,Carbon monoxide,093,INSTRUMENTAL - GAS FILTER CORRELATION CO ANALYZER,13820,"Birmingham-Hoover, AL",33.521427,-86.844112,MOBILE,183.726,MICROSCALE,0 M TO 100 M,SLAMS,"Jefferson County, AL  Department Of Health",OTHER,,NEAR ROAD,,
2022-05-31,010732059,1,0.5,Parts per million,6,Arkadelphia/Near Road,18,75,42101,Carbon monoxide,093,INSTRUMENTAL - GAS FILTER CORRELATION CO ANALYZER,13820,"Birmingham-Hoover, AL",33.521427,-86.844112,MOBILE,183.726,MICROSCALE,0 M TO 100 M,SLAMS,"Jefferson County, AL  Department Of Health",OTHER,,NEAR ROAD,,
2022-06-01,010732059,1,0.9,Parts per million,10,Arkadelphia/Near Road,24,100,42101,Carbon monoxide,093,INSTRUMENTAL - GAS FILTER CORRELATION CO ANALYZER,13820,"Birmingham-Hoover, AL",33.521427,-86.844112,MOBILE,183.726,MICROSCALE,0 M TO 100 M,SLAMS,"Jefferson County, AL  Department Of Health",OTHER,,NEAR ROAD,,
2022-06-02,010732059,1,0.9,Parts per million,10,Arkadelphia/Near Road,24,100,42101,Carbon monoxide,093,INSTRUMENTAL - GAS FILTER CORRELATION CO ANALYZER,13820,"Birmingham-Hoover, AL",33.521427,-86.844112,MOBILE,183.726,MICROSCALE,0 M TO 100 M,SLAMS,"Jefferson County, AL  Department Of Health",OTHER,,NEAR ROAD,,
2022-06-03,010732059,1,0.3,Parts per million,3,Arkadelphia/Near Road,24,100,42101,Carbon monoxide,093,INSTRUMENTAL - GAS FILTER CORRELATION CO ANALYZER,13820,"Birmingham-Hoover, AL",33.521427,-86.844112,MOBILE,183.726,MICROSCALE,0 M TO 100 M,SLAMS,"Jefferson County, AL  Department Of Health",OTHER,,NEAR ROAD,,
2022-06-04,010732059,1,0.3,Parts per million,3,Arkadelphia/Near Road,24,100,42101,Carbon monoxide,093,INSTRUMENTAL - GAS FILTER CORRELATION CO ANALYZER,13820,"Birmingham-Hoover, AL",33.521427,-86.844112,MOBILE,183.726,MICROSCALE,0 M TO 100 M,SLAMS,"Jefferson County, AL  Department Of Health",OTHER,,NEAR ROAD,,
2022-06-05,010732059,1,0.6,Parts per million,7,Arkadelphia/Near Road,24,100,42101,Carbon monoxide,093,INSTRUMENTAL - GAS FILTER CORRELATION CO ANALYZER,13820,"Birmingham-Hoover, AL",33.521427,-86.844112,MOBILE,183.726,MICROSCALE,0 M TO 100 M,SLAMS,"Jefferson County, AL  Department Of Health",OTHER,,NEAR ROAD,,
2022-06-06,010732059,1,0.5,Parts per million,6,Arkadelphia/Near Road,24,100,42101,Carbon monoxide,093,INSTRUMENTAL - GAS FILTER CORRELATION CO ANALYZER,13820,"Birmingham-Hoover, AL",33.521427,-86.844112,MOBILE,183.726,MICROSCALE,0 M TO 100 M,SLAMS,"Jefferson County, AL  Department Of Health",OTHER,,NEAR ROAD,,
2022-06-07,010732059,1,0.4,Parts per million,5,Arkadelphia/Near Road,24,100,42101,Carbon monoxide,093,INSTRUMENTAL - GAS FILTER CORRELATION CO ANALYZER,13820,"Birmingham-Hoover, AL",33.521427,-86.844112,MOBILE,183.726,MICROSCALE,0 M TO 100 M,SLAMS,"Jefferson County, AL  Department Of Health",OTHER,,NEAR ROAD,,
2022-06-08,010732059,1,0.4,Parts per million,5,Arkadelphia/Near Road,24,100,42101,Carbon monoxide,093,INSTRUMENTAL - GAS FILTER CORRELATION CO ANALYZER,13820,"Birmingham-Hoover, AL",33.521427,-86.844112,MOBILE,183.726,MICROSCALE,0 M TO 100 M,SLAMS,"Jefferson County, AL  Department Of Health",OTHER,,NEAR ROAD,,
2022-06-09,010732059,1,0.2,Parts per million,2,Arkadelphia/Near Road,24,100,42101,Carbon monoxide,093,INSTRUMENTAL - GAS FILTER CORRELATION CO ANALYZER,13820,"Birmingham-Hoover, AL",33.521427,-86.844112,MOBILE,183.726,MICROSCALE,0 M TO 100 M,SLAMS,"Jefferson County, AL  Department Of Health",OTHER,,NEAR ROAD,,
2022-06-10,010732059,1,0.3,Parts per million,3,Arkadelphia/Near Road,24,100,42101,Carbon monoxide,093,INSTRUMENTAL - GAS FILTER CORRELATION CO ANALYZER,13820,"Birmingham-Hoover, AL",33.521427,-86.844112,MOBILE,183.726,MICROSCALE,0 M TO 100 M,SLAMS,"Jefferson County, AL  Department Of Health",OTHER,,NEAR ROAD,,
2022-06-11,010732059,1,0.7,Parts per million,8,Arkadelphia/Near Road,24,100,42101,Carbon monoxide,093,INSTRUMENTAL - GAS FILTER CORRELATION CO ANALYZER,13820,"Birmingham-Hoover, AL",33.521427,-86.844112,MOBILE,183.726,MICROSCALE,0 M TO 100 M,SLAMS,"Jefferson County, AL  Department Of Health",OTHER,,NEAR ROAD,,
2022-06-12,010732059,1,0.9,Parts per million,10,Arkadelphia/Near Road,24,100,42101,Carbon monoxide,093,INSTRUMENTAL - GAS FILTER CORRELATION CO ANALYZER,13820,"Birmingham-Hoover, AL",33.521427,-86.844112,MOBILE,183.726,MICROSCALE,0 M TO 100 M,SLAMS,"Jefferson County, AL  Department Of Health",OTHER,,NEAR ROAD,,
2022-06-13,010732059,1,0.6,Parts per million,7,Arkadelphia/Near Road,24,100,42101,Carbon monoxide,093,INSTRUMENTAL - GAS FILTER CORRELATION CO ANALYZER,13820,"Birmingham-Hoover, AL",33.521427,-86.844112,MOBILE,183.726,MICROSCALE,0 M TO 100 M,SLAMS,"Jefferson County, AL  Department Of Health",OTHER,,NEAR ROAD,,
2022-06-14,010732059,1,0.5,Parts per million,6,Arkadelphia/Near Road,24,100,42101,Carbon monoxide,093,INSTRUMENTAL - GAS FILTER CORRELATION CO ANALYZER,13820,"Birmingham-Hoover, AL",33.521427,-86.844112,MOBILE,183.726,MICROSCALE,0 M TO 100 M,SLAMS,"Jefferson County, AL  Department Of Health",OTHER,,NEAR ROAD,,
2022-06-15,010732059,1,0.4,Parts per million,5,Arkadelphia/Near Road,17,71,42101,Carbon monoxide,093,INSTRUMENTAL - GAS FILTER CORRELATION CO ANALYZER,13820,"Birmingham-Hoover, AL",33.521427,-86.844112,MOBILE,183.726,MICROSCALE,0 M TO 100 M,SLAMS,"Jefferson County, AL  Department Of Health",OTHER,,NEAR ROAD,,
2022-06-16,010732059,1,0.6,Parts per million,7,Arkadelphia/Near Road,24,100,42101,Carbon monoxide,093,INSTRUMENTAL - GAS FILTER CORRELATION CO ANALYZER,13820,"Birmingham-Hoover, AL",33.521427,-86.844112,MOBILE,183.726,MICROSCALE,0 M TO 100 M,SLAMS,"Jefferson County, AL  Department Of Health",OTHER,,NEAR ROAD,,
2022-06-17,010732059,1,0.6,Parts per million,7,Arkadelphia/Near Road,24,100,42101,Carbon monoxide,093,INSTRUMENTAL - GAS FILTER CORRELATION CO ANALYZER,13820,"Birmingham-Hoover, AL",33.521427,-86.844112,MOBILE,183.726,MICROSCALE,0 M TO 100 M,SLAMS,"Jefferson County, AL  Department Of Health",OTHER,,NEAR ROAD,,
2022-06-18,010732059,1,0.4,Parts per million,5,Arkadelphia/Near Road,24,100,42101,Carbon monoxide,093,INSTRUMENTAL - GAS FILTER CORRELATION CO ANALYZER,13820,"Birmingham-Hoover, AL",33.521427,-86.844112,MOBILE,183.726,MICROSCALE,0 M TO 100 M,SLAMS,"Jefferson County, AL  Department Of Health",OTHER,,NEAR ROAD,,
2022-06-19,010732059,1,0.2,Parts per million,2,Arkadelphia/Near Road,24,100,42101,Carbon monoxide,093,INSTRUMENTAL - GAS FILTER CORRELATION CO ANALYZER,13820,"Birmingham-Hoover, AL",33.521427,-86.844112,MOBILE,183.726,MICROSCALE,0 M TO 100 M,SLAMS,"Jefferson County, AL  Department Of Health",OTHER,,NEAR ROAD,,
2022-06-20,010732059,1,0.3,Parts per million,3,Arkadelphia/Near Road,24,100,42101,Carbon monoxide,093,INSTRUMENTAL - GAS FILTER CORRELATION CO ANALYZER,13820,"Birmingham-Hoover, AL",33.521427,-86.844112,MOBILE,183.726,MICROSCALE,0 M TO 100 M,SLAMS,"Jefferson County, AL  Department Of Health",OTHER,,NEAR ROAD,,
2022-06-21,010732059,1,0.5,Parts per million,6,Arkadelphia/Near Road,24,100,42101,Carbon monoxide,093,INSTRUMENTAL - GAS FILTER CORRELATION CO ANALYZER,13820,"Birmingham-Hoover, AL",33.521427,-86.844112,MOBILE,183.726,MICROSCALE,0 M TO 100 M,SLAMS,"Jefferson County, AL  Department Of Health",OTHER,,NEAR ROAD,,
2022-06-22,010732059,1,0.6,Parts per million,7,Arkadelphia/Near Road,24,100,42101,Carbon monoxide,093,INSTRUMENTAL - GAS FILTER CORRELATION CO ANALYZER,13820,"Birmingham-Hoover, AL",33.521427,-86.844112,MOBILE,183.726,MICROSCALE,0 M TO 100 M,SLAMS,"Jefferson County, AL  Department Of Health",OTHER,,NEAR ROAD,,
2022-06-23,010732059,1,0.5,Parts per million,6,Arkadelphia/Near Road,24,100,42101,Carbon monoxide,093,INSTRUMENTAL - GAS FILTER CORRELATION CO ANALYZER,13820,"Birmingham-Hoover, AL",33.521427,-86.844112,MOBILE,183.726,MICROSCALE,0 M TO 100 M,SLAMS,"Jefferson County, AL  Department Of Health",OTHER,,NEAR ROAD,,
2022-06-24,010732059,1,0.3,Parts per million,3,Arkadelphia/Near Road,24,100,42101,Carbon monoxide,093,INSTRUMENTAL - GAS FILTER CORRELATION CO ANALYZER,13820,"Birmingham-Hoover, AL",33.521427,-86.844112,MOBILE,183.726,MICROSCALE,0 M TO 100 M,SLAMS,"Jefferson County, AL  Department Of Health",OTHER,,NEAR ROAD,,
2022-06-25,010732059,1,0.4,Parts per million,5,Arkadelphia/Near Road,24,100,42101,Carbon monoxide,093,INSTRUMENTAL - GAS FILTER CORRELATION CO ANALYZER,13820,"Birmingham-Hoover, AL",33.521427,-86.844112,MOBILE,183.726,MICROSCALE,0 M TO 100 M,SLAMS,"Jefferson County, AL  Department Of Health",OTHER,,NEAR ROAD,,
2022-06-26,010732059,1,0.4,Parts per million,5,Arkadelphia/Near Road,24,100,42101,Carbon monoxide,093,INSTRUMENTAL - GAS FILTER CORRELATION CO ANALYZER,13820,"Birmingham-Hoover, AL",33.521427,-86.844112,MOBILE,183.726,MICROSCALE,0 M TO 100 M,SLAMS,"Jefferson County, AL  Department Of Health",OTHER,,NEAR ROAD,,
2022-06-27,010732059,1,0.4,Parts per million,5,Arkadelphia/Near Road,24,100,42101,Carbon monoxide,093,INSTRUMENTAL - GAS FILTER CORRELATION CO ANALYZER,13820,"Birmingham-Hoover, AL",33.521427,-86.844112,MOBILE,183.726,MICROSCALE,0 M TO 100 M,SLAMS,"Jefferson County, AL  Department Of Health",OTHER,,NEAR ROAD,,
2022-06-28,010732059,1,0.3,Parts per million,3,Arkadelphia/Near Road,24,100,42101,Carbon monoxide,093,INSTRUMENTAL - GAS FILTER CORRELATION CO ANALYZER,13820,"Birmingham-Hoover, AL",33.521427,-86.844112,MOBILE,183.726,MICROSCALE,0 M TO 100 M,SLAMS,"Jefferson County, AL  Department Of Health",OTHER,,NEAR ROAD,,
2022-06-29,010732059,1,0.4,Parts per million,5,Arkadelphia/Near Road,17,71,42101,Carbon monoxide,093,INSTRUMENTAL - GAS FILTER CORRELATION CO ANALYZER,13820,"Birmingham-Hoover, AL",33.521427,-86.844112,MOBILE,183.726,MICROSCALE,0 M TO 100 M,SLAMS,"Jefferson County, AL  Department Of Health",OTHER,,NEAR ROAD,,
2022-06-30,010732059,1,0.4,Parts per million,5,Arkadelphia/Near Road,16,67,42101,Carbon monoxide,093,INSTRUMENTAL - GAS FILTER CORRELATION CO ANALYZER,13820,"Birmingham-Hoover, AL",33.521427,-86.844112,MOBILE,183.726,MICROSCALE,0 M TO 100 M,SLAMS,"Jefferson County, AL  Department Of Health",OTHER,,NEAR ROAD,,
2022-07-01,010732059,1,0.4,Parts per million,5,Arkadelphia/Near Road,24,100,42101,Carbon monoxide,093,INSTRUMENTAL - GAS FILTER CORRELATION CO ANALYZER,13820,"Birmingham-Hoover, AL",33.521427,-86.844112,MOBILE,183.726,MICROSCALE,0 M TO 100 M,SLAMS,"Jefferson County, AL  Department Of Health",OTHER,,NEAR ROAD,,
2022-07-02,010732059,1,0.3,Parts per million,3,Arkadelphia/Near Road,24,100,42101,Carbon monoxide,093,INSTRUMENTAL - GAS FILTER CORRELATION CO ANALYZER,13820,"Birmingham-Hoover, AL",33.521427,-86.844112,MOBILE,183.726,MICROSCALE,0 M TO 100 M,SLAMS,"Jefferson County, AL  Department Of Health",OTHER,,NEAR ROAD,,
2022-07-03,010732059,1,0.3,Parts per million,3,Arkadelphia/Near Road,24,100,42101,Carbon monoxide,093,INSTRUMENTAL - GAS FILTER CORRELATION CO ANALYZER,13820,"Birmingham-Hoover, AL",33.521427,-86.844112,MOBILE,183.726,MICROSCALE,0 M TO 100 M,SLAMS,"Jefferson County, AL  Department Of Health",OTHER,,NEAR ROAD,,
2022-07-04,010732059,1,0.5,Parts per million,6,Arkadelphia/Near Road,24,100,42101,Carbon monoxide,093,INSTRUMENTAL - GAS FILTER CORRELATION CO ANALYZER,13820,"Birmingham-Hoover, AL",33.521427,-86.844112,MOBILE,183.726,MICROSCALE,0 M TO 100 M,SLAMS,"Jefferson County, AL  Department Of Health",OTHER,,NEAR ROAD,,
2022-07-05,010732059,1,0.9,Parts per million,10,Arkadelphia/Near Road,24,100,42101,Carbon monoxide,093,INSTRUMENTAL - GAS FILTER CORRELATION CO ANALYZER,13820,"Birmingham-Hoover, AL",33.521427,-86.844112,MOBILE,183.726,MICROSCALE,0 M TO 100 M,SLAMS,"Jefferson County, AL  Department Of Health",OTHER,,NEAR ROAD,,
2022-07-06,010732059,1,0.7,Parts per million,8,Arkadelphia/Near Road,16,67,42101,Carbon monoxide,093,INSTRUMENTAL - GAS FILTER CORRELATION CO ANALYZER,13820,"Birmingham-Hoover, AL",33.521427,-86.844112,MOBILE,183.726,MICROSCALE,0 M TO 100 M,SLAMS,"Jefferson County, AL  Department Of Health",OTHER,,NEAR ROAD,,
2022-07-07,010732059,1,0.4,Parts per million,5,Arkadelphia/Near Road,24,100,42101,Carbon monoxide,093,INSTRUMENTAL - GAS FILTER CORRELATION CO ANALYZER,13820,"Birmingham-Hoover, AL",33.521427,-86.844112,MOBILE,183.726,MICROSCALE,0 M TO 100 M,SLAMS,"Jefferson County, AL  Department Of Health",OTHER,,NEAR ROAD,,
2022-07-08,010732059,1,0.4,Parts per million,5,Arkadelphia/Near Road,24,100,42101,Carbon monoxide,093,INSTRUMENTAL - GAS FILTER CORRELATION CO ANALYZER,13820,"Birmingham-Hoover, AL",33.521427,-86.844112,MOBILE,183.726,MICROSCALE,0 M TO 100 M,SLAMS,"Jefferson County, AL  Department Of Health",OTHER,,NEAR ROAD,,
2022-07-09,010732059,1,0.3,Parts per million,3,Arkadelphia/Near Road,24,100,42101,Carbon monoxide,093,INSTRUMENTAL - GAS FILTER CORRELATION CO ANALYZER,13820,"Birmingham-Hoover, AL",33.521427,-86.844112,MOBILE,183.726,MICROSCALE,0 M TO 100 M,SLAMS,"Jefferson County, AL  Department Of Health",OTHER,,NEAR ROAD,,
2022-07-10,010732059,1,0.2,Parts per million,2,Arkadelphia/Near Road,24,100,42101,Carbon monoxide,093,INSTRUMENTAL - GAS FILTER CORRELATION CO ANALYZER,13820,"Birmingham-Hoover, AL",33.521427,-86.844112,MOBILE,183.726,MICROSCALE,0 M TO 100 M,SLAMS,"Jefferson County, AL  Department Of Health",OTHER,,NEAR ROAD,,
2022-07-11,010732059,1,0.3,Parts per million,3,Arkadelphia/Near Road,24,100,42101,Carbon monoxide,093,INSTRUMENTAL - GAS FILTER CORRELATION CO ANALYZER,13820,"Birmingham-Hoover, AL",33.521427,-86.844112,MOBILE,183.726,MICROSCALE,0 M TO 100 M,SLAMS,"Jefferson County, AL  Department Of Health",OTHER,,NEAR ROAD,,
2022-07-12,010732059,1,0.6,Parts per million,7,Arkadelphia/Near Road,13,54,42101,Carbon monoxide,093,INSTRUMENTAL - GAS FILTER CORRELATION CO ANALYZER,13820,"Birmingham-Hoover, AL",33.521427,-86.844112,MOBILE,183.726,MICROSCALE,0 M TO 100 M,SLAMS,"Jefferson County, AL  Department Of Health",OTHER,,NEAR ROAD,,
2022-07-13,010732059,1,0.5,Parts per million,6,Arkadelphia/Near Road,24,100,42101,Carbon monoxide,093,INSTRUMENTAL - GAS FILTER CORRELATION CO ANALYZER,13820,"Birmingham-Hoover, AL",33.521427,-86.844112,MOBILE,183.726,MICROSCALE,0 M TO 100 M,SLAMS,"Jefferson County, AL  Department Of Health",OTHER,,NEAR ROAD,,
2022-07-14,010732059,1,0.5,Parts per million,6,Arkadelphia/Near Road,24,100,42101,Carbon monoxide,093,INSTRUMENTAL - GAS FILTER CORRELATION CO ANALYZER,13820,"Birmingham-Hoover, AL",33.521427,-86.844112,MOBILE,183.726,MICROSCALE,0 M TO 100 M,SLAMS,"Jefferson County, AL  Department Of Health",OTHER,,NEAR ROAD,,
2022-07-15,010732059,1,0.8,Parts per million,9,Arkadelphia/Near Road,24,100,42101,Carbon monoxide,093,INSTRUMENTAL - GAS FILTER CORRELATION CO ANALYZER,13820,"Birmingham-Hoover, AL",33.521427,-86.844112,MOBILE,183.726,MICROSCALE,0 M TO 100 M,SLAMS,"Jefferson County, AL  Department Of Health",OTHER,,NEAR ROAD,,
2022-07-16,010732059,1,0.9,Parts per million,10,Arkadelphia/Near Road,24,100,42101,Carbon monoxide,093,INSTRUMENTAL - GAS FILTER CORRELATION CO ANALYZER,13820,"Birmingham-Hoover, AL",33.521427,-86.844112,MOBILE,183.726,MICROSCALE,0 M TO 100 M,SLAMS,"Jefferson County, AL  Department Of Health",OTHER,,NEAR ROAD,,
2022-07-17,010732059,1,0.5,Parts per million,6,Arkadelphia/Near Road,24,100,42101,Carbon monoxide,093,INSTRUMENTAL - GAS FILTER CORRELATION CO ANALYZER,13820,"Birmingham-Hoover, AL",33.521427,-86.844112,MOBILE,183.726,MICROSCALE,0 M TO 100 M,SLAMS,"Jefferson County, AL  Department Of Health",OTHER,,NEAR ROAD,,
2022-07-18,010732059,1,0.6,Parts per million,7,Arkadelphia/Near Road,24,100,42101,Carbon monoxide,093,INSTRUMENTAL - GAS FILTER CORRELATION CO ANALYZER,13820,"Birmingham-Hoover, AL",33.521427,-86.844112,MOBILE,183.726,MICROSCALE,0 M TO 100 M,SLAMS,"Jefferson County, AL  Department Of Health",OTHER,,NEAR ROAD,,
2022-07-19,010732059,1,0.5,Parts per million,6,Arkadelphia/Near Road,15,63,42101,Carbon monoxide,093,INSTRUMENTAL - GAS FILTER CORRELATION CO ANALYZER,13820,"Birmingham-Hoover, AL",33.521427,-86.844112,MOBILE,183.726,MICROSCALE,0 M TO 100 M,SLAMS,"Jefferson County, AL  Department Of Health",OTHER,,NEAR ROAD,,
2022-07-20,010732059,1,0.4,Parts per million,5,Arkadelphia/Near Road,15,63,42101,Carbon monoxide,093,INSTRUMENTAL - GAS FILTER CORRELATION CO ANALYZER,13820,"Birmingham-Hoover, AL",33.521427,-86.844112,MOBILE,183.726,MICROSCALE,0 M TO 100 M,SLAMS,"Jefferson County, AL  Department Of Health",OTHER,,NEAR ROAD,,
2022-07-21,010732059,1,0.2,Parts per million,2,Arkadelphia/Near Road,6,25,42101,Carbon monoxide,093,INSTRUMENTAL - GAS FILTER CORRELATION CO ANALYZER,13820,"Birmingham-Hoover, AL",33.521427,-86.844112,MOBILE,183.726,MICROSCALE,0 M TO 100 M,SLAMS,"Jefferson County, AL  Department Of Health",OTHER,,NEAR ROAD,,
2022-07-22,010732059,1,0.5,Parts per million,6,Arkadelphia/Near Road,17,71,42101,Carbon monoxide,093,INSTRUMENTAL - GAS FILTER CORRELATION CO ANALYZER,13820,"Birmingham-Hoover, AL",33.521427,-86.844112,MOBILE,183.726,MICROSCALE,0 M TO 100 M,SLAMS,"Jefferson County, AL  Department Of Health",OTHER,,NEAR ROAD,,
2022-07-23,010732059,1,0.6,Parts per million,7,Arkadelphia/Near Road,24,100,42101,Carbon monoxide,093,INSTRUMENTAL - GAS FILTER CORRELATION CO ANALYZER,13820,"Birmingham-Hoover, AL",33.521427,-86.844112,MOBILE,183.726,MICROSCALE,0 M TO 100 M,SLAMS,"Jefferson County, AL  Department Of Health",OTHER,,NEAR ROAD,,
2022-07-24,010732059,1,0.4,Parts per million,5,Arkadelphia/Near Road,24,100,42101,Carbon monoxide,093,INSTRUMENTAL - GAS FILTER CORRELATION CO ANALYZER,13820,"Birmingham-Hoover, AL",33.521427,-86.844112,MOBILE,183.726,MICROSCALE,0 M TO 100 M,SLAMS,"Jefferson County, AL  Department Of Health",OTHER,,NEAR ROAD,,
2022-07-25,010732059,1,0.3,Parts per million,3,Arkadelphia/Near Road,24,100,42101,Carbon monoxide,093,INSTRUMENTAL - GAS FILTER CORRELATION CO ANALYZER,13820,"Birmingham-Hoover, AL",33.521427,-86.844112,MOBILE,183.726,MICROSCALE,0 M TO 100 M,SLAMS,"Jefferson County, AL  Department Of Health",OTHER,,NEAR ROAD,,
2022-07-26,010732059,1,0.3,Parts per million,3,Arkadelphia/Near Road,15,63,42101,Carbon monoxide,093,INSTRUMENTAL - GAS FILTER CORRELATION CO ANALYZER,13820,"Birmingham-Hoover, AL",33.521427,-86.844112,MOBILE,183.726,MICROSCALE,0 M TO 100 M,SLAMS,"Jefferson County, AL  Department Of Health",OTHER,,NEAR ROAD,,
2022-07-29,010732059,1,0.3,Parts per million,3,Arkadelphia/Near Road,5,21,42101,Carbon monoxide,093,INSTRUMENTAL - GAS FILTER CORRELATION CO ANALYZER,13820,"Birmingham-Hoover, AL",33.521427,-86.844112,MOBILE,183.726,MICROSCALE,0 M TO 100 M,SLAMS,"Jefferson County, AL  Department Of Health",OTHER,,NEAR ROAD,,
2022-07-30,010732059,1,0.3,Parts per million,3,Arkadelphia/Near Road,24,100,42101,Carbon monoxide,093,INSTRUMENTAL - GAS FILTER CORRELATION CO ANALYZER,13820,"Birmingham-Hoover, AL",33.521427,-86.844112,MOBILE,183.726,MICROSCALE,0 M TO 100 M,SLAMS,"Jefferson County, AL  Department Of Health",OTHER,,NEAR ROAD,,
2022-07-31,010732059,1,0.3,Parts per million,3,Arkadelphia/Near Road,24,100,42101,Carbon monoxide,093,INSTRUMENTAL - GAS FILTER CORRELATION CO ANALYZER,13820,"Birmingham-Hoover, AL",33.521427,-86.844112,MOBILE,183.726,MICROSCALE,0 M TO 100 M,SLAMS,"Jefferson County, AL  Department Of Health",OTHER,,NEAR ROAD,,
2022-08-01,010732059,1,0.4,Parts per million,5,Arkadelphia/Near Road,24,100,42101,Carbon monoxide,093,INSTRUMENTAL - GAS FILTER CORRELATION CO ANALYZER,13820,"Birmingham-Hoover, AL",33.521427,-86.844112,MOBILE,183.726,MICROSCALE,0 M TO 100 M,SLAMS,"Jefferson County, AL  Department Of Health",OTHER,,NEAR ROAD,,
2022-08-02,010732059,1,0.5,Parts per million,6,Arkadelphia/Near Road,24,100,42101,Carbon monoxide,093,INSTRUMENTAL - GAS FILTER CORRELATION CO ANALYZER,13820,"Birmingham-Hoover, AL",33.521427,-86.844112,MOBILE,183.726,MICROSCALE,0 M TO 100 M,SLAMS,"Jefferson County, AL  Department Of Health",OTHER,,NEAR ROAD,,
2022-08-03,010732059,1,0.5,Parts per million,6,Arkadelphia/Near Road,24,100,42101,Carbon monoxide,093,INSTRUMENTAL - GAS FILTER CORRELATION CO ANALYZER,13820,"Birmingham-Hoover, AL",33.521427,-86.844112,MOBILE,183.726,MICROSCALE,0 M TO 100 M,SLAMS,"Jefferson County, AL  Department Of Health",OTHER,,NEAR ROAD,,
2022-08-04,010732059,1,0.5,Parts per million,6,Arkadelphia/Near Road,16,67,42101,Carbon monoxide,093,INSTRUMENTAL - GAS FILTER CORRELATION CO ANALYZER,13820,"Birmingham-Hoover, AL",33.521427,-86.844112,MOBILE,183.726,MICROSCALE,0 M TO 100 M,SLAMS,"Jefferson County, AL  Department Of Health",OTHER,,NEAR ROAD,,
2022-08-05,010732059,1,0.7,Parts per million,8,Arkadelphia/Near Road,24,100,42101,Carbon monoxide,093,INSTRUMENTAL - GAS FILTER CORRELATION CO ANALYZER,13820,"Birmingham-Hoover, AL",33.521427,-86.844112,MOBILE,183.726,MICROSCALE,0 M TO 100 M,SLAMS,"Jefferson County, AL  Department Of Health",OTHER,,NEAR ROAD,,
2022-08-06,010732059,1,0.8,Parts per million,9,Arkadelphia/Near Road,24,100,42101,Carbon monoxide,093,INSTRUMENTAL - GAS FILTER CORRELATION CO ANALYZER,13820,"Birmingham-Hoover, AL",33.521427,-86.844112,MOBILE,183.726,MICROSCALE,0 M TO 100 M,SLAMS,"Jefferson County, AL  Department Of Health",OTHER,,NEAR ROAD,,
2022-08-07,010732059,1,0.4,Parts per million,5,Arkadelphia/Near Road,24,100,42101,Carbon monoxide,093,INSTRUMENTAL - GAS FILTER CORRELATION CO ANALYZER,13820,"Birmingham-Hoover, AL",33.521427,-86.844112,MOBILE,183.726,MICROSCALE,0 M TO 100 M,SLAMS,"Jefferson County, AL  Department Of Health",OTHER,,NEAR ROAD,,
2022-08-08,010732059,1,0.6,Parts per million,7,Arkadelphia/Near Road,24,100,42101,Carbon monoxide,093,INSTRUMENTAL - GAS FILTER CORRELATION CO ANALYZER,13820,"Birmingham-Hoover, AL",33.521427,-86.844112,MOBILE,183.726,MICROSCALE,0 M TO 100 M,SLAMS,"Jefferson County, AL  Department Of Health",OTHER,,NEAR ROAD,,
2022-08-09,010732059,1,0.4,Parts per million,5,Arkadelphia/Near Road,24,100,42101,Carbon monoxide,093,INSTRUMENTAL - GAS FILTER CORRELATION CO ANALYZER,13820,"Birmingham-Hoover, AL",33.521427,-86.844112,MOBILE,183.726,MICROSCALE,0 M TO 100 M,SLAMS,"Jefferson County, AL  Department Of Health",OTHER,,NEAR ROAD,,
2022-08-10,010732059,1,0.6,Parts per million,7,Arkadelphia/Near Road,18,75,42101,Carbon monoxide,093,INSTRUMENTAL - GAS FILTER CORRELATION CO ANALYZER,13820,"Birmingham-Hoover, AL",33.521427,-86.844112,MOBILE,183.726,MICROSCALE,0 M TO 100 M,SLAMS,"Jefferson County, AL  Department Of Health",OTHER,,NEAR ROAD,,
2022-08-11,010732059,1,0.6,Parts per million,7,Arkadelphia/Near Road,15,63,42101,Carbon monoxide,093,INSTRUMENTAL - GAS FILTER CORRELATION CO ANALYZER,13820,"Birmingham-Hoover, AL",33.521427,-86.844112,MOBILE,183.726,MICROSCALE,0 M TO 100 M,SLAMS,"Jefferson County, AL  Department Of Health",OTHER,,NEAR ROAD,,
2022-08-12,010732059,1,0.4,Parts per million,5,Arkadelphia/Near Road,16,67,42101,Carbon monoxide,093,INSTRUMENTAL - GAS FILTER CORRELATION CO ANALYZER,13820,"Birmingham-Hoover, AL",33.521427,-86.844112,MOBILE,183.726,MICROSCALE,0 M TO 100 M,SLAMS,"Jefferson County, AL  Department Of Health",OTHER,,NEAR ROAD,,
2022-08-13,010732059,1,0.5,Parts per million,6,Arkadelphia/Near Road,24,100,42101,Carbon monoxide,093,INSTRUMENTAL - GAS FILTER CORRELATION CO ANALYZER,13820,"Birmingham-Hoover, AL",33.521427,-86.844112,MOBILE,183.726,MICROSCALE,0 M TO 100 M,SLAMS,"Jefferson County, AL  Department Of Health",OTHER,,NEAR ROAD,,
2022-08-14,010732059,1,0.7,Parts per million,8,Arkadelphia/Near Road,24,100,42101,Carbon monoxide,093,INSTRUMENTAL - GAS FILTER CORRELATION CO ANALYZER,13820,"Birmingham-Hoover, AL",33.521427,-86.844112,MOBILE,183.726,MICROSCALE,0 M TO 100 M,SLAMS,"Jefferson County, AL  Department Of Health",OTHER,,NEAR ROAD,,
2022-08-15,010732059,1,0.7,Parts per million,8,Arkadelphia/Near Road,24,100,42101,Carbon monoxide,093,INSTRUMENTAL - GAS FILTER CORRELATION CO ANALYZER,13820,"Birmingham-Hoover, AL",33.521427,-86.844112,MOBILE,183.726,MICROSCALE,0 M TO 100 M,SLAMS,"Jefferson County, AL  Department Of Health",OTHER,,NEAR ROAD,,
2022-08-16,010732059,1,0.5,Parts per million,6,Arkadelphia/Near Road,24,100,42101,Carbon monoxide,093,INSTRUMENTAL - GAS FILTER CORRELATION CO ANALYZER,13820,"Birmingham-Hoover, AL",33.521427,-86.844112,MOBILE,183.726,MICROSCALE,0 M TO 100 M,SLAMS,"Jefferson County, AL  Department Of Health",OTHER,,NEAR ROAD,,
2022-08-17,010732059,1,0.3,Parts per million,3,Arkadelphia/Near Road,24,100,42101,Carbon monoxide,093,INSTRUMENTAL - GAS FILTER CORRELATION CO ANALYZER,13820,"Birmingham-Hoover, AL",33.521427,-86.844112,MOBILE,183.726,MICROSCALE,0 M TO 100 M,SLAMS,"Jefferson County, AL  Department Of Health",OTHER,,NEAR ROAD,,
2022-08-18,010732059,1,0.5,Parts per million,6,Arkadelphia/Near Road,24,100,42101,Carbon monoxide,093,INSTRUMENTAL - GAS FILTER CORRELATION CO ANALYZER,13820,"Birmingham-Hoover, AL",33.521427,-86.844112,MOBILE,183.726,MICROSCALE,0 M TO 100 M,SLAMS,"Jefferson County, AL  Department Of Health",OTHER,,NEAR ROAD,,
2022-08-19,010732059,1,0.5,Parts per million,6,Arkadelphia/Near Road,8,33,42101,Carbon monoxide,093,INSTRUMENTAL - GAS FILTER CORRELATION CO ANALYZER,13820,"Birmingham-Hoover, AL",33.521427,-86.844112,MOBILE,183.726,MICROSCALE,0 M TO 100 M,SLAMS,"Jefferson County, AL  Department Of Health",OTHER,,NEAR ROAD,,
2022-08-30,010732059,1,0.3,Parts per million,3,Arkadelphia/Near Road,5,21,42101,Carbon monoxide,093,INSTRUMENTAL - GAS FILTER CORRELATION CO ANALYZER,13820,"Birmingham-Hoover, AL",33.521427,-86.844112,MOBILE,183.726,MICROSCALE,0 M TO 100 M,SLAMS,"Jefferson County, AL  Department Of Health",OTHER,,NEAR ROAD,,
2022-08-31,010732059,1,0.7,Parts per million,8,Arkadelphia/Near Road,24,100,42101,Carbon monoxide,093,INSTRUMENTAL - GAS FILTER CORRELATION CO ANALYZER,13820,"Birmingham-Hoover, AL",33.521427,-86.844112,MOBILE,183.726,MICROSCALE,0 M TO 100 M,SLAMS,"Jefferson County, AL  Department Of Health",OTHER,,NEAR ROAD,,
2022-09-01,010732059,1,0.7,Parts per million,8,Arkadelphia/Near Road,24,100,42101,Carbon monoxide,093,INSTRUMENTAL - GAS FILTER CORRELATION CO ANALYZER,13820,"Birmingham-Hoover, AL",33.521427,-86.844112,MOBILE,183.726,MICROSCALE,0 M TO 100 M,SLAMS,"Jefferson County, AL  Department Of Health",OTHER,,NEAR ROAD,,
2022-09-02,010732059,1,0.6,Parts per million,7,Arkadelphia/Near Road,16,67,42101,Carbon monoxide,093,INSTRUMENTAL - GAS FILTER CORRELATION CO ANALYZER,13820,"Birmingham-Hoover, AL",33.521427,-86.844112,MOBILE,183.726,MICROSCALE,0 M TO 100 M,SLAMS,"Jefferson County, AL  Department Of Health",OTHER,,NEAR ROAD,,
2022-09-03,010732059,1,0.4,Parts per million,5,Arkadelphia/Near Road,24,100,42101,Carbon monoxide,093,INSTRUMENTAL - GAS FILTER CORRELATION CO ANALYZER,13820,"Birmingham-Hoover, AL",33.521427,-86.844112,MOBILE,183.726,MICROSCALE,0 M TO 100 M,SLAMS,"Jefferson County, AL  Department Of Health",OTHER,,NEAR ROAD,,
2022-09-04,010732059,1,0.4,Parts per million,5,Arkadelphia/Near Road,24,100,42101,Carbon monoxide,093,INSTRUMENTAL - GAS FILTER CORRELATION CO ANALYZER,13820,"Birmingham-Hoover, AL",33.521427,-86.844112,MOBILE,183.726,MICROSCALE,0 M TO 100 M,SLAMS,"Jefferson County, AL  Department Of Health",OTHER,,NEAR ROAD,,
2022-09-05,010732059,1,0.6,Parts per million,7,Arkadelphia/Near Road,24,100,42101,Carbon monoxide,093,INSTRUMENTAL - GAS FILTER CORRELATION CO ANALYZER,13820,"Birmingham-Hoover, AL",33.521427,-86.844112,MOBILE,183.726,MICROSCALE,0 M TO 100 M,SLAMS,"Jefferson County, AL  Department Of Health",OTHER,,NEAR ROAD,,
2022-09-06,010732059,1,0.6,Parts per million,7,Arkadelphia/Near Road,9,38,42101,Carbon monoxide,093,INSTRUMENTAL - GAS FILTER CORRELATION CO ANALYZER,13820,"Birmingham-Hoover, AL",33.521427,-86.844112,MOBILE,183.726,MICROSCALE,0 M TO 100 M,SLAMS,"Jefferson County, AL  Department Of Health",OTHER,,NEAR ROAD,,
2022-09-12,010732059,1,0.2,Parts per million,2,Arkadelphia/Near Road,5,21,42101,Carbon monoxide,093,INSTRUMENTAL - GAS FILTER CORRELATION CO ANALYZER,13820,"Birmingham-Hoover, AL",33.521427,-86.844112,MOBILE,183.726,MICROSCALE,0 M TO 100 M,SLAMS,"Jefferson County, AL  Department Of Health",OTHER,,NEAR ROAD,,
2022-09-13,010732059,1,0.5,Parts per million,6,Arkadelphia/Near Road,24,100,42101,Carbon monoxide,093,INSTRUMENTAL - GAS FILTER CORRELATION CO ANALYZER,13820,"Birmingham-Hoover, AL",33.521427,-86.844112,MOBILE,183.726,MICROSCALE,0 M TO 100 M,SLAMS,"Jefferson County, AL  Department Of Health",OTHER,,NEAR ROAD,,
2022-09-14,010732059,1,0.6,Parts per million,7,Arkadelphia/Near Road,24,100,42101,Carbon monoxide,093,INSTRUMENTAL - GAS FILTER CORRELATION CO ANALYZER,13820,"Birmingham-Hoover, AL",33.521427,-86.844112,MOBILE,183.726,MICROSCALE,0 M TO 100 M,SLAMS,"Jefferson County, AL  Department Of Health",OTHER,,NEAR ROAD,,
2022-09-15,010732059,1,0.6,Parts per million,7,Arkadelphia/Near Road,24,100,42101,Carbon monoxide,093,INSTRUMENTAL - GAS FILTER CORRELATION CO ANALYZER,13820,"Birmingham-Hoover, AL",33.521427,-86.844112,MOBILE,183.726,MICROSCALE,0 M TO 100 M,SLAMS,"Jefferson County, AL  Department Of Health",OTHER,,NEAR ROAD,,
2022-09-16,010732059,1,0.6,Parts per million,7,Arkadelphia/Near Road,24,100,42101,Carbon monoxide,093,INSTRUMENTAL - GAS FILTER CORRELATION CO ANALYZER,13820,"Birmingham-Hoover, AL",33.521427,-86.844112,MOBILE,183.726,MICROSCALE,0 M TO 100 M,SLAMS,"Jefferson County, AL  Department Of Health",OTHER,,NEAR ROAD,,
2022-09-17,010732059,1,0.5,Parts per million,6,Arkadelphia/Near Road,24,100,42101,Carbon monoxide,093,INSTRUMENTAL - GAS FILTER CORRELATION CO ANALYZER,13820,"Birmingham-Hoover, AL",33.521427,-86.844112,MOBILE,183.726,MICROSCALE,0 M TO 100 M,SLAMS,"Jefferson County, AL  Department Of Health",OTHER,,NEAR ROAD,,
2022-09-18,010732059,1,0.5,Parts per million,6,Arkadelphia/Near Road,24,100,42101,Carbon monoxide,093,INSTRUMENTAL - GAS FILTER CORRELATION CO ANALYZER,13820,"Birmingham-Hoover, AL",33.521427,-86.844112,MOBILE,183.726,MICROSCALE,0 M TO 100 M,SLAMS,"Jefferson County, AL  Department Of Health",OTHER,,NEAR ROAD,,
2022-09-19,010732059,1,0.6,Parts per million,7,Arkadelphia/Near Road,10,42,42101,Carbon monoxide,093,INSTRUMENTAL - GAS FILTER CORRELATION CO ANALYZER,13820,"Birmingham-Hoover, AL",33.521427,-86.844112,MOBILE,183.726,MICROSCALE,0 M TO 100 M,SLAMS,"Jefferson County, AL  Department Of Health",OTHER,,NEAR ROAD,,
2023-04-26,010732059,1,0,Parts per million,0,Arkadelphia/Near Road,10,42,42101,Carbon monoxide,093,INSTRUMENTAL - GAS FILTER CORRELATION CO ANALYZER,13820,"Birmingham-Hoover, AL",33.521427,-86.844112,MOBILE,183.726,MICROSCALE,0 M TO 100 M,SLAMS,"Jefferson County, AL  Department Of Health",OTHER,,NEAR ROAD,,
2023-04-27,010732059,1,0.2,Parts per million,2,Arkadelphia/Near Road,24,100,42101,Carbon monoxide,093,INSTRUMENTAL - GAS FILTER CORRELATION CO ANALYZER,13820,"Birmingham-Hoover, AL",33.521427,-86.844112,MOBILE,183.726,MICROSCALE,0 M TO 100 M,SLAMS,"Jefferson County, AL  Department Of Health",OTHER,,NEAR ROAD,,
2023-04-28,010732059,1,0.2,Parts per million,2,Arkadelphia/Near Road,24,100,42101,Carbon monoxide,093,INSTRUMENTAL - GAS FILTER CORRELATION CO ANALYZER,13820,"Birmingham-Hoover, AL",33.521427,-86.844112,MOBILE,183.726,MICROSCALE,0 M TO 100 M,SLAMS,"Jefferson County, AL  Department Of Health",OTHER,,NEAR ROAD,,
2023-04-29,010732059,1,0.3,Parts per million,3,Arkadelphia/Near Road,24,100,42101,Carbon monoxide,093,INSTRUMENTAL - GAS FILTER CORRELATION CO ANALYZER,13820,"Birmingham-Hoover, AL",33.521427,-86.844112,MOBILE,183.726,MICROSCALE,0 M TO 100 M,SLAMS,"Jefferson County, AL  Department Of Health",OTHER,,NEAR ROAD,,
2023-04-30,010732059,1,0.3,Parts per million,3,Arkadelphia/Near Road,24,100,42101,Carbon monoxide,093,INSTRUMENTAL - GAS FILTER CORRELATION CO ANALYZER,13820,"Birmingham-Hoover, AL",33.521427,-86.844112,MOBILE,183.726,MICROSCALE,0 M TO 100 M,SLAMS,"Jefferson County, AL  Department Of Health",OTHER,,NEAR ROAD,,
2023-05-01,010732059,1,0.3,Parts per million,3,Arkadelphia/Near Road,24,100,42101,Carbon monoxide,093,INSTRUMENTAL - GAS FILTER CORRELATION CO ANALYZER,13820,"Birmingham-Hoover, AL",33.521427,-86.844112,MOBILE,183.726,MICROSCALE,0 M TO 100 M,SLAMS,"Jefferson County, AL  Department Of Health",OTHER,,NEAR ROAD,,
2023-05-02,010732059,1,0.2,Parts per million,2,Arkadelphia/Near Road,24,100,42101,Carbon monoxide,093,INSTRUMENTAL - GAS FILTER CORRELATION CO ANALYZER,13820,"Birmingham-Hoover, AL",33.521427,-86.844112,MOBILE,183.726,MICROSCALE,0 M TO 100 M,SLAMS,"Jefferson County, AL  Department Of Health",OTHER,,NEAR ROAD,,
2023-05-03,010732059,1,0.4,Parts per million,5,Arkadelphia/Near Road,24,100,42101,Carbon monoxide,093,INSTRUMENTAL - GAS FILTER CORRELATION CO ANALYZER,13820,"Birmingham-Hoover, AL",33.521427,-86.844112,MOBILE,183.726,MICROSCALE,0 M TO 100 M,SLAMS,"Jefferson County, AL  Department Of Health",OTHER,,NEAR ROAD,,
2023-05-04,010732059,1,0.5,Parts per million,6,Arkadelphia/Near Road,18,75,42101,Carbon monoxide,093,INSTRUMENTAL - GAS FILTER CORRELATION CO ANALYZER,13820,"Birmingham-Hoover, AL",33.521427,-86.844112,MOBILE,183.726,MICROSCALE,0 M TO 100 M,SLAMS,"Jefferson County, AL  Department Of Health",OTHER,,NEAR ROAD,,
2023-05-05,010732059,1,0.2,Parts per million,2,Arkadelphia/Near Road,24,100,42101,Carbon monoxide,093,INSTRUMENTAL - GAS FILTER CORRELATION CO ANALYZER,13820,"Birmingham-Hoover, AL",33.521427,-86.844112,MOBILE,183.726,MICROSCALE,0 M TO 100 M,SLAMS,"Jefferson County, AL  Department Of Health",OTHER,,NEAR ROAD,,
2023-05-06,010732059,1,0.2,Parts per million,2,Arkadelphia/Near Road,24,100,42101,Carbon monoxide,093,INSTRUMENTAL - GAS FILTER CORRELATION CO ANALYZER,13820,"Birmingham-Hoover, AL",33.521427,-86.844112,MOBILE,183.726,MICROSCALE,0 M TO 100 M,SLAMS,"Jefferson County, AL  Department Of Health",OTHER,,NEAR ROAD,,
2023-05-07,010732059,1,0.2,Parts per million,2,Arkadelphia/Near Road,24,100,42101,Carbon monoxide,093,INSTRUMENTAL - GAS FILTER CORRELATION CO ANALYZER,13820,"Birmingham-Hoover, AL",33.521427,-86.844112,MOBILE,183.726,MICROSCALE,0 M TO 100 M,SLAMS,"Jefferson County, AL  Department Of Health",OTHER,,NEAR ROAD,,
2023-05-08,010732059,1,0.2,Parts per million,2,Arkadelphia/Near Road,24,100,42101,Carbon monoxide,093,INSTRUMENTAL - GAS FILTER CORRELATION CO ANALYZER,13820,"Birmingham-Hoover, AL",33.521427,-86.844112,MOBILE,183.726,MICROSCALE,0 M TO 100 M,SLAMS,"Jefferson County, AL  Department Of Health",OTHER,,NEAR ROAD,,
2023-05-09,010732059,1,0.3,Parts per million,3,Arkadelphia/Near Road,24,100,42101,Carbon monoxide,093,INSTRUMENTAL - GAS FILTER CORRELATION CO ANALYZER,13820,"Birmingham-Hoover, AL",33.521427,-86.844112,MOBILE,183.726,MICROSCALE,0 M TO 100 M,SLAMS,"Jefferson County, AL  Department Of Health",OTHER,,NEAR ROAD,,
2023-05-10,010732059,1,0.4,Parts per million,5,Arkadelphia/Near Road,18,75,42101,Carbon monoxide,093,INSTRUMENTAL - GAS FILTER CORRELATION CO ANALYZER,13820,"Birmingham-Hoover, AL",33.521427,-86.844112,MOBILE,183.726,MICROSCALE,0 M TO 100 M,SLAMS,"Jefferson County, AL  Department Of Health",OTHER,,NEAR ROAD,,
2023-05-11,010732059,1,0.2,Parts per million,2,Arkadelphia/Near Road,24,100,42101,Carbon monoxide,093,INSTRUMENTAL - GAS FILTER CORRELATION CO ANALYZER,13820,"Birmingham-Hoover, AL",33.521427,-86.844112,MOBILE,183.726,MICROSCALE,0 M TO 100 M,SLAMS,"Jefferson County, AL  Department Of Health",OTHER,,NEAR ROAD,,
2023-05-12,010732059,1,0.2,Parts per million,2,Arkadelphia/Near Road,24,100,42101,Carbon monoxide,093,INSTRUMENTAL - GAS FILTER CORRELATION CO ANALYZER,13820,"Birmingham-Hoover, AL",33.521427,-86.844112,MOBILE,183.726,MICROSCALE,0 M TO 100 M,SLAMS,"Jefferson County, AL  Department Of Health",OTHER,,NEAR ROAD,,
2023-05-13,010732059,1,0.5,Parts per million,6,Arkadelphia/Near Road,24,100,42101,Carbon monoxide,093,INSTRUMENTAL - GAS FILTER CORRELATION CO ANALYZER,13820,"Birmingham-Hoover, AL",33.521427,-86.844112,MOBILE,183.726,MICROSCALE,0 M TO 100 M,SLAMS,"Jefferson County, AL  Department Of Health",OTHER,,NEAR ROAD,,
2023-05-14,010732059,1,0.6,Parts per million,7,Arkadelphia/Near Road,24,100,42101,Carbon monoxide,093,INSTRUMENTAL - GAS FILTER CORRELATION CO ANALYZER,13820,"Birmingham-Hoover, AL",33.521427,-86.844112,MOBILE,183.726,MICROSCALE,0 M TO 100 M,SLAMS,"Jefferson County, AL  Department Of Health",OTHER,,NEAR ROAD,,
2023-05-15,010732059,1,0.7,Parts per million,8,Arkadelphia/Near Road,24,100,42101,Carbon monoxide,093,INSTRUMENTAL - GAS FILTER CORRELATION CO ANALYZER,13820,"Birmingham-Hoover, AL",33.521427,-86.844112,MOBILE,183.726,MICROSCALE,0 M TO 100 M,SLAMS,"Jefferson County, AL  Department Of Health",OTHER,,NEAR ROAD,,
2023-05-16,010732059,1,0.3,Parts per million,3,Arkadelphia/Near Road,24,100,42101,Carbon monoxide,093,INSTRUMENTAL - GAS FILTER CORRELATION CO ANALYZER,13820,"Birmingham-Hoover, AL",33.521427,-86.844112,MOBILE,183.726,MICROSCALE,0 M TO 100 M,SLAMS,"Jefferson County, AL  Department Of Health",OTHER,,NEAR ROAD,,
2023-05-17,010732059,1,0.4,Parts per million,5,Arkadelphia/Near Road,24,100,42101,Carbon monoxide,093,INSTRUMENTAL - GAS FILTER CORRELATION CO ANALYZER,13820,"Birmingham-Hoover, AL",33.521427,-86.844112,MOBILE,183.726,MICROSCALE,0 M TO 100 M,SLAMS,"Jefferson County, AL  Department Of Health",OTHER,,NEAR ROAD,,
2023-05-18,010732059,1,0.4,Parts per million,5,Arkadelphia/Near Road,18,75,42101,Carbon monoxide,093,INSTRUMENTAL - GAS FILTER CORRELATION CO ANALYZER,13820,"Birmingham-Hoover, AL",33.521427,-86.844112,MOBILE,183.726,MICROSCALE,0 M TO 100 M,SLAMS,"Jefferson County, AL  Department Of Health",OTHER,,NEAR ROAD,,
2023-05-19,010732059,1,0.2,Parts per million,2,Arkadelphia/Near Road,24,100,42101,Carbon monoxide,093,INSTRUMENTAL - GAS FILTER CORRELATION CO ANALYZER,13820,"Birmingham-Hoover, AL",33.521427,-86.844112,MOBILE,183.726,MICROSCALE,0 M TO 100 M,SLAMS,"Jefferson County, AL  Department Of Health",OTHER,,NEAR ROAD,,
2023-05-20,010732059,1,0.1,Parts per million,1,Arkadelphia/Near Road,24,100,42101,Carbon monoxide,093,INSTRUMENTAL - GAS FILTER CORRELATION CO ANALYZER,13820,"Birmingham-Hoover, AL",33.521427,-86.844112,MOBILE,183.726,MICROSCALE,0 M TO 100 M,SLAMS,"Jefferson County, AL  Department Of Health",OTHER,,NEAR ROAD,,
2023-05-21,010732059,1,0.2,Parts per million,2,Arkadelphia/Near Road,24,100,42101,Carbon monoxide,093,INSTRUMENTAL - GAS FILTER CORRELATION CO ANALYZER,13820,"Birmingham-Hoover, AL",33.521427,-86.844112,MOBILE,183.726,MICROSCALE,0 M TO 100 M,SLAMS,"Jefferson County, AL  Department Of Health",OTHER,,NEAR ROAD,,
2023-05-22,010732059,1,0.2,Parts per million,2,Arkadelphia/Near Road,24,100,42101,Carbon monoxide,093,INSTRUMENTAL - GAS FILTER CORRELATION CO ANALYZER,13820,"Birmingham-Hoover, AL",33.521427,-86.844112,MOBILE,183.726,MICROSCALE,0 M TO 100 M,SLAMS,"Jefferson County, AL  Department Of Health",OTHER,,NEAR ROAD,,
2023-05-23,010732059,1,0.1,Parts per million,1,Arkadelphia/Near Road,18,75,42101,Carbon monoxide,093,INSTRUMENTAL - GAS FILTER CORRELATION CO ANALYZER,13820,"Birmingham-Hoover, AL",33.521427,-86.844112,MOBILE,183.726,MICROSCALE,0 M TO 100 M,SLAMS,"Jefferson County, AL  Department Of Health",OTHER,,NEAR ROAD,,
2023-05-24,010732059,1,0.4,Parts per million,5,Arkadelphia/Near Road,24,100,42101,Carbon monoxide,093,INSTRUMENTAL - GAS FILTER CORRELATION CO ANALYZER,13820,"Birmingham-Hoover, AL",33.521427,-86.844112,MOBILE,183.726,MICROSCALE,0 M TO 100 M,SLAMS,"Jefferson County, AL  Department Of Health",OTHER,,NEAR ROAD,,
2023-05-25,010732059,1,0.6,Parts per million,7,Arkadelphia/Near Road,24,100,42101,Carbon monoxide,093,INSTRUMENTAL - GAS FILTER CORRELATION CO ANALYZER,13820,"Birmingham-Hoover, AL",33.521427,-86.844112,MOBILE,183.726,MICROSCALE,0 M TO 100 M,SLAMS,"Jefferson County, AL  Department Of Health",OTHER,,NEAR ROAD,,
2023-05-26,010732059,1,0.3,Parts per million,3,Arkadelphia/Near Road,24,100,42101,Carbon monoxide,093,INSTRUMENTAL - GAS FILTER CORRELATION CO ANALYZER,13820,"Birmingham-Hoover, AL",33.521427,-86.844112,MOBILE,183.726,MICROSCALE,0 M TO 100 M,SLAMS,"Jefferson County, AL  Department Of Health",OTHER,,NEAR ROAD,,
2023-05-27,010732059,1,0.2,Parts per million,2,Arkadelphia/Near Road,24,100,42101,Carbon monoxide,093,INSTRUMENTAL - GAS FILTER CORRELATION CO ANALYZER,13820,"Birmingham-Hoover, AL",33.521427,-86.844112,MOBILE,183.726,MICROSCALE,0 M TO 100 M,SLAMS,"Jefferson County, AL  Department Of Health",OTHER,,NEAR ROAD,,
2023-05-28,010732059,1,0.2,Parts per million,2,Arkadelphia/Near Road,24,100,42101,Carbon monoxide,093,INSTRUMENTAL - GAS FILTER CORRELATION CO ANALYZER,13820,"Birmingham-Hoover, AL",33.521427,-86.844112,MOBILE,183.726,MICROSCALE,0 M TO 100 M,SLAMS,"Jefferson County, AL  Department Of Health",OTHER,,NEAR ROAD,,
2023-05-29,010732059,1,0,Parts per million,0,Arkadelphia/Near Road,24,100,42101,Carbon monoxide,093,INSTRUMENTAL - GAS FILTER CORRELATION CO ANALYZER,13820,"Birmingham-Hoover, AL",33.521427,-86.844112,MOBILE,183.726,MICROSCALE,0 M TO 100 M,SLAMS,"Jefferson County, AL  Department Of Health",OTHER,,NEAR ROAD,,
2023-05-30,010732059,1,0.2,Parts per million,2,Arkadelphia/Near Road,24,100,42101,Carbon monoxide,093,INSTRUMENTAL - GAS FILTER CORRELATION CO ANALYZER,13820,"Birmingham-Hoover, AL",33.521427,-86.844112,MOBILE,183.726,MICROSCALE,0 M TO 100 M,SLAMS,"Jefferson County, AL  Department Of Health",OTHER,,NEAR ROAD,,
2023-05-31,010732059,1,0.2,Parts per million,2,Arkadelphia/Near Road,18,75,42101,Carbon monoxide,093,INSTRUMENTAL - GAS FILTER CORRELATION CO ANALYZER,13820,"Birmingham-Hoover, AL",33.521427,-86.844112,MOBILE,183.726,MICROSCALE,0 M TO 100 M,SLAMS,"Jefferson County, AL  Department Of Health",OTHER,,NEAR ROAD,,
2023-06-01,010732059,1,0.1,Parts per million,1,Arkadelphia/Near Road,18,75,42101,Carbon monoxide,093,INSTRUMENTAL - GAS FILTER CORRELATION CO ANALYZER,13820,"Birmingham-Hoover, AL",33.521427,-86.844112,MOBILE,183.726,MICROSCALE,0 M TO 100 M,SLAMS,"Jefferson County, AL  Department Of Health",OTHER,,NEAR ROAD,,
2023-06-02,010732059,1,0.1,Parts per million,1,Arkadelphia/Near Road,24,100,42101,Carbon monoxide,093,INSTRUMENTAL - GAS FILTER CORRELATION CO ANALYZER,13820,"Birmingham-Hoover, AL",33.521427,-86.844112,MOBILE,183.726,MICROSCALE,0 M TO 100 M,SLAMS,"Jefferson County, AL  Department Of Health",OTHER,,NEAR ROAD,,
2023-06-03,010732059,1,0.2,Parts per million,2,Arkadelphia/Near Road,24,100,42101,Carbon monoxide,093,INSTRUMENTAL - GAS FILTER CORRELATION CO ANALYZER,13820,"Birmingham-Hoover, AL",33.521427,-86.844112,MOBILE,183.726,MICROSCALE,0 M TO 100 M,SLAMS,"Jefferson County, AL  Department Of Health",OTHER,,NEAR ROAD,,
2023-06-04,010732059,1,0.4,Parts per million,5,Arkadelphia/Near Road,24,100,42101,Carbon monoxide,093,INSTRUMENTAL - GAS FILTER CORRELATION CO ANALYZER,13820,"Birmingham-Hoover, AL",33.521427,-86.844112,MOBILE,183.726,MICROSCALE,0 M TO 100 M,SLAMS,"Jefferson County, AL  Department Of Health",OTHER,,NEAR ROAD,,
2023-06-05,010732059,1,0.4,Parts per million,5,Arkadelphia/Near Road,24,100,42101,Carbon monoxide,093,INSTRUMENTAL - GAS FILTER CORRELATION CO ANALYZER,13820,"Birmingham-Hoover, AL",33.521427,-86.844112,MOBILE,183.726,MICROSCALE,0 M TO 100 M,SLAMS,"Jefferson County, AL  Department Of Health",OTHER,,NEAR ROAD,,
2023-06-06,010732059,1,0.3,Parts per million,3,Arkadelphia/Near Road,24,100,42101,Carbon monoxide,093,INSTRUMENTAL - GAS FILTER CORRELATION CO ANALYZER,13820,"Birmingham-Hoover, AL",33.521427,-86.844112,MOBILE,183.726,MICROSCALE,0 M TO 100 M,SLAMS,"Jefferson County, AL  Department Of Health",OTHER,,NEAR ROAD,,
2023-06-07,010732059,1,0.2,Parts per million,2,Arkadelphia/Near Road,18,75,42101,Carbon monoxide,093,INSTRUMENTAL - GAS FILTER CORRELATION CO ANALYZER,13820,"Birmingham-Hoover, AL",33.521427,-86.844112,MOBILE,183.726,MICROSCALE,0 M TO 100 M,SLAMS,"Jefferson County, AL  Department Of Health",OTHER,,NEAR ROAD,,
2023-06-08,010732059,1,0.2,Parts per million,2,Arkadelphia/Near Road,24,100,42101,Carbon monoxide,093,INSTRUMENTAL - GAS FILTER CORRELATION CO ANALYZER,13820,"Birmingham-Hoover, AL",33.521427,-86.844112,MOBILE,183.726,MICROSCALE,0 M TO 100 M,SLAMS,"Jefferson County, AL  Department Of Health",OTHER,,NEAR ROAD,,
2023-06-09,010732059,1,0.3,Parts per million,3,Arkadelphia/Near Road,24,100,42101,Carbon monoxide,093,INSTRUMENTAL - GAS FILTER CORRELATION CO ANALYZER,13820,"Birmingham-Hoover, AL",33.521427,-86.844112,MOBILE,183.726,MICROSCALE,0 M TO 100 M,SLAMS,"Jefferson County, AL  Department Of Health",OTHER,,NEAR ROAD,,
2023-06-10,010732059,1,0.6,Parts per million,7,Arkadelphia/Near Road,24,100,42101,Carbon monoxide,093,INSTRUMENTAL - GAS FILTER CORRELATION CO ANALYZER,13820,"Birmingham-Hoover, AL",33.521427,-86.844112,MOBILE,183.726,MICROSCALE,0 M TO 100 M,SLAMS,"Jefferson County, AL  Department Of Health",OTHER,,NEAR ROAD,,
2023-06-11,010732059,1,0.2,Parts per million,2,Arkadelphia/Near Road,24,100,42101,Carbon monoxide,093,INSTRUMENTAL - GAS FILTER CORRELATION CO ANALYZER,13820,"Birmingham-Hoover, AL",33.521427,-86.844112,MOBILE,183.726,MICROSCALE,0 M TO 100 M,SLAMS,"Jefferson County, AL  Department Of Health",OTHER,,NEAR ROAD,,
2023-06-12,010732059,1,0.1,Parts per million,1,Arkadelphia/Near Road,24,100,42101,Carbon monoxide,093,INSTRUMENTAL - GAS FILTER CORRELATION CO ANALYZER,13820,"Birmingham-Hoover, AL",33.521427,-86.844112,MOBILE,183.726,MICROSCALE,0 M TO 100 M,SLAMS,"Jefferson County, AL  Department Of Health",OTHER,,NEAR ROAD,,
2023-06-13,010732059,1,0.1,Parts per million,1,Arkadelphia/Near Road,24,100,42101,Carbon monoxide,093,INSTRUMENTAL - GAS FILTER CORRELATION CO ANALYZER,13820,"Birmingham-Hoover, AL",33.521427,-86.844112,MOBILE,183.726,MICROSCALE,0 M TO 100 M,SLAMS,"Jefferson County, AL  Department Of Health",OTHER,,NEAR ROAD,,
2023-06-14,010732059,1,0.2,Parts per million,2,Arkadelphia/Near Road,14,58,42101,Carbon monoxide,093,INSTRUMENTAL - GAS FILTER CORRELATION CO ANALYZER,13820,"Birmingham-Hoover, AL",33.521427,-86.844112,MOBILE,183.726,MICROSCALE,0 M TO 100 M,SLAMS,"Jefferson County, AL  Department Of Health",OTHER,,NEAR ROAD,,
2023-06-15,010732059,1,0.2,Parts per million,2,Arkadelphia/Near Road,18,75,42101,Carbon monoxide,093,INSTRUMENTAL - GAS FILTER CORRELATION CO ANALYZER,13820,"Birmingham-Hoover, AL",33.521427,-86.844112,MOBILE,183.726,MICROSCALE,0 M TO 100 M,SLAMS,"Jefferson County, AL  Department Of Health",OTHER,,NEAR ROAD,,
2023-06-16,010732059,1,0.2,Parts per million,2,Arkadelphia/Near Road,24,100,42101,Carbon monoxide,093,INSTRUMENTAL - GAS FILTER CORRELATION CO ANALYZER,13820,"Birmingham-Hoover, AL",33.521427,-86.844112,MOBILE,183.726,MICROSCALE,0 M TO 100 M,SLAMS,"Jefferson County, AL  Department Of Health",OTHER,,NEAR ROAD,,
2023-06-17,010732059,1,0.7,Parts per million,8,Arkadelphia/Near Road,24,100,42101,Carbon monoxide,093,INSTRUMENTAL - GAS FILTER CORRELATION CO ANALYZER,13820,"Birmingham-Hoover, AL",33.521427,-86.844112,MOBILE,183.726,MICROSCALE,0 M TO 100 M,SLAMS,"Jefferson County, AL  Department Of Health",OTHER,,NEAR ROAD,,
2023-06-18,010732059,1,0.8,Parts per million,9,Arkadelphia/Near Road,24,100,42101,Carbon monoxide,093,INSTRUMENTAL - GAS FILTER CORRELATION CO ANALYZER,13820,"Birmingham-Hoover, AL",33.521427,-86.844112,MOBILE,183.726,MICROSCALE,0 M TO 100 M,SLAMS,"Jefferson County, AL  Department Of Health",OTHER,,NEAR ROAD,,
2023-06-19,010732059,1,0.2,Parts per million,2,Arkadelphia/Near Road,24,100,42101,Carbon monoxide,093,INSTRUMENTAL - GAS FILTER CORRELATION CO ANALYZER,13820,"Birmingham-Hoover, AL",33.521427,-86.844112,MOBILE,183.726,MICROSCALE,0 M TO 100 M,SLAMS,"Jefferson County, AL  Department Of Health",OTHER,,NEAR ROAD,,
2023-06-20,010732059,1,0.3,Parts per million,3,Arkadelphia/Near Road,24,100,42101,Carbon monoxide,093,INSTRUMENTAL - GAS FILTER CORRELATION CO ANALYZER,13820,"Birmingham-Hoover, AL",33.521427,-86.844112,MOBILE,183.726,MICROSCALE,0 M TO 100 M,SLAMS,"Jefferson County, AL  Department Of Health",OTHER,,NEAR ROAD,,
2023-06-21,010732059,1,0.2,Parts per million,2,Arkadelphia/Near Road,8,33,42101,Carbon monoxide,093,INSTRUMENTAL - GAS FILTER CORRELATION CO ANALYZER,13820,"Birmingham-Hoover, AL",33.521427,-86.844112,MOBILE,183.726,MICROSCALE,0 M TO 100 M,SLAMS,"Jefferson County, AL  Department Of Health",OTHER,,NEAR ROAD,,
2023-06-28,010732059,1,0.3,Parts per million,3,Arkadelphia/Near Road,5,21,42101,Carbon monoxide,093,INSTRUMENTAL - GAS FILTER CORRELATION CO ANALYZER,13820,"Birmingham-Hoover, AL",33.521427,-86.844112,MOBILE,183.726,MICROSCALE,0 M TO 100 M,SLAMS,"Jefferson County, AL  Department Of Health",OTHER,,NEAR ROAD,,
2023-06-29,010732059,1,0.5,Parts per million,6,Arkadelphia/Near Road,18,75,42101,Carbon monoxide,093,INSTRUMENTAL - GAS FILTER CORRELATION CO ANALYZER,13820,"Birmingham-Hoover, AL",33.521427,-86.844112,MOBILE,183.726,MICROSCALE,0 M TO 100 M,SLAMS,"Jefferson County, AL  Department Of Health",OTHER,,NEAR ROAD,,
2023-06-30,010732059,1,0.5,Parts per million,6,Arkadelphia/Near Road,24,100,42101,Carbon monoxide,093,INSTRUMENTAL - GAS FILTER CORRELATION CO ANALYZER,13820,"Birmingham-Hoover, AL",33.521427,-86.844112,MOBILE,183.726,MICROSCALE,0 M TO 100 M,SLAMS,"Jefferson County, AL  Department Of Health",OTHER,,NEAR ROAD,,
2023-07-01,010732059,1,0.3,Parts per million,3,Arkadelphia/Near Road,24,100,42101,Carbon monoxide,093,INSTRUMENTAL - GAS FILTER CORRELATION CO ANALYZER,13820,"Birmingham-Hoover, AL",33.521427,-86.844112,MOBILE,183.726,MICROSCALE,0 M TO 100 M,SLAMS,"Jefferson County, AL  Department Of Health",OTHER,,NEAR ROAD,,
2023-07-02,010732059,1,0.2,Parts per million,2,Arkadelphia/Near Road,24,100,42101,Carbon monoxide,093,INSTRUMENTAL - GAS FILTER CORRELATION CO ANALYZER,13820,"Birmingham-Hoover, AL",33.521427,-86.844112,MOBILE,183.726,MICROSCALE,0 M TO 100 M,SLAMS,"Jefferson County, AL  Department Of Health",OTHER,,NEAR ROAD,,
2023-07-03,010732059,1,0.2,Parts per million,2,Arkadelphia/Near Road,24,100,42101,Carbon monoxide,093,INSTRUMENTAL - GAS FILTER CORRELATION CO ANALYZER,13820,"Birmingham-Hoover, AL",33.521427,-86.844112,MOBILE,183.726,MICROSCALE,0 M TO 100 M,SLAMS,"Jefferson County, AL  Department Of Health",OTHER,,NEAR ROAD,,
2023-07-04,010732059,1,0.4,Parts per million,5,Arkadelphia/Near Road,24,100,42101,Carbon monoxide,093,INSTRUMENTAL - GAS FILTER CORRELATION CO ANALYZER,13820,"Birmingham-Hoover, AL",33.521427,-86.844112,MOBILE,183.726,MICROSCALE,0 M TO 100 M,SLAMS,"Jefferson County, AL  Department Of Health",OTHER,,NEAR ROAD,,
2023-07-05,010732059,1,0.3,Parts per million,3,Arkadelphia/Near Road,24,100,42101,Carbon monoxide,093,INSTRUMENTAL - GAS FILTER CORRELATION CO ANALYZER,13820,"Birmingham-Hoover, AL",33.521427,-86.844112,MOBILE,183.726,MICROSCALE,0 M TO 100 M,SLAMS,"Jefferson County, AL  Department Of Health",OTHER,,NEAR ROAD,,
2023-07-06,010732059,1,0.2,Parts per million,2,Arkadelphia/Near Road,24,100,42101,Carbon monoxide,093,INSTRUMENTAL - GAS FILTER CORRELATION CO ANALYZER,13820,"Birmingham-Hoover, AL",33.521427,-86.844112,MOBILE,183.726,MICROSCALE,0 M TO 100 M,SLAMS,"Jefferson County, AL  Department Of Health",OTHER,,NEAR ROAD,,
2023-07-07,010732059,1,0.1,Parts per million,1,Arkadelphia/Near Road,24,100,42101,Carbon monoxide,093,INSTRUMENTAL - GAS FILTER CORRELATION CO ANALYZER,13820,"Birmingham-Hoover, AL",33.521427,-86.844112,MOBILE,183.726,MICROSCALE,0 M TO 100 M,SLAMS,"Jefferson County, AL  Department Of Health",OTHER,,NEAR ROAD,,
2023-07-08,010732059,1,0.2,Parts per million,2,Arkadelphia/Near Road,24,100,42101,Carbon monoxide,093,INSTRUMENTAL - GAS FILTER CORRELATION CO ANALYZER,13820,"Birmingham-Hoover, AL",33.521427,-86.844112,MOBILE,183.726,MICROSCALE,0 M TO 100 M,SLAMS,"Jefferson County, AL  Department Of Health",OTHER,,NEAR ROAD,,
2023-07-09,010732059,1,0.2,Parts per million,2,Arkadelphia/Near Road,24,100,42101,Carbon monoxide,093,INSTRUMENTAL - GAS FILTER CORRELATION CO ANALYZER,13820,"Birmingham-Hoover, AL",33.521427,-86.844112,MOBILE,183.726,MICROSCALE,0 M TO 100 M,SLAMS,"Jefferson County, AL  Department Of Health",OTHER,,NEAR ROAD,,
2023-07-10,010732059,1,0.1,Parts per million,1,Arkadelphia/Near Road,24,100,42101,Carbon monoxide,093,INSTRUMENTAL - GAS FILTER CORRELATION CO ANALYZER,13820,"Birmingham-Hoover, AL",33.521427,-86.844112,MOBILE,183.726,MICROSCALE,0 M TO 100 M,SLAMS,"Jefferson County, AL  Department Of Health",OTHER,,NEAR ROAD,,
2023-07-11,010732059,1,0.4,Parts per million,5,Arkadelphia/Near Road,24,100,42101,Carbon monoxide,093,INSTRUMENTAL - GAS FILTER CORRELATION CO ANALYZER,13820,"Birmingham-Hoover, AL",33.521427,-86.844112,MOBILE,183.726,MICROSCALE,0 M TO 100 M,SLAMS,"Jefferson County, AL  Department Of Health",OTHER,,NEAR ROAD,,
2023-07-12,010732059,1,0.5,Parts per million,6,Arkadelphia/Near Road,9,38,42101,Carbon monoxide,093,INSTRUMENTAL - GAS FILTER CORRELATION CO ANALYZER,13820,"Birmingham-Hoover, AL",33.521427,-86.844112,MOBILE,183.726,MICROSCALE,0 M TO 100 M,SLAMS,"Jefferson County, AL  Department Of Health",OTHER,,NEAR ROAD,,
2023-07-19,010732059,1,0.2,Parts per million,2,Arkadelphia/Near Road,4,17,42101,Carbon monoxide,093,INSTRUMENTAL - GAS FILTER CORRELATION CO ANALYZER,13820,"Birmingham-Hoover, AL",33.521427,-86.844112,MOBILE,183.726,MICROSCALE,0 M TO 100 M,SLAMS,"Jefferson County, AL  Department Of Health",OTHER,,NEAR ROAD,,
2023-07-20,010732059,1,0.3,Parts per million,3,Arkadelphia/Near Road,24,100,42101,Carbon monoxide,093,INSTRUMENTAL - GAS FILTER CORRELATION CO ANALYZER,13820,"Birmingham-Hoover, AL",33.521427,-86.844112,MOBILE,183.726,MICROSCALE,0 M TO 100 M,SLAMS,"Jefferson County, AL  Department Of Health",OTHER,,NEAR ROAD,,
2023-07-21,010732059,1,0.3,Parts per million,3,Arkadelphia/Near Road,24,100,42101,Carbon monoxide,093,INSTRUMENTAL - GAS FILTER CORRELATION CO ANALYZER,13820,"Birmingham-Hoover, AL",33.521427,-86.844112,MOBILE,183.726,MICROSCALE,0 M TO 100 M,SLAMS,"Jefferson County, AL  Department Of Health",OTHER,,NEAR ROAD,,
2023-07-22,010732059,1,0.1,Parts per million,1,Arkadelphia/Near Road,24,100,42101,Carbon monoxide,093,INSTRUMENTAL - GAS FILTER CORRELATION CO ANALYZER,13820,"Birmingham-Hoover, AL",33.521427,-86.844112,MOBILE,183.726,MICROSCALE,0 M TO 100 M,SLAMS,"Jefferson County, AL  Department Of Health",OTHER,,NEAR ROAD,,
2023-07-23,010732059,1,0.3,Parts per million,3,Arkadelphia/Near Road,24,100,42101,Carbon monoxide,093,INSTRUMENTAL - GAS FILTER CORRELATION CO ANALYZER,13820,"Birmingham-Hoover, AL",33.521427,-86.844112,MOBILE,183.726,MICROSCALE,0 M TO 100 M,SLAMS,"Jefferson County, AL  Department Of Health",OTHER,,NEAR ROAD,,
2023-07-24,010732059,1,0.2,Parts per million,2,Arkadelphia/Near Road,24,100,42101,Carbon monoxide,093,INSTRUMENTAL - GAS FILTER CORRELATION CO ANALYZER,13820,"Birmingham-Hoover, AL",33.521427,-86.844112,MOBILE,183.726,MICROSCALE,0 M TO 100 M,SLAMS,"Jefferson County, AL  Department Of Health",OTHER,,NEAR ROAD,,
2023-07-25,010732059,1,0.4,Parts per million,5,Arkadelphia/Near Road,24,100,42101,Carbon monoxide,093,INSTRUMENTAL - GAS FILTER CORRELATION CO ANALYZER,13820,"Birmingham-Hoover, AL",33.521427,-86.844112,MOBILE,183.726,MICROSCALE,0 M TO 100 M,SLAMS,"Jefferson County, AL  Department Of Health",OTHER,,NEAR ROAD,,
2023-07-26,010732059,1,0.4,Parts per million,5,Arkadelphia/Near Road,16,67,42101,Carbon monoxide,093,INSTRUMENTAL - GAS FILTER CORRELATION CO ANALYZER,13820,"Birmingham-Hoover, AL",33.521427,-86.844112,MOBILE,183.726,MICROSCALE,0 M TO 100 M,SLAMS,"Jefferson County, AL  Department Of Health",OTHER,,NEAR ROAD,,
2023-07-27,010732059,1,0.7,Parts per million,8,Arkadelphia/Near Road,17,71,42101,Carbon monoxide,093,INSTRUMENTAL - GAS FILTER CORRELATION CO ANALYZER,13820,"Birmingham-Hoover, AL",33.521427,-86.844112,MOBILE,183.726,MICROSCALE,0 M TO 100 M,SLAMS,"Jefferson County, AL  Department Of Health",OTHER,,NEAR ROAD,,
2023-07-28,010732059,1,0.7,Parts per million,8,Arkadelphia/Near Road,24,100,42101,Carbon monoxide,093,INSTRUMENTAL - GAS FILTER CORRELATION CO ANALYZER,13820,"Birmingham-Hoover, AL",33.521427,-86.844112,MOBILE,183.726,MICROSCALE,0 M TO 100 M,SLAMS,"Jefferson County, AL  Department Of Health",OTHER,,NEAR ROAD,,
2023-07-29,010732059,1,0.6,Parts per million,7,Arkadelphia/Near Road,24,100,42101,Carbon monoxide,093,INSTRUMENTAL - GAS FILTER CORRELATION CO ANALYZER,13820,"Birmingham-Hoover, AL",33.521427,-86.844112,MOBILE,183.726,MICROSCALE,0 M TO 100 M,SLAMS,"Jefferson County, AL  Department Of Health",OTHER,,NEAR ROAD,,
2023-07-30,010732059,1,0.5,Parts per million,6,Arkadelphia/Near Road,24,100,42101,Carbon monoxide,093,INSTRUMENTAL - GAS FILTER CORRELATION CO ANALYZER,13820,"Birmingham-Hoover, AL",33.521427,-86.844112,MOBILE,183.726,MICROSCALE,0 M TO 100 M,SLAMS,"Jefferson County, AL  Department Of Health",OTHER,,NEAR ROAD,,
2023-07-31,010732059,1,0.5,Parts per million,6,Arkadelphia/Near Road,24,100,42101,Carbon monoxide,093,INSTRUMENTAL - GAS FILTER CORRELATION CO ANALYZER,13820,"Birmingham-Hoover, AL",33.521427,-86.844112,MOBILE,183.726,MICROSCALE,0 M TO 100 M,SLAMS,"Jefferson County, AL  Department Of Health",OTHER,,NEAR ROAD,,
2023-08-01,010732059,1,0.1,Parts per million,1,Arkadelphia/Near Road,24,100,42101,Carbon monoxide,093,INSTRUMENTAL - GAS FILTER CORRELATION CO ANALYZER,13820,"Birmingham-Hoover, AL",33.521427,-86.844112,MOBILE,183.726,MICROSCALE,0 M TO 100 M,SLAMS,"Jefferson County, AL  Department Of Health",OTHER,,NEAR ROAD,,
2023-08-02,010732059,1,0.2,Parts per million,2,Arkadelphia/Near Road,24,100,42101,Carbon monoxide,093,INSTRUMENTAL - GAS FILTER CORRELATION CO ANALYZER,13820,"Birmingham-Hoover, AL",33.521427,-86.844112,MOBILE,183.726,MICROSCALE,0 M TO 100 M,SLAMS,"Jefferson County, AL  Department Of Health",OTHER,,NEAR ROAD,,
2023-08-03,010732059,1,0.4,Parts per million,5,Arkadelphia/Near Road,24,100,42101,Carbon monoxide,093,INSTRUMENTAL - GAS FILTER CORRELATION CO ANALYZER,13820,"Birmingham-Hoover, AL",33.521427,-86.844112,MOBILE,183.726,MICROSCALE,0 M TO 100 M,SLAMS,"Jefferson County, AL  Department Of Health",OTHER,,NEAR ROAD,,
2023-08-04,010732059,1,0.3,Parts per million,3,Arkadelphia/Near Road,24,100,42101,Carbon monoxide,093,INSTRUMENTAL - GAS FILTER CORRELATION CO ANALYZER,13820,"Birmingham-Hoover, AL",33.521427,-86.844112,MOBILE,183.726,MICROSCALE,0 M TO 100 M,SLAMS,"Jefferson County, AL  Department Of Health",OTHER,,NEAR ROAD,,
2023-08-05,010732059,1,0.3,Parts per million,3,Arkadelphia/Near Road,24,100,42101,Carbon monoxide,093,INSTRUMENTAL - GAS FILTER CORRELATION CO ANALYZER,13820,"Birmingham-Hoover, AL",33.521427,-86.844112,MOBILE,183.726,MICROSCALE,0 M TO 100 M,SLAMS,"Jefferson County, AL  Department Of Health",OTHER,,NEAR ROAD,,
2023-08-06,010732059,1,0.3,Parts per million,3,Arkadelphia/Near Road,24,100,42101,Carbon monoxide,093,INSTRUMENTAL - GAS FILTER CORRELATION CO ANALYZER,13820,"Birmingham-Hoover, AL",33.521427,-86.844112,MOBILE,183.726,MICROSCALE,0 M TO 100 M,SLAMS,"Jefferson County, AL  Department Of Health",OTHER,,NEAR ROAD,,
2023-08-07,010732059,1,0.3,Parts per million,3,Arkadelphia/Near Road,24,100,42101,Carbon monoxide,093,INSTRUMENTAL - GAS FILTER CORRELATION CO ANALYZER,13820,"Birmingham-Hoover, AL",33.521427,-86.844112,MOBILE,183.726,MICROSCALE,0 M TO 100 M,SLAMS,"Jefferson County, AL  Department Of Health",OTHER,,NEAR ROAD,,
2023-08-08,010732059,1,0.4,Parts per million,5,Arkadelphia/Near Road,24,100,42101,Carbon monoxide,093,INSTRUMENTAL - GAS FILTER CORRELATION CO ANALYZER,13820,"Birmingham-Hoover, AL",33.521427,-86.844112,MOBILE,183.726,MICROSCALE,0 M TO 100 M,SLAMS,"Jefferson County, AL  Department Of Health",OTHER,,NEAR ROAD,,
2023-08-09,010732059,1,0.4,Parts per million,5,Arkadelphia/Near Road,18,75,42101,Carbon monoxide,093,INSTRUMENTAL - GAS FILTER CORRELATION CO ANALYZER,13820,"Birmingham-Hoover, AL",33.521427,-86.844112,MOBILE,183.726,MICROSCALE,0 M TO 100 M,SLAMS,"Jefferson County, AL  Department Of Health",OTHER,,NEAR ROAD,,
2023-08-10,010732059,1,0.4,Parts per million,5,Arkadelphia/Near Road,18,75,42101,Carbon monoxide,093,INSTRUMENTAL - GAS FILTER CORRELATION CO ANALYZER,13820,"Birmingham-Hoover, AL",33.521427,-86.844112,MOBILE,183.726,MICROSCALE,0 M TO 100 M,SLAMS,"Jefferson County, AL  Department Of Health",OTHER,,NEAR ROAD,,
2023-08-11,010732059,1,0.4,Parts per million,5,Arkadelphia/Near Road,24,100,42101,Carbon monoxide,093,INSTRUMENTAL - GAS FILTER CORRELATION CO ANALYZER,13820,"Birmingham-Hoover, AL",33.521427,-86.844112,MOBILE,183.726,MICROSCALE,0 M TO 100 M,SLAMS,"Jefferson County, AL  Department Of Health",OTHER,,NEAR ROAD,,
2023-08-12,010732059,1,0.5,Parts per million,6,Arkadelphia/Near Road,24,100,42101,Carbon monoxide,093,INSTRUMENTAL - GAS FILTER CORRELATION CO ANALYZER,13820,"Birmingham-Hoover, AL",33.521427,-86.844112,MOBILE,183.726,MICROSCALE,0 M TO 100 M,SLAMS,"Jefferson County, AL  Department Of Health",OTHER,,NEAR ROAD,,
2023-08-13,010732059,1,0.4,Parts per million,5,Arkadelphia/Near Road,24,100,42101,Carbon monoxide,093,INSTRUMENTAL - GAS FILTER CORRELATION CO ANALYZER,13820,"Birmingham-Hoover, AL",33.521427,-86.844112,MOBILE,183.726,MICROSCALE,0 M TO 100 M,SLAMS,"Jefferson County, AL  Department Of Health",OTHER,,NEAR ROAD,,
2023-08-14,010732059,1,0.3,Parts per million,3,Arkadelphia/Near Road,24,100,42101,Carbon monoxide,093,INSTRUMENTAL - GAS FILTER CORRELATION CO ANALYZER,13820,"Birmingham-Hoover, AL",33.521427,-86.844112,MOBILE,183.726,MICROSCALE,0 M TO 100 M,SLAMS,"Jefferson County, AL  Department Of Health",OTHER,,NEAR ROAD,,
2023-08-15,010732059,1,0.2,Parts per million,2,Arkadelphia/Near Road,24,100,42101,Carbon monoxide,093,INSTRUMENTAL - GAS FILTER CORRELATION CO ANALYZER,13820,"Birmingham-Hoover, AL",33.521427,-86.844112,MOBILE,183.726,MICROSCALE,0 M TO 100 M,SLAMS,"Jefferson County, AL  Department Of Health",OTHER,,NEAR ROAD,,
2023-08-16,010732059,1,0.2,Parts per million,2,Arkadelphia/Near Road,24,100,42101,Carbon monoxide,093,INSTRUMENTAL - GAS FILTER CORRELATION CO ANALYZER,13820,"Birmingham-Hoover, AL",33.521427,-86.844112,MOBILE,183.726,MICROSCALE,0 M TO 100 M,SLAMS,"Jefferson County, AL  Department Of Health",OTHER,,NEAR ROAD,,
2023-08-17,010732059,1,0.4,Parts per million,5,Arkadelphia/Near Road,24,100,42101,Carbon monoxide,093,INSTRUMENTAL - GAS FILTER CORRELATION CO ANALYZER,13820,"Birmingham-Hoover, AL",33.521427,-86.844112,MOBILE,183.726,MICROSCALE,0 M TO 100 M,SLAMS,"Jefferson County, AL  Department Of Health",OTHER,,NEAR ROAD,,
2023-08-18,010732059,1,0.5,Parts per million,6,Arkadelphia/Near Road,24,100,42101,Carbon monoxide,093,INSTRUMENTAL - GAS FILTER CORRELATION CO ANALYZER,13820,"Birmingham-Hoover, AL",33.521427,-86.844112,MOBILE,183.726,MICROSCALE,0 M TO 100 M,SLAMS,"Jefferson County, AL  Department Of Health",OTHER,,NEAR ROAD,,
2023-08-19,010732059,1,0.2,Parts per million,2,Arkadelphia/Near Road,24,100,42101,Carbon monoxide,093,INSTRUMENTAL - GAS FILTER CORRELATION CO ANALYZER,13820,"Birmingham-Hoover, AL",33.521427,-86.844112,MOBILE,183.726,MICROSCALE,0 M TO 100 M,SLAMS,"Jefferson County, AL  Department Of Health",OTHER,,NEAR ROAD,,
2023-08-20,010732059,1,0.3,Parts per million,3,Arkadelphia/Near Road,24,100,42101,Carbon monoxide,093,INSTRUMENTAL - GAS FILTER CORRELATION CO ANALYZER,13820,"Birmingham-Hoover, AL",33.521427,-86.844112,MOBILE,183.726,MICROSCALE,0 M TO 100 M,SLAMS,"Jefferson County, AL  Department Of Health",OTHER,,NEAR ROAD,,
2023-08-21,010732059,1,0.3,Parts per million,3,Arkadelphia/Near Road,24,100,42101,Carbon monoxide,093,INSTRUMENTAL - GAS FILTER CORRELATION CO ANALYZER,13820,"Birmingham-Hoover, AL",33.521427,-86.844112,MOBILE,183.726,MICROSCALE,0 M TO 100 M,SLAMS,"Jefferson County, AL  Department Of Health",OTHER,,NEAR ROAD,,
2023-08-22,010732059,1,0.3,Parts per million,3,Arkadelphia/Near Road,24,100,42101,Carbon monoxide,093,INSTRUMENTAL - GAS FILTER CORRELATION CO ANALYZER,13820,"Birmingham-Hoover, AL",33.521427,-86.844112,MOBILE,183.726,MICROSCALE,0 M TO 100 M,SLAMS,"Jefferson County, AL  Department Of Health",OTHER,,NEAR ROAD,,
2023-08-23,010732059,1,0.2,Parts per million,2,Arkadelphia/Near Road,24,100,42101,Carbon monoxide,093,INSTRUMENTAL - GAS FILTER CORRELATION CO ANALYZER,13820,"Birmingham-Hoover, AL",33.521427,-86.844112,MOBILE,183.726,MICROSCALE,0 M TO 100 M,SLAMS,"Jefferson County, AL  Department Of Health",OTHER,,NEAR ROAD,,
2023-08-24,010732059,1,0.4,Parts per million,5,Arkadelphia/Near Road,18,75,42101,Carbon monoxide,093,INSTRUMENTAL - GAS FILTER CORRELATION CO ANALYZER,13820,"Birmingham-Hoover, AL",33.521427,-86.844112,MOBILE,183.726,MICROSCALE,0 M TO 100 M,SLAMS,"Jefferson County, AL  Department Of Health",OTHER,,NEAR ROAD,,
2023-08-25,010732059,1,0.4,Parts per million,5,Arkadelphia/Near Road,24,100,42101,Carbon monoxide,093,INSTRUMENTAL - GAS FILTER CORRELATION CO ANALYZER,13820,"Birmingham-Hoover, AL",33.521427,-86.844112,MOBILE,183.726,MICROSCALE,0 M TO 100 M,SLAMS,"Jefferson County, AL  Department Of Health",OTHER,,NEAR ROAD,,
2023-08-26,010732059,1,0.7,Parts per million,8,Arkadelphia/Near Road,24,100,42101,Carbon monoxide,093,INSTRUMENTAL - GAS FILTER CORRELATION CO ANALYZER,13820,"Birmingham-Hoover, AL",33.521427,-86.844112,MOBILE,183.726,MICROSCALE,0 M TO 100 M,SLAMS,"Jefferson County, AL  Department Of Health",OTHER,,NEAR ROAD,,
2023-08-27,010732059,1,0.2,Parts per million,2,Arkadelphia/Near Road,24,100,42101,Carbon monoxide,093,INSTRUMENTAL - GAS FILTER CORRELATION CO ANALYZER,13820,"Birmingham-Hoover, AL",33.521427,-86.844112,MOBILE,183.726,MICROSCALE,0 M TO 100 M,SLAMS,"Jefferson County, AL  Department Of Health",OTHER,,NEAR ROAD,,
2023-08-28,010732059,1,0.2,Parts per million,2,Arkadelphia/Near Road,24,100,42101,Carbon monoxide,093,INSTRUMENTAL - GAS FILTER CORRELATION CO ANALYZER,13820,"Birmingham-Hoover, AL",33.521427,-86.844112,MOBILE,183.726,MICROSCALE,0 M TO 100 M,SLAMS,"Jefferson County, AL  Department Of Health",OTHER,,NEAR ROAD,,
2023-08-29,010732059,1,0.2,Parts per million,2,Arkadelphia/Near Road,24,100,42101,Carbon monoxide,093,INSTRUMENTAL - GAS FILTER CORRELATION CO ANALYZER,13820,"Birmingham-Hoover, AL",33.521427,-86.844112,MOBILE,183.726,MICROSCALE,0 M TO 100 M,SLAMS,"Jefferson County, AL  Department Of Health",OTHER,,NEAR ROAD,,
2023-08-30,010732059,1,0.1,Parts per million,1,Arkadelphia/Near Road,18,75,42101,Carbon monoxide,093,INSTRUMENTAL - GAS FILTER CORRELATION CO ANALYZER,13820,"Birmingham-Hoover, AL",33.521427,-86.844112,MOBILE,183.726,MICROSCALE,0 M TO 100 M,SLAMS,"Jefferson County, AL  Department Of Health",OTHER,,NEAR ROAD,,
2023-08-31,010732059,1,0.1,Parts per million,1,Arkadelphia/Near Road,24,100,42101,Carbon monoxide,093,INSTRUMENTAL - GAS FILTER CORRELATION CO ANALYZER,13820,"Birmingham-Hoover, AL",33.521427,-86.844112,MOBILE,183.726,MICROSCALE,0 M TO 100 M,SLAMS,"Jefferson County, AL  Department Of Health",OTHER,,NEAR ROAD,,
2023-09-01,010732059,1,0.2,Parts per million,2,Arkadelphia/Near Road,24,100,42101,Carbon monoxide,093,INSTRUMENTAL - GAS FILTER CORRELATION CO ANALYZER,13820,"Birmingham-Hoover, AL",33.521427,-86.844112,MOBILE,183.726,MICROSCALE,0 M TO 100 M,SLAMS,"Jefferson County, AL  Department Of Health",OTHER,,NEAR ROAD,,
2023-09-02,010732059,1,0.4,Parts per million,5,Arkadelphia/Near Road,24,100,42101,Carbon monoxide,093,INSTRUMENTAL - GAS FILTER CORRELATION CO ANALYZER,13820,"Birmingham-Hoover, AL",33.521427,-86.844112,MOBILE,183.726,MICROSCALE,0 M TO 100 M,SLAMS,"Jefferson County, AL  Department Of Health",OTHER,,NEAR ROAD,,
2023-09-03,010732059,1,0.4,Parts per million,5,Arkadelphia/Near Road,24,100,42101,Carbon monoxide,093,INSTRUMENTAL - GAS FILTER CORRELATION CO ANALYZER,13820,"Birmingham-Hoover, AL",33.521427,-86.844112,MOBILE,183.726,MICROSCALE,0 M TO 100 M,SLAMS,"Jefferson County, AL  Department Of Health",OTHER,,NEAR ROAD,,
2023-09-04,010732059,1,0.5,Parts per million,6,Arkadelphia/Near Road,24,100,42101,Carbon monoxide,093,INSTRUMENTAL - GAS FILTER CORRELATION CO ANALYZER,13820,"Birmingham-Hoover, AL",33.521427,-86.844112,MOBILE,183.726,MICROSCALE,0 M TO 100 M,SLAMS,"Jefferson County, AL  Department Of Health",OTHER,,NEAR ROAD,,
2023-09-05,010732059,1,0.4,Parts per million,5,Arkadelphia/Near Road,24,100,42101,Carbon monoxide,093,INSTRUMENTAL - GAS FILTER CORRELATION CO ANALYZER,13820,"Birmingham-Hoover, AL",33.521427,-86.844112,MOBILE,183.726,MICROSCALE,0 M TO 100 M,SLAMS,"Jefferson County, AL  Department Of Health",OTHER,,NEAR ROAD,,
2023-09-06,010732059,1,0.4,Parts per million,5,Arkadelphia/Near Road,24,100,42101,Carbon monoxide,093,INSTRUMENTAL - GAS FILTER CORRELATION CO ANALYZER,13820,"Birmingham-Hoover, AL",33.521427,-86.844112,MOBILE,183.726,MICROSCALE,0 M TO 100 M,SLAMS,"Jefferson County, AL  Department Of Health",OTHER,,NEAR ROAD,,
2023-09-07,010732059,1,0.2,Parts per million,2,Arkadelphia/Near Road,15,63,42101,Carbon monoxide,093,INSTRUMENTAL - GAS FILTER CORRELATION CO ANALYZER,13820,"Birmingham-Hoover, AL",33.521427,-86.844112,MOBILE,183.726,MICROSCALE,0 M TO 100 M,SLAMS,"Jefferson County, AL  Department Of Health",OTHER,,NEAR ROAD,,
2023-09-08,010732059,1,0.3,Parts per million,3,Arkadelphia/Near Road,13,54,42101,Carbon monoxide,093,INSTRUMENTAL - GAS FILTER CORRELATION CO ANALYZER,13820,"Birmingham-Hoover, AL",33.521427,-86.844112,MOBILE,183.726,MICROSCALE,0 M TO 100 M,SLAMS,"Jefferson County, AL  Department Of Health",OTHER,,NEAR ROAD,,
2023-09-09,010732059,1,0.2,Parts per million,2,Arkadelphia/Near Road,24,100,42101,Carbon monoxide,093,INSTRUMENTAL - GAS FILTER CORRELATION CO ANALYZER,13820,"Birmingham-Hoover, AL",33.521427,-86.844112,MOBILE,183.726,MICROSCALE,0 M TO 100 M,SLAMS,"Jefferson County, AL  Department Of Health",OTHER,,NEAR ROAD,,
2023-09-10,010732059,1,0.1,Parts per million,1,Arkadelphia/Near Road,24,100,42101,Carbon monoxide,093,INSTRUMENTAL - GAS FILTER CORRELATION CO ANALYZER,13820,"Birmingham-Hoover, AL",33.521427,-86.844112,MOBILE,183.726,MICROSCALE,0 M TO 100 M,SLAMS,"Jefferson County, AL  Department Of Health",OTHER,,NEAR ROAD,,
2023-09-11,010732059,1,0.3,Parts per million,3,Arkadelphia/Near Road,13,54,42101,Carbon monoxide,093,INSTRUMENTAL - GAS FILTER CORRELATION CO ANALYZER,13820,"Birmingham-Hoover, AL",33.521427,-86.844112,MOBILE,183.726,MICROSCALE,0 M TO 100 M,SLAMS,"Jefferson County, AL  Department Of Health",OTHER,,NEAR ROAD,,
2023-09-12,010732059,1,0.4,Parts per million,5,Arkadelphia/Near Road,13,54,42101,Carbon monoxide,093,INSTRUMENTAL - GAS FILTER CORRELATION CO ANALYZER,13820,"Birmingham-Hoover, AL",33.521427,-86.844112,MOBILE,183.726,MICROSCALE,0 M TO 100 M,SLAMS,"Jefferson County, AL  Department Of Health",OTHER,,NEAR ROAD,,
2023-09-13,010732059,1,0,Parts per million,0,Arkadelphia/Near Road,16,67,42101,Carbon monoxide,093,INSTRUMENTAL - GAS FILTER CORRELATION CO ANALYZER,13820,"Birmingham-Hoover, AL",33.521427,-86.844112,MOBILE,183.726,MICROSCALE,0 M TO 100 M,SLAMS,"Jefferson County, AL  Department Of Health",OTHER,,NEAR ROAD,,
2023-09-14,010732059,1,0.1,Parts per million,1,Arkadelphia/Near Road,24,100,42101,Carbon monoxide,093,INSTRUMENTAL - GAS FILTER CORRELATION CO ANALYZER,13820,"Birmingham-Hoover, AL",33.521427,-86.844112,MOBILE,183.726,MICROSCALE,0 M TO 100 M,SLAMS,"Jefferson County, AL  Department Of Health",OTHER,,NEAR ROAD,,
2023-09-15,010732059,1,0.2,Parts per million,2,Arkadelphia/Near Road,24,100,42101,Carbon monoxide,093,INSTRUMENTAL - GAS FILTER CORRELATION CO ANALYZER,13820,"Birmingham-Hoover, AL",33.521427,-86.844112,MOBILE,183.726,MICROSCALE,0 M TO 100 M,SLAMS,"Jefferson County, AL  Department Of Health",OTHER,,NEAR ROAD,,
2023-09-16,010732059,1,0.2,Parts per million,2,Arkadelphia/Near Road,24,100,42101,Carbon monoxide,093,INSTRUMENTAL - GAS FILTER CORRELATION CO ANALYZER,13820,"Birmingham-Hoover, AL",33.521427,-86.844112,MOBILE,183.726,MICROSCALE,0 M TO 100 M,SLAMS,"Jefferson County, AL  Department Of Health",OTHER,,NEAR ROAD,,
2023-09-17,010732059,1,0.3,Parts per million,3,Arkadelphia/Near Road,24,100,42101,Carbon monoxide,093,INSTRUMENTAL - GAS FILTER CORRELATION CO ANALYZER,13820,"Birmingham-Hoover, AL",33.521427,-86.844112,MOBILE,183.726,MICROSCALE,0 M TO 100 M,SLAMS,"Jefferson County, AL  Department Of Health",OTHER,,NEAR ROAD,,
2023-09-18,010732059,1,0.4,Parts per million,5,Arkadelphia/Near Road,24,100,42101,Carbon monoxide,093,INSTRUMENTAL - GAS FILTER CORRELATION CO ANALYZER,13820,"Birmingham-Hoover, AL",33.521427,-86.844112,MOBILE,183.726,MICROSCALE,0 M TO 100 M,SLAMS,"Jefferson County, AL  Department Of Health",OTHER,,NEAR ROAD,,
2023-09-19,010732059,1,0.3,Parts per million,3,Arkadelphia/Near Road,15,63,42101,Carbon monoxide,093,INSTRUMENTAL - GAS FILTER CORRELATION CO ANALYZER,13820,"Birmingham-Hoover, AL",33.521427,-86.844112,MOBILE,183.726,MICROSCALE,0 M TO 100 M,SLAMS,"Jefferson County, AL  Department Of Health",OTHER,,NEAR ROAD,,
2023-09-20,010732059,1,0.3,Parts per million,3,Arkadelphia/Near Road,24,100,42101,Carbon monoxide,093,INSTRUMENTAL - GAS FILTER CORRELATION CO ANALYZER,13820,"Birmingham-Hoover, AL",33.521427,-86.844112,MOBILE,183.726,MICROSCALE,0 M TO 100 M,SLAMS,"Jefferson County, AL  Department Of Health",OTHER,,NEAR ROAD,,
2023-09-21,010732059,1,0.2,Parts per million,2,Arkadelphia/Near Road,10,42,42101,Carbon monoxide,093,INSTRUMENTAL - GAS FILTER CORRELATION CO ANALYZER,13820,"Birmingham-Hoover, AL",33.521427,-86.844112,MOBILE,183.726,MICROSCALE,0 M TO 100 M,SLAMS,"Jefferson County, AL  Department Of Health",OTHER,,NEAR ROAD,,
2023-09-22,010732059,1,0.2,Parts per million,2,Arkadelphia/Near Road,9,38,42101,Carbon monoxide,093,INSTRUMENTAL - GAS FILTER CORRELATION CO ANALYZER,13820,"Birmingham-Hoover, AL",33.521427,-86.844112,MOBILE,183.726,MICROSCALE,0 M TO 100 M,SLAMS,"Jefferson County, AL  Department Of Health",OTHER,,NEAR ROAD,,
2023-09-23,010732059,1,0.6,Parts per million,7,Arkadelphia/Near Road,24,100,42101,Carbon monoxide,093,INSTRUMENTAL - GAS FILTER CORRELATION CO ANALYZER,13820,"Birmingham-Hoover, AL",33.521427,-86.844112,MOBILE,183.726,MICROSCALE,0 M TO 100 M,SLAMS,"Jefferson County, AL  Department Of Health",OTHER,,NEAR ROAD,,
2023-09-24,010732059,1,0.6,Parts per million,7,Arkadelphia/Near Road,24,100,42101,Carbon monoxide,093,INSTRUMENTAL - GAS FILTER CORRELATION CO ANALYZER,13820,"Birmingham-Hoover, AL",33.521427,-86.844112,MOBILE,183.726,MICROSCALE,0 M TO 100 M,SLAMS,"Jefferson County, AL  Department Of Health",OTHER,,NEAR ROAD,,
2023-09-25,010732059,1,0.4,Parts per million,5,Arkadelphia/Near Road,24,100,42101,Carbon monoxide,093,INSTRUMENTAL - GAS FILTER CORRELATION CO ANALYZER,13820,"Birmingham-Hoover, AL",33.521427,-86.844112,MOBILE,183.726,MICROSCALE,0 M TO 100 M,SLAMS,"Jefferson County, AL  Department Of Health",OTHER,,NEAR ROAD,,
2023-09-26,010732059,1,0.4,Parts per million,5,Arkadelphia/Near Road,24,100,42101,Carbon monoxide,093,INSTRUMENTAL - GAS FILTER CORRELATION CO ANALYZER,13820,"Birmingham-Hoover, AL",33.521427,-86.844112,MOBILE,183.726,MICROSCALE,0 M TO 100 M,SLAMS,"Jefferson County, AL  Department Of Health",OTHER,,NEAR ROAD,,
2023-09-27,010732059,1,0.2,Parts per million,2,Arkadelphia/Near Road,24,100,42101,Carbon monoxide,093,INSTRUMENTAL - GAS FILTER CORRELATION CO ANALYZER,13820,"Birmingham-Hoover, AL",33.521427,-86.844112,MOBILE,183.726,MICROSCALE,0 M TO 100 M,SLAMS,"Jefferson County, AL  Department Of Health",OTHER,,NEAR ROAD,,
2023-09-28,010732059,1,0.4,Parts per million,5,Arkadelphia/Near Road,24,100,42101,Carbon monoxide,093,INSTRUMENTAL - GAS FILTER CORRELATION CO ANALYZER,13820,"Birmingham-Hoover, AL",33.521427,-86.844112,MOBILE,183.726,MICROSCALE,0 M TO 100 M,SLAMS,"Jefferson County, AL  Department Of Health",OTHER,,NEAR ROAD,,
2023-09-29,010732059,1,0.4,Parts per million,5,Arkadelphia/Near Road,24,100,42101,Carbon monoxide,093,INSTRUMENTAL - GAS FILTER CORRELATION CO ANALYZER,13820,"Birmingham-Hoover, AL",33.521427,-86.844112,MOBILE,183.726,MICROSCALE,0 M TO 100 M,SLAMS,"Jefferson County, AL  Department Of Health",OTHER,,NEAR ROAD,,
2023-09-30,010732059,1,0.3,Parts per million,3,Arkadelphia/Near Road,24,100,42101,Carbon monoxide,093,INSTRUMENTAL - GAS FILTER CORRELATION CO ANALYZER,13820,"Birmingham-Hoover, AL",33.521427,-86.844112,MOBILE,183.726,MICROSCALE,0 M TO 100 M,SLAMS,"Jefferson County, AL  Department Of Health",OTHER,,NEAR ROAD,,
2023-10-01,010732059,1,0.4,Parts per million,5,Arkadelphia/Near Road,24,100,42101,Carbon monoxide,093,INSTRUMENTAL - GAS FILTER CORRELATION CO ANALYZER,13820,"Birmingham-Hoover, AL",33.521427,-86.844112,MOBILE,183.726,MICROSCALE,0 M TO 100 M,SLAMS,"Jefferson County, AL  Department Of Health",OTHER,,NEAR ROAD,,
2023-10-02,010732059,1,0.3,Parts per million,3,Arkadelphia/Near Road,24,100,42101,Carbon monoxide,093,INSTRUMENTAL - GAS FILTER CORRELATION CO ANALYZER,13820,"Birmingham-Hoover, AL",33.521427,-86.844112,MOBILE,183.726,MICROSCALE,0 M TO 100 M,SLAMS,"Jefferson County, AL  Department Of Health",OTHER,,NEAR ROAD,,
2023-10-03,010732059,1,0.4,Parts per million,5,Arkadelphia/Near Road,24,100,42101,Carbon monoxide,093,INSTRUMENTAL - GAS FILTER CORRELATION CO ANALYZER,13820,"Birmingham-Hoover, AL",33.521427,-86.844112,MOBILE,183.726,MICROSCALE,0 M TO 100 M,SLAMS,"Jefferson County, AL  Department Of Health",OTHER,,NEAR ROAD,,
2023-10-04,010732059,1,0.4,Parts per million,5,Arkadelphia/Near Road,24,100,42101,Carbon monoxide,093,INSTRUMENTAL - GAS FILTER CORRELATION CO ANALYZER,13820,"Birmingham-Hoover, AL",33.521427,-86.844112,MOBILE,183.726,MICROSCALE,0 M TO 100 M,SLAMS,"Jefferson County, AL  Department Of Health",OTHER,,NEAR ROAD,,
2023-10-05,010732059,1,0.2,Parts per million,2,Arkadelphia/Near Road,15,63,42101,Carbon monoxide,093,INSTRUMENTAL - GAS FILTER CORRELATION CO ANALYZER,13820,"Birmingham-Hoover, AL",33.521427,-86.844112,MOBILE,183.726,MICROSCALE,0 M TO 100 M,SLAMS,"Jefferson County, AL  Department Of Health",OTHER,,NEAR ROAD,,
2023-10-06,010732059,1,0.2,Parts per million,2,Arkadelphia/Near Road,24,100,42101,Carbon monoxide,093,INSTRUMENTAL - GAS FILTER CORRELATION CO ANALYZER,13820,"Birmingham-Hoover, AL",33.521427,-86.844112,MOBILE,183.726,MICROSCALE,0 M TO 100 M,SLAMS,"Jefferson County, AL  Department Of Health",OTHER,,NEAR ROAD,,
2023-10-07,010732059,1,0.1,Parts per million,1,Arkadelphia/Near Road,24,100,42101,Carbon monoxide,093,INSTRUMENTAL - GAS FILTER CORRELATION CO ANALYZER,13820,"Birmingham-Hoover, AL",33.521427,-86.844112,MOBILE,183.726,MICROSCALE,0 M TO 100 M,SLAMS,"Jefferson County, AL  Department Of Health",OTHER,,NEAR ROAD,,
2023-10-08,010732059,1,0.3,Parts per million,3,Arkadelphia/Near Road,24,100,42101,Carbon monoxide,093,INSTRUMENTAL - GAS FILTER CORRELATION CO ANALYZER,13820,"Birmingham-Hoover, AL",33.521427,-86.844112,MOBILE,183.726,MICROSCALE,0 M TO 100 M,SLAMS,"Jefferson County, AL  Department Of Health",OTHER,,NEAR ROAD,,
2023-10-09,010732059,1,0.4,Parts per million,5,Arkadelphia/Near Road,24,100,42101,Carbon monoxide,093,INSTRUMENTAL - GAS FILTER CORRELATION CO ANALYZER,13820,"Birmingham-Hoover, AL",33.521427,-86.844112,MOBILE,183.726,MICROSCALE,0 M TO 100 M,SLAMS,"Jefferson County, AL  Department Of Health",OTHER,,NEAR ROAD,,
2023-10-10,010732059,1,0.3,Parts per million,3,Arkadelphia/Near Road,24,100,42101,Carbon monoxide,093,INSTRUMENTAL - GAS FILTER CORRELATION CO ANALYZER,13820,"Birmingham-Hoover, AL",33.521427,-86.844112,MOBILE,183.726,MICROSCALE,0 M TO 100 M,SLAMS,"Jefferson County, AL  Department Of Health",OTHER,,NEAR ROAD,,
2023-10-11,010732059,1,0.5,Parts per million,6,Arkadelphia/Near Road,16,67,42101,Carbon monoxide,093,INSTRUMENTAL - GAS FILTER CORRELATION CO ANALYZER,13820,"Birmingham-Hoover, AL",33.521427,-86.844112,MOBILE,183.726,MICROSCALE,0 M TO 100 M,SLAMS,"Jefferson County, AL  Department Of Health",OTHER,,NEAR ROAD,,
2023-10-12,010732059,1,0.1,Parts per million,1,Arkadelphia/Near Road,24,100,42101,Carbon monoxide,093,INSTRUMENTAL - GAS FILTER CORRELATION CO ANALYZER,13820,"Birmingham-Hoover, AL",33.521427,-86.844112,MOBILE,183.726,MICROSCALE,0 M TO 100 M,SLAMS,"Jefferson County, AL  Department Of Health",OTHER,,NEAR ROAD,,
2023-10-13,010732059,1,0.2,Parts per million,2,Arkadelphia/Near Road,24,100,42101,Carbon monoxide,093,INSTRUMENTAL - GAS FILTER CORRELATION CO ANALYZER,13820,"Birmingham-Hoover, AL",33.521427,-86.844112,MOBILE,183.726,MICROSCALE,0 M TO 100 M,SLAMS,"Jefferson County, AL  Department Of Health",OTHER,,NEAR ROAD,,
2023-10-14,010732059,1,0.3,Parts per million,3,Arkadelphia/Near Road,24,100,42101,Carbon monoxide,093,INSTRUMENTAL - GAS FILTER CORRELATION CO ANALYZER,13820,"Birmingham-Hoover, AL",33.521427,-86.844112,MOBILE,183.726,MICROSCALE,0 M TO 100 M,SLAMS,"Jefferson County, AL  Department Of Health",OTHER,,NEAR ROAD,,
2023-10-15,010732059,1,0.1,Parts per million,1,Arkadelphia/Near Road,24,100,42101,Carbon monoxide,093,INSTRUMENTAL - GAS FILTER CORRELATION CO ANALYZER,13820,"Birmingham-Hoover, AL",33.521427,-86.844112,MOBILE,183.726,MICROSCALE,0 M TO 100 M,SLAMS,"Jefferson County, AL  Department Of Health",OTHER,,NEAR ROAD,,
2023-10-16,010732059,1,0.1,Parts per million,1,Arkadelphia/Near Road,24,100,42101,Carbon monoxide,093,INSTRUMENTAL - GAS FILTER CORRELATION CO ANALYZER,13820,"Birmingham-Hoover, AL",33.521427,-86.844112,MOBILE,183.726,MICROSCALE,0 M TO 100 M,SLAMS,"Jefferson County, AL  Department Of Health",OTHER,,NEAR ROAD,,
2023-10-17,010732059,1,0.1,Parts per million,1,Arkadelphia/Near Road,24,100,42101,Carbon monoxide,093,INSTRUMENTAL - GAS FILTER CORRELATION CO ANALYZER,13820,"Birmingham-Hoover, AL",33.521427,-86.844112,MOBILE,183.726,MICROSCALE,0 M TO 100 M,SLAMS,"Jefferson County, AL  Department Of Health",OTHER,,NEAR ROAD,,
2023-10-18,010732059,1,0.4,Parts per million,5,Arkadelphia/Near Road,24,100,42101,Carbon monoxide,093,INSTRUMENTAL - GAS FILTER CORRELATION CO ANALYZER,13820,"Birmingham-Hoover, AL",33.521427,-86.844112,MOBILE,183.726,MICROSCALE,0 M TO 100 M,SLAMS,"Jefferson County, AL  Department Of Health",OTHER,,NEAR ROAD,,
2023-10-19,010732059,1,0.4,Parts per million,5,Arkadelphia/Near Road,24,100,42101,Carbon monoxide,093,INSTRUMENTAL - GAS FILTER CORRELATION CO ANALYZER,13820,"Birmingham-Hoover, AL",33.521427,-86.844112,MOBILE,183.726,MICROSCALE,0 M TO 100 M,SLAMS,"Jefferson County, AL  Department Of Health",OTHER,,NEAR ROAD,,
2023-10-20,010732059,1,0.2,Parts per million,2,Arkadelphia/Near Road,24,100,42101,Carbon monoxide,093,INSTRUMENTAL - GAS FILTER CORRELATION CO ANALYZER,13820,"Birmingham-Hoover, AL",33.521427,-86.844112,MOBILE,183.726,MICROSCALE,0 M TO 100 M,SLAMS,"Jefferson County, AL  Department Of Health",OTHER,,NEAR ROAD,,
2023-10-21,010732059,1,0.6,Parts per million,7,Arkadelphia/Near Road,24,100,42101,Carbon monoxide,093,INSTRUMENTAL - GAS FILTER CORRELATION CO ANALYZER,13820,"Birmingham-Hoover, AL",33.521427,-86.844112,MOBILE,183.726,MICROSCALE,0 M TO 100 M,SLAMS,"Jefferson County, AL  Department Of Health",OTHER,,NEAR ROAD,,
2023-10-22,010732059,1,0.4,Parts per million,5,Arkadelphia/Near Road,24,100,42101,Carbon monoxide,093,INSTRUMENTAL - GAS FILTER CORRELATION CO ANALYZER,13820,"Birmingham-Hoover, AL",33.521427,-86.844112,MOBILE,183.726,MICROSCALE,0 M TO 100 M,SLAMS,"Jefferson County, AL  Department Of Health",OTHER,,NEAR ROAD,,
2023-10-23,010732059,1,0.5,Parts per million,6,Arkadelphia/Near Road,24,100,42101,Carbon monoxide,093,INSTRUMENTAL - GAS FILTER CORRELATION CO ANALYZER,13820,"Birmingham-Hoover, AL",33.521427,-86.844112,MOBILE,183.726,MICROSCALE,0 M TO 100 M,SLAMS,"Jefferson County, AL  Department Of Health",OTHER,,NEAR ROAD,,
2023-10-24,010732059,1,0.4,Parts per million,5,Arkadelphia/Near Road,24,100,42101,Carbon monoxide,093,INSTRUMENTAL - GAS FILTER CORRELATION CO ANALYZER,13820,"Birmingham-Hoover, AL",33.521427,-86.844112,MOBILE,183.726,MICROSCALE,0 M TO 100 M,SLAMS,"Jefferson County, AL  Department Of Health",OTHER,,NEAR ROAD,,
2023-10-25,010732059,1,0.2,Parts per million,2,Arkadelphia/Near Road,24,100,42101,Carbon monoxide,093,INSTRUMENTAL - GAS FILTER CORRELATION CO ANALYZER,13820,"Birmingham-Hoover, AL",33.521427,-86.844112,MOBILE,183.726,MICROSCALE,0 M TO 100 M,SLAMS,"Jefferson County, AL  Department Of Health",OTHER,,NEAR ROAD,,
2023-10-26,010732059,1,0.2,Parts per million,2,Arkadelphia/Near Road,24,100,42101,Carbon monoxide,093,INSTRUMENTAL - GAS FILTER CORRELATION CO ANALYZER,13820,"Birmingham-Hoover, AL",33.521427,-86.844112,MOBILE,183.726,MICROSCALE,0 M TO 100 M,SLAMS,"Jefferson County, AL  Department Of Health",OTHER,,NEAR ROAD,,
2023-10-27,010732059,1,0.7,Parts per million,8,Arkadelphia/Near Road,24,100,42101,Carbon monoxide,093,INSTRUMENTAL - GAS FILTER CORRELATION CO ANALYZER,13820,"Birmingham-Hoover, AL",33.521427,-86.844112,MOBILE,183.726,MICROSCALE,0 M TO 100 M,SLAMS,"Jefferson County, AL  Department Of Health",OTHER,,NEAR ROAD,,
2023-10-28,010732059,1,1,Parts per million,11,Arkadelphia/Near Road,24,100,42101,Carbon monoxide,093,INSTRUMENTAL - GAS FILTER CORRELATION CO ANALYZER,13820,"Birmingham-Hoover, AL",33.521427,-86.844112,MOBILE,183.726,MICROSCALE,0 M TO 100 M,SLAMS,"Jefferson County, AL  Department Of Health",OTHER,,NEAR ROAD,,
2023-10-29,010732059,1,1.2,Parts per million,14,Arkadelphia/Near Road,24,100,42101,Carbon monoxide,093,INSTRUMENTAL - GAS FILTER CORRELATION CO ANALYZER,13820,"Birmingham-Hoover, AL",33.521427,-86.844112,MOBILE,183.726,MICROSCALE,0 M TO 100 M,SLAMS,"Jefferson County, AL  Department Of Health",OTHER,,NEAR ROAD,,
2023-10-30,010732059,1,0.7,Parts per million,8,Arkadelphia/Near Road,24,100,42101,Carbon monoxide,093,INSTRUMENTAL - GAS FILTER CORRELATION CO ANALYZER,13820,"Birmingham-Hoover, AL",33.521427,-86.844112,MOBILE,183.726,MICROSCALE,0 M TO 100 M,SLAMS,"Jefferson County, AL  Department Of Health",OTHER,,NEAR ROAD,,
2023-10-31,010732059,1,0.1,Parts per million,1,Arkadelphia/Near Road,24,100,42101,Carbon monoxide,093,INSTRUMENTAL - GAS FILTER CORRELATION CO ANALYZER,13820,"Birmingham-Hoover, AL",33.521427,-86.844112,MOBILE,183.726,MICROSCALE,0 M TO 100 M,SLAMS,"Jefferson County, AL  Department Of Health",OTHER,,NEAR ROAD,,
2023-11-01,010732059,1,0.2,Parts per million,2,Arkadelphia/Near Road,18,75,42101,Carbon monoxide,093,INSTRUMENTAL - GAS FILTER CORRELATION CO ANALYZER,13820,"Birmingham-Hoover, AL",33.521427,-86.844112,MOBILE,183.726,MICROSCALE,0 M TO 100 M,SLAMS,"Jefferson County, AL  Department Of Health",OTHER,,NEAR ROAD,,
2023-11-02,010732059,1,0.8,Parts per million,9,Arkadelphia/Near Road,24,100,42101,Carbon monoxide,093,INSTRUMENTAL - GAS FILTER CORRELATION CO ANALYZER,13820,"Birmingham-Hoover, AL",33.521427,-86.844112,MOBILE,183.726,MICROSCALE,0 M TO 100 M,SLAMS,"Jefferson County, AL  Department Of Health",OTHER,,NEAR ROAD,,
2023-11-03,010732059,1,0.9,Parts per million,10,Arkadelphia/Near Road,24,100,42101,Carbon monoxide,093,INSTRUMENTAL - GAS FILTER CORRELATION CO ANALYZER,13820,"Birmingham-Hoover, AL",33.521427,-86.844112,MOBILE,183.726,MICROSCALE,0 M TO 100 M,SLAMS,"Jefferson County, AL  Department Of Health",OTHER,,NEAR ROAD,,
2023-11-04,010732059,1,1.1,Parts per million,13,Arkadelphia/Near Road,24,100,42101,Carbon monoxide,093,INSTRUMENTAL - GAS FILTER CORRELATION CO ANALYZER,13820,"Birmingham-Hoover, AL",33.521427,-86.844112,MOBILE,183.726,MICROSCALE,0 M TO 100 M,SLAMS,"Jefferson County, AL  Department Of Health",OTHER,,NEAR ROAD,,
2023-11-05,010732059,1,1.1,Parts per million,13,Arkadelphia/Near Road,24,100,42101,Carbon monoxide,093,INSTRUMENTAL - GAS FILTER CORRELATION CO ANALYZER,13820,"Birmingham-Hoover, AL",33.521427,-86.844112,MOBILE,183.726,MICROSCALE,0 M TO 100 M,SLAMS,"Jefferson County, AL  Department Of Health",OTHER,,NEAR ROAD,,
2023-11-06,010732059,1,0.7,Parts per million,8,Arkadelphia/Near Road,24,100,42101,Carbon monoxide,093,INSTRUMENTAL - GAS FILTER CORRELATION CO ANALYZER,13820,"Birmingham-Hoover, AL",33.521427,-86.844112,MOBILE,183.726,MICROSCALE,0 M TO 100 M,SLAMS,"Jefferson County, AL  Department Of Health",OTHER,,NEAR ROAD,,
2023-11-07,010732059,1,0.6,Parts per million,7,Arkadelphia/Near Road,24,100,42101,Carbon monoxide,093,INSTRUMENTAL - GAS FILTER CORRELATION CO ANALYZER,13820,"Birmingham-Hoover, AL",33.521427,-86.844112,MOBILE,183.726,MICROSCALE,0 M TO 100 M,SLAMS,"Jefferson County, AL  Department Of Health",OTHER,,NEAR ROAD,,
2023-11-08,010732059,1,0.6,Parts per million,7,Arkadelphia/Near Road,24,100,42101,Carbon monoxide,093,INSTRUMENTAL - GAS FILTER CORRELATION CO ANALYZER,13820,"Birmingham-Hoover, AL",33.521427,-86.844112,MOBILE,183.726,MICROSCALE,0 M TO 100 M,SLAMS,"Jefferson County, AL  Department Of Health",OTHER,,NEAR ROAD,,
2023-11-09,010732059,1,0.8,Parts per million,9,Arkadelphia/Near Road,24,100,42101,Carbon monoxide,093,INSTRUMENTAL - GAS FILTER CORRELATION CO ANALYZER,13820,"Birmingham-Hoover, AL",33.521427,-86.844112,MOBILE,183.726,MICROSCALE,0 M TO 100 M,SLAMS,"Jefferson County, AL  Department Of Health",OTHER,,NEAR ROAD,,
2023-11-10,010732059,1,0.8,Parts per million,9,Arkadelphia/Near Road,24,100,42101,Carbon monoxide,093,INSTRUMENTAL - GAS FILTER CORRELATION CO ANALYZER,13820,"Birmingham-Hoover, AL",33.521427,-86.844112,MOBILE,183.726,MICROSCALE,0 M TO 100 M,SLAMS,"Jefferson County, AL  Department Of Health",OTHER,,NEAR ROAD,,
2023-11-11,010732059,1,0.1,Parts per million,1,Arkadelphia/Near Road,24,100,42101,Carbon monoxide,093,INSTRUMENTAL - GAS FILTER CORRELATION CO ANALYZER,13820,"Birmingham-Hoover, AL",33.521427,-86.844112,MOBILE,183.726,MICROSCALE,0 M TO 100 M,SLAMS,"Jefferson County, AL  Department Of Health",OTHER,,NEAR ROAD,,
2023-11-12,010732059,1,0.1,Parts per million,1,Arkadelphia/Near Road,24,100,42101,Carbon monoxide,093,INSTRUMENTAL - GAS FILTER CORRELATION CO ANALYZER,13820,"Birmingham-Hoover, AL",33.521427,-86.844112,MOBILE,183.726,MICROSCALE,0 M TO 100 M,SLAMS,"Jefferson County, AL  Department Of Health",OTHER,,NEAR ROAD,,
2023-11-13,010732059,1,0.3,Parts per million,3,Arkadelphia/Near Road,24,100,42101,Carbon monoxide,093,INSTRUMENTAL - GAS FILTER CORRELATION CO ANALYZER,13820,"Birmingham-Hoover, AL",33.521427,-86.844112,MOBILE,183.726,MICROSCALE,0 M TO 100 M,SLAMS,"Jefferson County, AL  Department Of Health",OTHER,,NEAR ROAD,,
2023-11-14,010732059,1,0.4,Parts per million,5,Arkadelphia/Near Road,24,100,42101,Carbon monoxide,093,INSTRUMENTAL - GAS FILTER CORRELATION CO ANALYZER,13820,"Birmingham-Hoover, AL",33.521427,-86.844112,MOBILE,183.726,MICROSCALE,0 M TO 100 M,SLAMS,"Jefferson County, AL  Department Of Health",OTHER,,NEAR ROAD,,
2023-11-15,010732059,1,0.3,Parts per million,3,Arkadelphia/Near Road,24,100,42101,Carbon monoxide,093,INSTRUMENTAL - GAS FILTER CORRELATION CO ANALYZER,13820,"Birmingham-Hoover, AL",33.521427,-86.844112,MOBILE,183.726,MICROSCALE,0 M TO 100 M,SLAMS,"Jefferson County, AL  Department Of Health",OTHER,,NEAR ROAD,,
2023-11-16,010732059,1,0.3,Parts per million,3,Arkadelphia/Near Road,24,100,42101,Carbon monoxide,093,INSTRUMENTAL - GAS FILTER CORRELATION CO ANALYZER,13820,"Birmingham-Hoover, AL",33.521427,-86.844112,MOBILE,183.726,MICROSCALE,0 M TO 100 M,SLAMS,"Jefferson County, AL  Department Of Health",OTHER,,NEAR ROAD,,
2023-11-17,010732059,1,0.3,Parts per million,3,Arkadelphia/Near Road,24,100,42101,Carbon monoxide,093,INSTRUMENTAL - GAS FILTER CORRELATION CO ANALYZER,13820,"Birmingham-Hoover, AL",33.521427,-86.844112,MOBILE,183.726,MICROSCALE,0 M TO 100 M,SLAMS,"Jefferson County, AL  Department Of Health",OTHER,,NEAR ROAD,,
2023-11-18,010732059,1,0.2,Parts per million,2,Arkadelphia/Near Road,24,100,42101,Carbon monoxide,093,INSTRUMENTAL - GAS FILTER CORRELATION CO ANALYZER,13820,"Birmingham-Hoover, AL",33.521427,-86.844112,MOBILE,183.726,MICROSCALE,0 M TO 100 M,SLAMS,"Jefferson County, AL  Department Of Health",OTHER,,NEAR ROAD,,
2023-11-19,010732059,1,1.1,Parts per million,13,Arkadelphia/Near Road,24,100,42101,Carbon monoxide,093,INSTRUMENTAL - GAS FILTER CORRELATION CO ANALYZER,13820,"Birmingham-Hoover, AL",33.521427,-86.844112,MOBILE,183.726,MICROSCALE,0 M TO 100 M,SLAMS,"Jefferson County, AL  Department Of Health",OTHER,,NEAR ROAD,,
2023-11-20,010732059,1,1.1,Parts per million,13,Arkadelphia/Near Road,24,100,42101,Carbon monoxide,093,INSTRUMENTAL - GAS FILTER CORRELATION CO ANALYZER,13820,"Birmingham-Hoover, AL",33.521427,-86.844112,MOBILE,183.726,MICROSCALE,0 M TO 100 M,SLAMS,"Jefferson County, AL  Department Of Health",OTHER,,NEAR ROAD,,
2023-11-21,010732059,1,0.1,Parts per million,1,Arkadelphia/Near Road,24,100,42101,Carbon monoxide,093,INSTRUMENTAL - GAS FILTER CORRELATION CO ANALYZER,13820,"Birmingham-Hoover, AL",33.521427,-86.844112,MOBILE,183.726,MICROSCALE,0 M TO 100 M,SLAMS,"Jefferson County, AL  Department Of Health",OTHER,,NEAR ROAD,,
2023-11-22,010732059,1,0.1,Parts per million,1,Arkadelphia/Near Road,24,100,42101,Carbon monoxide,093,INSTRUMENTAL - GAS FILTER CORRELATION CO ANALYZER,13820,"Birmingham-Hoover, AL",33.521427,-86.844112,MOBILE,183.726,MICROSCALE,0 M TO 100 M,SLAMS,"Jefferson County, AL  Department Of Health",OTHER,,NEAR ROAD,,
2023-11-23,010732059,1,0.5,Parts per million,6,Arkadelphia/Near Road,24,100,42101,Carbon monoxide,093,INSTRUMENTAL - GAS FILTER CORRELATION CO ANALYZER,13820,"Birmingham-Hoover, AL",33.521427,-86.844112,MOBILE,183.726,MICROSCALE,0 M TO 100 M,SLAMS,"Jefferson County, AL  Department Of Health",OTHER,,NEAR ROAD,,
2023-11-24,010732059,1,0.5,Parts per million,6,Arkadelphia/Near Road,24,100,42101,Carbon monoxide,093,INSTRUMENTAL - GAS FILTER CORRELATION CO ANALYZER,13820,"Birmingham-Hoover, AL",33.521427,-86.844112,MOBILE,183.726,MICROSCALE,0 M TO 100 M,SLAMS,"Jefferson County, AL  Department Of Health",OTHER,,NEAR ROAD,,
2023-11-25,010732059,1,1.1,Parts per million,13,Arkadelphia/Near Road,24,100,42101,Carbon monoxide,093,INSTRUMENTAL - GAS FILTER CORRELATION CO ANALYZER,13820,"Birmingham-Hoover, AL",33.521427,-86.844112,MOBILE,183.726,MICROSCALE,0 M TO 100 M,SLAMS,"Jefferson County, AL  Department Of Health",OTHER,,NEAR ROAD,,
2023-11-26,010732059,1,1,Parts per million,11,Arkadelphia/Near Road,24,100,42101,Carbon monoxide,093,INSTRUMENTAL - GAS FILTER CORRELATION CO ANALYZER,13820,"Birmingham-Hoover, AL",33.521427,-86.844112,MOBILE,183.726,MICROSCALE,0 M TO 100 M,SLAMS,"Jefferson County, AL  Department Of Health",OTHER,,NEAR ROAD,,
2023-11-27,010732059,1,0.1,Parts per million,1,Arkadelphia/Near Road,24,100,42101,Carbon monoxide,093,INSTRUMENTAL - GAS FILTER CORRELATION CO ANALYZER,13820,"Birmingham-Hoover, AL",33.521427,-86.844112,MOBILE,183.726,MICROSCALE,0 M TO 100 M,SLAMS,"Jefferson County, AL  Department Of Health",OTHER,,NEAR ROAD,,
2023-11-28,010732059,1,0.3,Parts per million,3,Arkadelphia/Near Road,24,100,42101,Carbon monoxide,093,INSTRUMENTAL - GAS FILTER CORRELATION CO ANALYZER,13820,"Birmingham-Hoover, AL",33.521427,-86.844112,MOBILE,183.726,MICROSCALE,0 M TO 100 M,SLAMS,"Jefferson County, AL  Department Of Health",OTHER,,NEAR ROAD,,
2023-11-29,010732059,1,0.7,Parts per million,8,Arkadelphia/Near Road,24,100,42101,Carbon monoxide,093,INSTRUMENTAL - GAS FILTER CORRELATION CO ANALYZER,13820,"Birmingham-Hoover, AL",33.521427,-86.844112,MOBILE,183.726,MICROSCALE,0 M TO 100 M,SLAMS,"Jefferson County, AL  Department Of Health",OTHER,,NEAR ROAD,,
2023-11-30,010732059,1,0.7,Parts per million,8,Arkadelphia/Near Road,24,100,42101,Carbon monoxide,093,INSTRUMENTAL - GAS FILTER CORRELATION CO ANALYZER,13820,"Birmingham-Hoover, AL",33.521427,-86.844112,MOBILE,183.726,MICROSCALE,0 M TO 100 M,SLAMS,"Jefferson County, AL  Department Of Health",OTHER,,NEAR ROAD,,
2023-12-01,010732059,1,0.6,Parts per million,7,Arkadelphia/Near Road,24,100,42101,Carbon monoxide,093,INSTRUMENTAL - GAS FILTER CORRELATION CO ANALYZER,13820,"Birmingham-Hoover, AL",33.521427,-86.844112,MOBILE,183.726,MICROSCALE,0 M TO 100 M,SLAMS,"Jefferson County, AL  Department Of Health",OTHER,,NEAR ROAD,,
2023-12-02,010732059,1,0.5,Parts per million,6,Arkadelphia/Near Road,24,100,42101,Carbon monoxide,093,INSTRUMENTAL - GAS FILTER CORRELATION CO ANALYZER,13820,"Birmingham-Hoover, AL",33.521427,-86.844112,MOBILE,183.726,MICROSCALE,0 M TO 100 M,SLAMS,"Jefferson County, AL  Department Of Health",OTHER,,NEAR ROAD,,
2023-12-03,010732059,1,0.8,Parts per million,9,Arkadelphia/Near Road,24,100,42101,Carbon monoxide,093,INSTRUMENTAL - GAS FILTER CORRELATION CO ANALYZER,13820,"Birmingham-Hoover, AL",33.521427,-86.844112,MOBILE,183.726,MICROSCALE,0 M TO 100 M,SLAMS,"Jefferson County, AL  Department Of Health",OTHER,,NEAR ROAD,,
2023-12-04,010732059,1,0.8,Parts per million,9,Arkadelphia/Near Road,24,100,42101,Carbon monoxide,093,INSTRUMENTAL - GAS FILTER CORRELATION CO ANALYZER,13820,"Birmingham-Hoover, AL",33.521427,-86.844112,MOBILE,183.726,MICROSCALE,0 M TO 100 M,SLAMS,"Jefferson County, AL  Department Of Health",OTHER,,NEAR ROAD,,
2023-12-05,010732059,1,0.4,Parts per million,5,Arkadelphia/Near Road,24,100,42101,Carbon monoxide,093,INSTRUMENTAL - GAS FILTER CORRELATION CO ANALYZER,13820,"Birmingham-Hoover, AL",33.521427,-86.844112,MOBILE,183.726,MICROSCALE,0 M TO 100 M,SLAMS,"Jefferson County, AL  Department Of Health",OTHER,,NEAR ROAD,,
2023-12-06,010732059,1,0.3,Parts per million,3,Arkadelphia/Near Road,24,100,42101,Carbon monoxide,093,INSTRUMENTAL - GAS FILTER CORRELATION CO ANALYZER,13820,"Birmingham-Hoover, AL",33.521427,-86.844112,MOBILE,183.726,MICROSCALE,0 M TO 100 M,SLAMS,"Jefferson County, AL  Department Of Health",OTHER,,NEAR ROAD,,
2023-12-07,010732059,1,0.8,Parts per million,9,Arkadelphia/Near Road,24,100,42101,Carbon monoxide,093,INSTRUMENTAL - GAS FILTER CORRELATION CO ANALYZER,13820,"Birmingham-Hoover, AL",33.521427,-86.844112,MOBILE,183.726,MICROSCALE,0 M TO 100 M,SLAMS,"Jefferson County, AL  Department Of Health",OTHER,,NEAR ROAD,,
2023-12-08,010732059,1,0.7,Parts per million,8,Arkadelphia/Near Road,24,100,42101,Carbon monoxide,093,INSTRUMENTAL - GAS FILTER CORRELATION CO ANALYZER,13820,"Birmingham-Hoover, AL",33.521427,-86.844112,MOBILE,183.726,MICROSCALE,0 M TO 100 M,SLAMS,"Jefferson County, AL  Department Of Health",OTHER,,NEAR ROAD,,
2023-12-09,010732059,1,0.2,Parts per million,2,Arkadelphia/Near Road,24,100,42101,Carbon monoxide,093,INSTRUMENTAL - GAS FILTER CORRELATION CO ANALYZER,13820,"Birmingham-Hoover, AL",33.521427,-86.844112,MOBILE,183.726,MICROSCALE,0 M TO 100 M,SLAMS,"Jefferson County, AL  Department Of Health",OTHER,,NEAR ROAD,,
2023-12-10,010732059,1,0.1,Parts per million,1,Arkadelphia/Near Road,24,100,42101,Carbon monoxide,093,INSTRUMENTAL - GAS FILTER CORRELATION CO ANALYZER,13820,"Birmingham-Hoover, AL",33.521427,-86.844112,MOBILE,183.726,MICROSCALE,0 M TO 100 M,SLAMS,"Jefferson County, AL  Department Of Health",OTHER,,NEAR ROAD,,
2023-12-11,010732059,1,0.7,Parts per million,8,Arkadelphia/Near Road,24,100,42101,Carbon monoxide,093,INSTRUMENTAL - GAS FILTER CORRELATION CO ANALYZER,13820,"Birmingham-Hoover, AL",33.521427,-86.844112,MOBILE,183.726,MICROSCALE,0 M TO 100 M,SLAMS,"Jefferson County, AL  Department Of Health",OTHER,,NEAR ROAD,,
2023-12-12,010732059,1,0.8,Parts per million,9,Arkadelphia/Near Road,24,100,42101,Carbon monoxide,093,INSTRUMENTAL - GAS FILTER CORRELATION CO ANALYZER,13820,"Birmingham-Hoover, AL",33.521427,-86.844112,MOBILE,183.726,MICROSCALE,0 M TO 100 M,SLAMS,"Jefferson County, AL  Department Of Health",OTHER,,NEAR ROAD,,
2023-12-13,010732059,1,0.6,Parts per million,7,Arkadelphia/Near Road,18,75,42101,Carbon monoxide,093,INSTRUMENTAL - GAS FILTER CORRELATION CO ANALYZER,13820,"Birmingham-Hoover, AL",33.521427,-86.844112,MOBILE,183.726,MICROSCALE,0 M TO 100 M,SLAMS,"Jefferson County, AL  Department Of Health",OTHER,,NEAR ROAD,,
2023-12-14,010732059,1,0.4,Parts per million,5,Arkadelphia/Near Road,24,100,42101,Carbon monoxide,093,INSTRUMENTAL - GAS FILTER CORRELATION CO ANALYZER,13820,"Birmingham-Hoover, AL",33.521427,-86.844112,MOBILE,183.726,MICROSCALE,0 M TO 100 M,SLAMS,"Jefferson County, AL  Department Of Health",OTHER,,NEAR ROAD,,
2023-12-15,010732059,1,0.6,Parts per million,7,Arkadelphia/Near Road,24,100,42101,Carbon monoxide,093,INSTRUMENTAL - GAS FILTER CORRELATION CO ANALYZER,13820,"Birmingham-Hoover, AL",33.521427,-86.844112,MOBILE,183.726,MICROSCALE,0 M TO 100 M,SLAMS,"Jefferson County, AL  Department Of Health",OTHER,,NEAR ROAD,,
2023-12-16,010732059,1,0.5,Parts per million,6,Arkadelphia/Near Road,24,100,42101,Carbon monoxide,093,INSTRUMENTAL - GAS FILTER CORRELATION CO ANALYZER,13820,"Birmingham-Hoover, AL",33.521427,-86.844112,MOBILE,183.726,MICROSCALE,0 M TO 100 M,SLAMS,"Jefferson County, AL  Department Of Health",OTHER,,NEAR ROAD,,
2023-12-17,010732059,1,0.2,Parts per million,2,Arkadelphia/Near Road,24,100,42101,Carbon monoxide,093,INSTRUMENTAL - GAS FILTER CORRELATION CO ANALYZER,13820,"Birmingham-Hoover, AL",33.521427,-86.844112,MOBILE,183.726,MICROSCALE,0 M TO 100 M,SLAMS,"Jefferson County, AL  Department Of Health",OTHER,,NEAR ROAD,,
2023-12-18,010732059,1,0.1,Parts per million,1,Arkadelphia/Near Road,24,100,42101,Carbon monoxide,093,INSTRUMENTAL - GAS FILTER CORRELATION CO ANALYZER,13820,"Birmingham-Hoover, AL",33.521427,-86.844112,MOBILE,183.726,MICROSCALE,0 M TO 100 M,SLAMS,"Jefferson County, AL  Department Of Health",OTHER,,NEAR ROAD,,
2023-12-19,010732059,1,0.3,Parts per million,3,Arkadelphia/Near Road,24,100,42101,Carbon monoxide,093,INSTRUMENTAL - GAS FILTER CORRELATION CO ANALYZER,13820,"Birmingham-Hoover, AL",33.521427,-86.844112,MOBILE,183.726,MICROSCALE,0 M TO 100 M,SLAMS,"Jefferson County, AL  Department Of Health",OTHER,,NEAR ROAD,,
2023-12-20,010732059,1,0.9,Parts per million,10,Arkadelphia/Near Road,24,100,42101,Carbon monoxide,093,INSTRUMENTAL - GAS FILTER CORRELATION CO ANALYZER,13820,"Birmingham-Hoover, AL",33.521427,-86.844112,MOBILE,183.726,MICROSCALE,0 M TO 100 M,SLAMS,"Jefferson County, AL  Department Of Health",OTHER,,NEAR ROAD,,
2023-12-21,010732059,1,0.9,Parts per million,10,Arkadelphia/Near Road,24,100,42101,Carbon monoxide,093,INSTRUMENTAL - GAS FILTER CORRELATION CO ANALYZER,13820,"Birmingham-Hoover, AL",33.521427,-86.844112,MOBILE,183.726,MICROSCALE,0 M TO 100 M,SLAMS,"Jefferson County, AL  Department Of Health",OTHER,,NEAR ROAD,,
2023-12-22,010732059,1,0.9,Parts per million,10,Arkadelphia/Near Road,24,100,42101,Carbon monoxide,093,INSTRUMENTAL - GAS FILTER CORRELATION CO ANALYZER,13820,"Birmingham-Hoover, AL",33.521427,-86.844112,MOBILE,183.726,MICROSCALE,0 M TO 100 M,SLAMS,"Jefferson County, AL  Department Of Health",OTHER,,NEAR ROAD,,
2023-12-23,010732059,1,1,Parts per million,11,Arkadelphia/Near Road,24,100,42101,Carbon monoxide,093,INSTRUMENTAL - GAS FILTER CORRELATION CO ANALYZER,13820,"Birmingham-Hoover, AL",33.521427,-86.844112,MOBILE,183.726,MICROSCALE,0 M TO 100 M,SLAMS,"Jefferson County, AL  Department Of Health",OTHER,,NEAR ROAD,,
2023-12-24,010732059,1,1,Parts per million,11,Arkadelphia/Near Road,24,100,42101,Carbon monoxide,093,INSTRUMENTAL - GAS FILTER CORRELATION CO ANALYZER,13820,"Birmingham-Hoover, AL",33.521427,-86.844112,MOBILE,183.726,MICROSCALE,0 M TO 100 M,SLAMS,"Jefferson County, AL  Department Of Health",OTHER,,NEAR ROAD,,
2023-12-25,010732059,1,0.6,Parts per million,7,Arkadelphia/Near Road,24,100,42101,Carbon monoxide,093,INSTRUMENTAL - GAS FILTER CORRELATION CO ANALYZER,13820,"Birmingham-Hoover, AL",33.521427,-86.844112,MOBILE,183.726,MICROSCALE,0 M TO 100 M,SLAMS,"Jefferson County, AL  Department Of Health",OTHER,,NEAR ROAD,,
2023-12-26,010732059,1,0.6,Parts per million,7,Arkadelphia/Near Road,24,100,42101,Carbon monoxide,093,INSTRUMENTAL - GAS FILTER CORRELATION CO ANALYZER,13820,"Birmingham-Hoover, AL",33.521427,-86.844112,MOBILE,183.726,MICROSCALE,0 M TO 100 M,SLAMS,"Jefferson County, AL  Department Of Health",OTHER,,NEAR ROAD,,
2023-12-27,010732059,1,0.7,Parts per million,8,Arkadelphia/Near Road,24,100,42101,Carbon monoxide,093,INSTRUMENTAL - GAS FILTER CORRELATION CO ANALYZER,13820,"Birmingham-Hoover, AL",33.521427,-86.844112,MOBILE,183.726,MICROSCALE,0 M TO 100 M,SLAMS,"Jefferson County, AL  Department Of Health",OTHER,,NEAR ROAD,,
2023-12-28,010732059,1,0.3,Parts per million,3,Arkadelphia/Near Road,24,100,42101,Carbon monoxide,093,INSTRUMENTAL - GAS FILTER CORRELATION CO ANALYZER,13820,"Birmingham-Hoover, AL",33.521427,-86.844112,MOBILE,183.726,MICROSCALE,0 M TO 100 M,SLAMS,"Jefferson County, AL  Department Of Health",OTHER,,NEAR ROAD,,
2023-12-29,010732059,1,0.4,Parts per million,5,Arkadelphia/Near Road,24,100,42101,Carbon monoxide,093,INSTRUMENTAL - GAS FILTER CORRELATION CO ANALYZER,13820,"Birmingham-Hoover, AL",33.521427,-86.844112,MOBILE,183.726,MICROSCALE,0 M TO 100 M,SLAMS,"Jefferson County, AL  Department Of Health",OTHER,,NEAR ROAD,,
2023-12-30,010732059,1,0.8,Parts per million,9,Arkadelphia/Near Road,24,100,42101,Carbon monoxide,093,INSTRUMENTAL - GAS FILTER CORRELATION CO ANALYZER,13820,"Birmingham-Hoover, AL",33.521427,-86.844112,MOBILE,183.726,MICROSCALE,0 M TO 100 M,SLAMS,"Jefferson County, AL  Department Of Health",OTHER,,NEAR ROAD,,
2023-12-31,010732059,1,1,Parts per million,11,Arkadelphia/Near Road,24,100,42101,Carbon monoxide,093,INSTRUMENTAL - GAS FILTER CORRELATION CO ANALYZER,13820,"Birmingham-Hoover, AL",33.521427,-86.844112,MOBILE,183.726,MICROSCALE,0 M TO 100 M,SLAMS,"Jefferson County, AL  Department Of Health",OTHER,,NEAR ROAD,,
