ISO-10303-21;
HEADER;
FILE_DESCRIPTION(('KiCad electronic assembly'),'2;1');
FILE_NAME('MT3608.step','2026-09-27T11:15:54',('Pcbnew'),('Kicad'),
  'Open CASCADE STEP processor 7.9','KiCad to STEP converter','Unknown'
  );
FILE_SCHEMA(('AUTOMOTIVE_DESIGN { 1 0 10303 214 1 1 1 1 }'));
ENDSEC;
DATA;
#1 = APPLICATION_PROTOCOL_DEFINITION('international standard',
  'automotive_design',2000,#2);
#2 = APPLICATION_CONTEXT(
  'core data for automotive mechanical design processes');
#3 = SHAPE_DEFINITION_REPRESENTATION(#4,#10);
#4 = PRODUCT_DEFINITION_SHAPE('','',#5);
#5 = PRODUCT_DEFINITION('design','',#6,#9);
#6 = PRODUCT_DEFINITION_FORMATION('','',#7);
#7 = PRODUCT('MT3608 1','MT3608 1','',(#8));
#8 = PRODUCT_CONTEXT('',#2,'mechanical');
#9 = PRODUCT_DEFINITION_CONTEXT('part definition',#2,'design');
#10 = SHAPE_REPRESENTATION('',(#11,#15,#19,#23,#27,#31,#35,#39),#43);
#11 = AXIS2_PLACEMENT_3D('',#12,#13,#14);
#12 = CARTESIAN_POINT('',(0.,0.,0.));
#13 = DIRECTION('',(0.,0.,1.));
#14 = DIRECTION('',(1.,0.,-0.));
#15 = AXIS2_PLACEMENT_3D('',#16,#17,#18);
#16 = CARTESIAN_POINT('',(89.535,-95.25,1.595));
#17 = DIRECTION('',(0.,0.,1.));
#18 = DIRECTION('',(1.,0.,0.));
#19 = AXIS2_PLACEMENT_3D('',#20,#21,#22);
#20 = CARTESIAN_POINT('',(90.805,-110.49,1.595));
#21 = DIRECTION('',(0.,0.,1.));
#22 = DIRECTION('',(1.,0.,0.));
#23 = AXIS2_PLACEMENT_3D('',#24,#25,#26);
#24 = CARTESIAN_POINT('',(86.36,-119.38,-8.5E-02));
#25 = DIRECTION('',(1.499759782662E-32,1.224646799147E-16,-1.));
#26 = DIRECTION('',(-1.,1.224646799147E-16,0.));
#27 = AXIS2_PLACEMENT_3D('',#28,#29,#30);
#28 = CARTESIAN_POINT('',(86.36,-88.9,-8.5E-02));
#29 = DIRECTION('',(1.499759782662E-32,1.224646799147E-16,-1.));
#30 = DIRECTION('',(-1.,1.224646799147E-16,0.));
#31 = AXIS2_PLACEMENT_3D('',#32,#33,#34);
#32 = CARTESIAN_POINT('',(93.98,-119.38,-8.5E-02));
#33 = DIRECTION('',(1.499759782662E-32,1.224646799147E-16,-1.));
#34 = DIRECTION('',(-1.,1.224646799147E-16,0.));
#35 = AXIS2_PLACEMENT_3D('',#36,#37,#38);
#36 = CARTESIAN_POINT('',(93.98,-88.9,-8.5E-02));
#37 = DIRECTION('',(1.499759782662E-32,1.224646799147E-16,-1.));
#38 = DIRECTION('',(-1.,1.224646799147E-16,0.));
#39 = AXIS2_PLACEMENT_3D('',#40,#41,#42);
#40 = CARTESIAN_POINT('',(0.,0.,0.));
#41 = DIRECTION('',(0.,0.,1.));
#42 = DIRECTION('',(1.,0.,-0.));
#43 = ( GEOMETRIC_REPRESENTATION_CONTEXT(3) 
GLOBAL_UNCERTAINTY_ASSIGNED_CONTEXT((#47)) GLOBAL_UNIT_ASSIGNED_CONTEXT(
(#44,#45,#46)) REPRESENTATION_CONTEXT('Context #1',
  '3D Context with UNIT and UNCERTAINTY') );
#44 = ( LENGTH_UNIT() NAMED_UNIT(*) SI_UNIT(.MILLI.,.METRE.) );
#45 = ( NAMED_UNIT(*) PLANE_ANGLE_UNIT() SI_UNIT($,.RADIAN.) );
#46 = ( NAMED_UNIT(*) SI_UNIT($,.STERADIAN.) SOLID_ANGLE_UNIT() );
#47 = UNCERTAINTY_MEASURE_WITH_UNIT(LENGTH_MEASURE(1.E-07),#44,
  'distance_accuracy_value','confusion accuracy');
#48 = PRODUCT_RELATED_PRODUCT_CATEGORY('part',$,(#7));
#49 = SHAPE_DEFINITION_REPRESENTATION(#50,#56);
#50 = PRODUCT_DEFINITION_SHAPE('','',#51);
#51 = PRODUCT_DEFINITION('design','',#52,#55);
#52 = PRODUCT_DEFINITION_FORMATION('','',#53);
#53 = PRODUCT('Potentiometer_Bourns_3296P_Horizontal',
  'Potentiometer_Bourns_3296P_Horizontal','',(#54));
#54 = PRODUCT_CONTEXT('',#2,'mechanical');
#55 = PRODUCT_DEFINITION_CONTEXT('part definition',#2,'design');
#56 = SHAPE_REPRESENTATION('',(#11,#57),#61);
#57 = AXIS2_PLACEMENT_3D('',#58,#59,#60);
#58 = CARTESIAN_POINT('',(0.,0.,0.));
#59 = DIRECTION('',(0.,0.,1.));
#60 = DIRECTION('',(1.,0.,-0.));
#61 = ( GEOMETRIC_REPRESENTATION_CONTEXT(3) 
GLOBAL_UNCERTAINTY_ASSIGNED_CONTEXT((#65)) GLOBAL_UNIT_ASSIGNED_CONTEXT(
(#62,#63,#64)) REPRESENTATION_CONTEXT('Context #1',
  '3D Context with UNIT and UNCERTAINTY') );
#62 = ( LENGTH_UNIT() NAMED_UNIT(*) SI_UNIT(.MILLI.,.METRE.) );
#63 = ( NAMED_UNIT(*) PLANE_ANGLE_UNIT() SI_UNIT($,.RADIAN.) );
#64 = ( NAMED_UNIT(*) SI_UNIT($,.STERADIAN.) SOLID_ANGLE_UNIT() );
#65 = UNCERTAINTY_MEASURE_WITH_UNIT(LENGTH_MEASURE(1.E-07),#62,
  'distance_accuracy_value','confusion accuracy');
#66 = CONTEXT_DEPENDENT_SHAPE_REPRESENTATION(#67,#69);
#67 = ( REPRESENTATION_RELATIONSHIP('','',#56,#10) 
REPRESENTATION_RELATIONSHIP_WITH_TRANSFORMATION(#68) 
SHAPE_REPRESENTATION_RELATIONSHIP() );
#68 = ITEM_DEFINED_TRANSFORMATION('','',#11,#15);
#69 = PRODUCT_DEFINITION_SHAPE('Placement','Placement of an item',#70);
#70 = NEXT_ASSEMBLY_USAGE_OCCURRENCE('2','REF**','',#5,#51,$);
#71 = PRODUCT_RELATED_PRODUCT_CATEGORY('part',$,(#53));
#72 = SHAPE_DEFINITION_REPRESENTATION(#73,#79);
#73 = PRODUCT_DEFINITION_SHAPE('','',#74);
#74 = PRODUCT_DEFINITION('design','',#75,#78);
#75 = PRODUCT_DEFINITION_FORMATION('','',#76);
#76 = PRODUCT('Potentiometer_Bourns_3296P_Horizontal',
  'Potentiometer_Bourns_3296P_Horizontal','',(#77));
#77 = PRODUCT_CONTEXT('',#2,'mechanical');
#78 = PRODUCT_DEFINITION_CONTEXT('part definition',#2,'design');
#79 = ADVANCED_BREP_SHAPE_REPRESENTATION('',(#11,#80),#1043);
#80 = MANIFOLD_SOLID_BREP('',#81);
#81 = CLOSED_SHELL('',(#82,#201,#216,#233,#251,#268,#278,#294,#370,#433,
    #489,#545,#569,#593,#617,#641,#737,#761,#792,#809,#842,#859,#871,
    #888,#900,#912,#929,#941,#966,#991,#1016,#1025,#1034));
#82 = ADVANCED_FACE('',(#83),#196,.T.);
#83 = FACE_BOUND('',#84,.T.);
#84 = EDGE_LOOP('',(#85,#96,#104,#113,#121,#130,#139,#146,#147,#156,#164
    ,#173,#181,#190));
#85 = ORIENTED_EDGE('',*,*,#86,.F.);
#86 = EDGE_CURVE('',#87,#89,#91,.T.);
#87 = VERTEX_POINT('',#88);
#88 = CARTESIAN_POINT('',(-5.825285151509,1.24,4.615872993971));
#89 = VERTEX_POINT('',#90);
#90 = CARTESIAN_POINT('',(-5.807223430988,1.24,2.493569110392));
#91 = CIRCLE('',#92,1.095);
#92 = AXIS2_PLACEMENT_3D('',#93,#94,#95);
#93 = CARTESIAN_POINT('',(-5.816254291249,0.97,3.554721052182));
#94 = DIRECTION('',(-0.99996378825,0.,-8.510122709093E-03));
#95 = DIRECTION('',(-8.510122709093E-03,0.,0.99996378825));
#96 = ORIENTED_EDGE('',*,*,#97,.F.);
#97 = EDGE_CURVE('',#98,#87,#100,.T.);
#98 = VERTEX_POINT('',#99);
#99 = CARTESIAN_POINT('',(-5.065312672439,1.24,4.62234068723));
#100 = LINE('',#101,#102);
#101 = CARTESIAN_POINT('',(-4.805322087494,1.24,4.624553319134));
#102 = VECTOR('',#103,1.);
#103 = DIRECTION('',(-0.99996378825,0.,-8.510122709093E-03));
#104 = ORIENTED_EDGE('',*,*,#105,.F.);
#105 = EDGE_CURVE('',#106,#98,#108,.T.);
#106 = VERTEX_POINT('',#107);
#107 = CARTESIAN_POINT('',(-5.065600396545,0.97,4.656149093574));
#108 = CIRCLE('',#109,1.095);
#109 = AXIS2_PLACEMENT_3D('',#110,#111,#112);
#110 = CARTESIAN_POINT('',(-5.056281812179,0.97,3.561188745441));
#111 = DIRECTION('',(-0.99996378825,0.,-8.510122709093E-03));
#112 = DIRECTION('',(-8.510122709093E-03,0.,0.99996378825));
#113 = ORIENTED_EDGE('',*,*,#114,.F.);
#114 = EDGE_CURVE('',#115,#106,#117,.T.);
#115 = VERTEX_POINT('',#116);
#116 = CARTESIAN_POINT('',(-4.8056098116,0.97,4.658361725479));
#117 = LINE('',#118,#119);
#118 = CARTESIAN_POINT('',(-4.8056098116,0.97,4.658361725479));
#119 = VECTOR('',#120,1.);
#120 = DIRECTION('',(-0.99996378825,0.,-8.510122709093E-03));
#121 = ORIENTED_EDGE('',*,*,#122,.T.);
#122 = EDGE_CURVE('',#115,#123,#125,.T.);
#123 = VERTEX_POINT('',#124);
#124 = CARTESIAN_POINT('',(-4.8,1.974538243516,3.999192798002));
#125 = CIRCLE('',#126,1.095);
#126 = AXIS2_PLACEMENT_3D('',#127,#128,#129);
#127 = CARTESIAN_POINT('',(-4.796291227233,0.97,3.563401377345));
#128 = DIRECTION('',(-0.99996378825,0.,-8.510122709093E-03));
#129 = DIRECTION('',(-8.510122709093E-03,0.,0.99996378825));
#130 = ORIENTED_EDGE('',*,*,#131,.T.);
#131 = EDGE_CURVE('',#123,#132,#134,.T.);
#132 = VERTEX_POINT('',#133);
#133 = CARTESIAN_POINT('',(-4.8,-3.453824351607E-02,3.999192798002));
#134 = ELLIPSE('',#135,1.095039653302,1.095);
#135 = AXIS2_PLACEMENT_3D('',#136,#137,#138);
#136 = CARTESIAN_POINT('',(-4.8,0.97,3.563369814091));
#137 = DIRECTION('',(-1.,-0.,-0.));
#138 = DIRECTION('',(0.,0.,-1.));
#139 = ORIENTED_EDGE('',*,*,#140,.T.);
#140 = EDGE_CURVE('',#132,#115,#141,.T.);
#141 = CIRCLE('',#142,1.095);
#142 = AXIS2_PLACEMENT_3D('',#143,#144,#145);
#143 = CARTESIAN_POINT('',(-4.796291227233,0.97,3.563401377345));
#144 = DIRECTION('',(-0.99996378825,0.,-8.510122709093E-03));
#145 = DIRECTION('',(-8.510122709093E-03,0.,0.99996378825));
#146 = ORIENTED_EDGE('',*,*,#114,.T.);
#147 = ORIENTED_EDGE('',*,*,#148,.F.);
#148 = EDGE_CURVE('',#149,#106,#151,.T.);
#149 = VERTEX_POINT('',#150);
#150 = CARTESIAN_POINT('',(-5.065267651513,0.68,4.617050599421));
#151 = CIRCLE('',#152,1.095);
#152 = AXIS2_PLACEMENT_3D('',#153,#154,#155);
#153 = CARTESIAN_POINT('',(-5.056281812179,0.97,3.561188745441));
#154 = DIRECTION('',(-0.99996378825,0.,-8.510122709093E-03));
#155 = DIRECTION('',(-8.510122709093E-03,0.,0.99996378825));
#156 = ORIENTED_EDGE('',*,*,#157,.T.);
#157 = EDGE_CURVE('',#149,#158,#160,.T.);
#158 = VERTEX_POINT('',#159);
#159 = CARTESIAN_POINT('',(-5.825240130583,0.68,4.610582906162));
#160 = LINE('',#161,#162);
#161 = CARTESIAN_POINT('',(-4.805277066568,0.68,4.619263231326));
#162 = VECTOR('',#163,1.);
#163 = DIRECTION('',(-0.99996378825,0.,-8.510122709093E-03));
#164 = ORIENTED_EDGE('',*,*,#165,.F.);
#165 = EDGE_CURVE('',#166,#158,#168,.T.);
#166 = VERTEX_POINT('',#167);
#167 = CARTESIAN_POINT('',(-5.807268451914,0.68,2.498859198201));
#168 = CIRCLE('',#169,1.095);
#169 = AXIS2_PLACEMENT_3D('',#170,#171,#172);
#170 = CARTESIAN_POINT('',(-5.816254291249,0.97,3.554721052182));
#171 = DIRECTION('',(-0.99996378825,0.,-8.510122709093E-03));
#172 = DIRECTION('',(-8.510122709093E-03,0.,0.99996378825));
#173 = ORIENTED_EDGE('',*,*,#174,.F.);
#174 = EDGE_CURVE('',#175,#166,#177,.T.);
#175 = VERTEX_POINT('',#176);
#176 = CARTESIAN_POINT('',(-5.047295972844,0.68,2.50532689146));
#177 = LINE('',#178,#179);
#178 = CARTESIAN_POINT('',(-4.787305387899,0.68,2.507539523364));
#179 = VECTOR('',#180,1.);
#180 = DIRECTION('',(-0.99996378825,0.,-8.510122709093E-03));
#181 = ORIENTED_EDGE('',*,*,#182,.F.);
#182 = EDGE_CURVE('',#183,#175,#185,.T.);
#183 = VERTEX_POINT('',#184);
#184 = CARTESIAN_POINT('',(-5.047250951918,1.24,2.500036803651));
#185 = CIRCLE('',#186,1.095);
#186 = AXIS2_PLACEMENT_3D('',#187,#188,#189);
#187 = CARTESIAN_POINT('',(-5.056281812179,0.97,3.561188745441));
#188 = DIRECTION('',(-0.99996378825,0.,-8.510122709093E-03));
#189 = DIRECTION('',(-8.510122709093E-03,0.,0.99996378825));
#190 = ORIENTED_EDGE('',*,*,#191,.T.);
#191 = EDGE_CURVE('',#183,#89,#192,.T.);
#192 = LINE('',#193,#194);
#193 = CARTESIAN_POINT('',(-4.787260366973,1.24,2.502249435556));
#194 = VECTOR('',#195,1.);
#195 = DIRECTION('',(-0.99996378825,0.,-8.510122709093E-03));
#196 = CYLINDRICAL_SURFACE('',#197,1.095);
#197 = AXIS2_PLACEMENT_3D('',#198,#199,#200);
#198 = CARTESIAN_POINT('',(-4.796291227233,0.97,3.563401377345));
#199 = DIRECTION('',(-0.99996378825,0.,-8.510122709093E-03));
#200 = DIRECTION('',(-8.510122709093E-03,0.,0.99996378825));
#201 = ADVANCED_FACE('',(#202),#211,.T.);
#202 = FACE_BOUND('',#203,.T.);
#203 = EDGE_LOOP('',(#204,#210));
#204 = ORIENTED_EDGE('',*,*,#205,.T.);
#205 = EDGE_CURVE('',#89,#87,#206,.T.);
#206 = LINE('',#207,#208);
#207 = CARTESIAN_POINT('',(-5.7771502774,1.24,-1.040112554828));
#208 = VECTOR('',#209,1.);
#209 = DIRECTION('',(-8.510122709093E-03,0.,0.99996378825));
#210 = ORIENTED_EDGE('',*,*,#86,.T.);
#211 = PLANE('',#212);
#212 = AXIS2_PLACEMENT_3D('',#213,#214,#215);
#213 = CARTESIAN_POINT('',(-5.816254291249,0.97,3.554721052182));
#214 = DIRECTION('',(-0.99996378825,0.,-8.510122709093E-03));
#215 = DIRECTION('',(-8.510122709093E-03,0.,0.99996378825));
#216 = ADVANCED_FACE('',(#217),#228,.F.);
#217 = FACE_BOUND('',#218,.F.);
#218 = EDGE_LOOP('',(#219,#225,#226,#227));
#219 = ORIENTED_EDGE('',*,*,#220,.F.);
#220 = EDGE_CURVE('',#183,#98,#221,.T.);
#221 = LINE('',#222,#223);
#222 = CARTESIAN_POINT('',(-5.01717779833,1.24,-1.033644861569));
#223 = VECTOR('',#224,1.);
#224 = DIRECTION('',(-8.510122709093E-03,0.,0.99996378825));
#225 = ORIENTED_EDGE('',*,*,#191,.T.);
#226 = ORIENTED_EDGE('',*,*,#205,.T.);
#227 = ORIENTED_EDGE('',*,*,#97,.F.);
#228 = PLANE('',#229);
#229 = AXIS2_PLACEMENT_3D('',#230,#231,#232);
#230 = CARTESIAN_POINT('',(-5.01717779833,1.24,-1.033644861569));
#231 = DIRECTION('',(0.,1.,0.));
#232 = DIRECTION('',(-0.99996378825,0.,-8.510122709093E-03));
#233 = ADVANCED_FACE('',(#234),#246,.T.);
#234 = FACE_BOUND('',#235,.T.);
#235 = EDGE_LOOP('',(#236,#237,#238,#244,#245));
#236 = ORIENTED_EDGE('',*,*,#220,.F.);
#237 = ORIENTED_EDGE('',*,*,#182,.T.);
#238 = ORIENTED_EDGE('',*,*,#239,.T.);
#239 = EDGE_CURVE('',#175,#149,#240,.T.);
#240 = LINE('',#241,#242);
#241 = CARTESIAN_POINT('',(-5.01717779833,0.68,-1.033644861569));
#242 = VECTOR('',#243,1.);
#243 = DIRECTION('',(-8.510122709093E-03,0.,0.99996378825));
#244 = ORIENTED_EDGE('',*,*,#148,.T.);
#245 = ORIENTED_EDGE('',*,*,#105,.T.);
#246 = PLANE('',#247);
#247 = AXIS2_PLACEMENT_3D('',#248,#249,#250);
#248 = CARTESIAN_POINT('',(-5.01717779833,0.68,-1.033644861569));
#249 = DIRECTION('',(-0.99996378825,0.,-8.510122709093E-03));
#250 = DIRECTION('',(-8.510122709093E-03,0.,0.99996378825));
#251 = ADVANCED_FACE('',(#252),#263,.T.);
#252 = FACE_BOUND('',#253,.T.);
#253 = EDGE_LOOP('',(#254,#255,#256,#262));
#254 = ORIENTED_EDGE('',*,*,#239,.F.);
#255 = ORIENTED_EDGE('',*,*,#174,.T.);
#256 = ORIENTED_EDGE('',*,*,#257,.T.);
#257 = EDGE_CURVE('',#166,#158,#258,.T.);
#258 = LINE('',#259,#260);
#259 = CARTESIAN_POINT('',(-5.7771502774,0.68,-1.040112554828));
#260 = VECTOR('',#261,1.);
#261 = DIRECTION('',(-8.510122709093E-03,0.,0.99996378825));
#262 = ORIENTED_EDGE('',*,*,#157,.F.);
#263 = PLANE('',#264);
#264 = AXIS2_PLACEMENT_3D('',#265,#266,#267);
#265 = CARTESIAN_POINT('',(-5.01717779833,0.68,-1.033644861569));
#266 = DIRECTION('',(0.,1.,0.));
#267 = DIRECTION('',(-0.99996378825,0.,-8.510122709093E-03));
#268 = ADVANCED_FACE('',(#269),#273,.T.);
#269 = FACE_BOUND('',#270,.T.);
#270 = EDGE_LOOP('',(#271,#272));
#271 = ORIENTED_EDGE('',*,*,#165,.T.);
#272 = ORIENTED_EDGE('',*,*,#257,.F.);
#273 = PLANE('',#274);
#274 = AXIS2_PLACEMENT_3D('',#275,#276,#277);
#275 = CARTESIAN_POINT('',(-5.816254291249,0.97,3.554721052182));
#276 = DIRECTION('',(-0.99996378825,0.,-8.510122709093E-03));
#277 = DIRECTION('',(-8.510122709093E-03,0.,0.99996378825));
#278 = ADVANCED_FACE('',(#279),#289,.F.);
#279 = FACE_BOUND('',#280,.F.);
#280 = EDGE_LOOP('',(#281,#282,#283));
#281 = ORIENTED_EDGE('',*,*,#140,.T.);
#282 = ORIENTED_EDGE('',*,*,#122,.T.);
#283 = ORIENTED_EDGE('',*,*,#284,.F.);
#284 = EDGE_CURVE('',#132,#123,#285,.T.);
#285 = LINE('',#286,#287);
#286 = CARTESIAN_POINT('',(-4.8,-0.7825,3.999192798002));
#287 = VECTOR('',#288,1.);
#288 = DIRECTION('',(0.,1.,0.));
#289 = PLANE('',#290);
#290 = AXIS2_PLACEMENT_3D('',#291,#292,#293);
#291 = CARTESIAN_POINT('',(-4.796291227233,0.97,3.563401377345));
#292 = DIRECTION('',(-0.99996378825,0.,-8.510122709093E-03));
#293 = DIRECTION('',(-8.510122709093E-03,0.,0.99996378825));
#294 = ADVANCED_FACE('',(#295,#361),#365,.T.);
#295 = FACE_BOUND('',#296,.T.);
#296 = EDGE_LOOP('',(#297,#307,#315,#323,#331,#339,#347,#355));
#297 = ORIENTED_EDGE('',*,*,#298,.T.);
#298 = EDGE_CURVE('',#299,#301,#303,.T.);
#299 = VERTEX_POINT('',#300);
#300 = CARTESIAN_POINT('',(-4.8,-7.3,4.83));
#301 = VERTEX_POINT('',#302);
#302 = CARTESIAN_POINT('',(-4.8,2.23,4.83));
#303 = LINE('',#304,#305);
#304 = CARTESIAN_POINT('',(-4.8,-7.3,4.83));
#305 = VECTOR('',#306,1.);
#306 = DIRECTION('',(0.,1.,0.));
#307 = ORIENTED_EDGE('',*,*,#308,.F.);
#308 = EDGE_CURVE('',#309,#301,#311,.T.);
#309 = VERTEX_POINT('',#310);
#310 = CARTESIAN_POINT('',(-4.8,2.23,0.));
#311 = LINE('',#312,#313);
#312 = CARTESIAN_POINT('',(-4.8,2.23,0.38));
#313 = VECTOR('',#314,1.);
#314 = DIRECTION('',(0.,0.,1.));
#315 = ORIENTED_EDGE('',*,*,#316,.F.);
#316 = EDGE_CURVE('',#317,#309,#319,.T.);
#317 = VERTEX_POINT('',#318);
#318 = CARTESIAN_POINT('',(-4.8,1.53,0.));
#319 = LINE('',#320,#321);
#320 = CARTESIAN_POINT('',(-4.8,1.53,0.));
#321 = VECTOR('',#322,1.);
#322 = DIRECTION('',(0.,1.,0.));
#323 = ORIENTED_EDGE('',*,*,#324,.T.);
#324 = EDGE_CURVE('',#317,#325,#327,.T.);
#325 = VERTEX_POINT('',#326);
#326 = CARTESIAN_POINT('',(-4.8,1.53,0.38));
#327 = LINE('',#328,#329);
#328 = CARTESIAN_POINT('',(-4.8,1.53,0.));
#329 = VECTOR('',#330,1.);
#330 = DIRECTION('',(0.,0.,1.));
#331 = ORIENTED_EDGE('',*,*,#332,.F.);
#332 = EDGE_CURVE('',#333,#325,#335,.T.);
#333 = VERTEX_POINT('',#334);
#334 = CARTESIAN_POINT('',(-4.8,-6.6,0.38));
#335 = LINE('',#336,#337);
#336 = CARTESIAN_POINT('',(-4.8,-7.3,0.38));
#337 = VECTOR('',#338,1.);
#338 = DIRECTION('',(0.,1.,0.));
#339 = ORIENTED_EDGE('',*,*,#340,.F.);
#340 = EDGE_CURVE('',#341,#333,#343,.T.);
#341 = VERTEX_POINT('',#342);
#342 = CARTESIAN_POINT('',(-4.8,-6.6,0.));
#343 = LINE('',#344,#345);
#344 = CARTESIAN_POINT('',(-4.8,-6.6,0.));
#345 = VECTOR('',#346,1.);
#346 = DIRECTION('',(0.,0.,1.));
#347 = ORIENTED_EDGE('',*,*,#348,.F.);
#348 = EDGE_CURVE('',#349,#341,#351,.T.);
#349 = VERTEX_POINT('',#350);
#350 = CARTESIAN_POINT('',(-4.8,-7.3,0.));
#351 = LINE('',#352,#353);
#352 = CARTESIAN_POINT('',(-4.8,-7.3,0.));
#353 = VECTOR('',#354,1.);
#354 = DIRECTION('',(0.,1.,0.));
#355 = ORIENTED_EDGE('',*,*,#356,.T.);
#356 = EDGE_CURVE('',#349,#299,#357,.T.);
#357 = LINE('',#358,#359);
#358 = CARTESIAN_POINT('',(-4.8,-7.3,0.));
#359 = VECTOR('',#360,1.);
#360 = DIRECTION('',(0.,0.,1.));
#361 = FACE_BOUND('',#362,.T.);
#362 = EDGE_LOOP('',(#363,#364));
#363 = ORIENTED_EDGE('',*,*,#131,.F.);
#364 = ORIENTED_EDGE('',*,*,#284,.F.);
#365 = PLANE('',#366);
#366 = AXIS2_PLACEMENT_3D('',#367,#368,#369);
#367 = CARTESIAN_POINT('',(-4.8,-2.535,2.462435549525));
#368 = DIRECTION('',(-1.,-0.,-0.));
#369 = DIRECTION('',(0.,0.,-1.));
#370 = ADVANCED_FACE('',(#371),#428,.T.);
#371 = FACE_BOUND('',#372,.T.);
#372 = EDGE_LOOP('',(#373,#374,#382,#390,#398,#406,#414,#422));
#373 = ORIENTED_EDGE('',*,*,#298,.F.);
#374 = ORIENTED_EDGE('',*,*,#375,.T.);
#375 = EDGE_CURVE('',#299,#376,#378,.T.);
#376 = VERTEX_POINT('',#377);
#377 = CARTESIAN_POINT('',(5.23,-7.3,4.83));
#378 = LINE('',#379,#380);
#379 = CARTESIAN_POINT('',(4.23,-7.3,4.83));
#380 = VECTOR('',#381,1.);
#381 = DIRECTION('',(1.,0.,0.));
#382 = ORIENTED_EDGE('',*,*,#383,.T.);
#383 = EDGE_CURVE('',#376,#384,#386,.T.);
#384 = VERTEX_POINT('',#385);
#385 = CARTESIAN_POINT('',(5.23,-6.6,4.83));
#386 = LINE('',#387,#388);
#387 = CARTESIAN_POINT('',(5.23,-7.3,4.83));
#388 = VECTOR('',#389,1.);
#389 = DIRECTION('',(0.,1.,0.));
#390 = ORIENTED_EDGE('',*,*,#391,.F.);
#391 = EDGE_CURVE('',#392,#384,#394,.T.);
#392 = VERTEX_POINT('',#393);
#393 = CARTESIAN_POINT('',(4.85,-6.6,4.83));
#394 = LINE('',#395,#396);
#395 = CARTESIAN_POINT('',(4.23,-6.6,4.83));
#396 = VECTOR('',#397,1.);
#397 = DIRECTION('',(1.,0.,0.));
#398 = ORIENTED_EDGE('',*,*,#399,.T.);
#399 = EDGE_CURVE('',#392,#400,#402,.T.);
#400 = VERTEX_POINT('',#401);
#401 = CARTESIAN_POINT('',(4.85,1.53,4.83));
#402 = LINE('',#403,#404);
#403 = CARTESIAN_POINT('',(4.85,-7.3,4.83));
#404 = VECTOR('',#405,1.);
#405 = DIRECTION('',(0.,1.,0.));
#406 = ORIENTED_EDGE('',*,*,#407,.T.);
#407 = EDGE_CURVE('',#400,#408,#410,.T.);
#408 = VERTEX_POINT('',#409);
#409 = CARTESIAN_POINT('',(5.23,1.53,4.83));
#410 = LINE('',#411,#412);
#411 = CARTESIAN_POINT('',(4.23,1.53,4.83));
#412 = VECTOR('',#413,1.);
#413 = DIRECTION('',(1.,0.,0.));
#414 = ORIENTED_EDGE('',*,*,#415,.T.);
#415 = EDGE_CURVE('',#408,#416,#418,.T.);
#416 = VERTEX_POINT('',#417);
#417 = CARTESIAN_POINT('',(5.23,2.23,4.83));
#418 = LINE('',#419,#420);
#419 = CARTESIAN_POINT('',(5.23,1.53,4.83));
#420 = VECTOR('',#421,1.);
#421 = DIRECTION('',(0.,1.,0.));
#422 = ORIENTED_EDGE('',*,*,#423,.F.);
#423 = EDGE_CURVE('',#301,#416,#424,.T.);
#424 = LINE('',#425,#426);
#425 = CARTESIAN_POINT('',(4.23,2.23,4.83));
#426 = VECTOR('',#427,1.);
#427 = DIRECTION('',(1.,0.,0.));
#428 = PLANE('',#429);
#429 = AXIS2_PLACEMENT_3D('',#430,#431,#432);
#430 = CARTESIAN_POINT('',(0.229483450351,-2.535,4.83));
#431 = DIRECTION('',(0.,0.,1.));
#432 = DIRECTION('',(0.,1.,0.));
#433 = ADVANCED_FACE('',(#434),#484,.T.);
#434 = FACE_BOUND('',#435,.T.);
#435 = EDGE_LOOP('',(#436,#437,#445,#453,#461,#469,#477,#483));
#436 = ORIENTED_EDGE('',*,*,#356,.F.);
#437 = ORIENTED_EDGE('',*,*,#438,.T.);
#438 = EDGE_CURVE('',#349,#439,#441,.T.);
#439 = VERTEX_POINT('',#440);
#440 = CARTESIAN_POINT('',(-3.8,-7.3,0.));
#441 = LINE('',#442,#443);
#442 = CARTESIAN_POINT('',(-4.8,-7.3,0.));
#443 = VECTOR('',#444,1.);
#444 = DIRECTION('',(1.,0.,0.));
#445 = ORIENTED_EDGE('',*,*,#446,.T.);
#446 = EDGE_CURVE('',#439,#447,#449,.T.);
#447 = VERTEX_POINT('',#448);
#448 = CARTESIAN_POINT('',(-3.8,-7.3,0.38));
#449 = LINE('',#450,#451);
#450 = CARTESIAN_POINT('',(-3.8,-7.3,0.));
#451 = VECTOR('',#452,1.);
#452 = DIRECTION('',(0.,0.,1.));
#453 = ORIENTED_EDGE('',*,*,#454,.T.);
#454 = EDGE_CURVE('',#447,#455,#457,.T.);
#455 = VERTEX_POINT('',#456);
#456 = CARTESIAN_POINT('',(4.23,-7.3,0.38));
#457 = LINE('',#458,#459);
#458 = CARTESIAN_POINT('',(-4.8,-7.3,0.38));
#459 = VECTOR('',#460,1.);
#460 = DIRECTION('',(1.,0.,0.));
#461 = ORIENTED_EDGE('',*,*,#462,.F.);
#462 = EDGE_CURVE('',#463,#455,#465,.T.);
#463 = VERTEX_POINT('',#464);
#464 = CARTESIAN_POINT('',(4.23,-7.3,0.));
#465 = LINE('',#466,#467);
#466 = CARTESIAN_POINT('',(4.23,-7.3,0.));
#467 = VECTOR('',#468,1.);
#468 = DIRECTION('',(0.,0.,1.));
#469 = ORIENTED_EDGE('',*,*,#470,.T.);
#470 = EDGE_CURVE('',#463,#471,#473,.T.);
#471 = VERTEX_POINT('',#472);
#472 = CARTESIAN_POINT('',(5.23,-7.3,0.));
#473 = LINE('',#474,#475);
#474 = CARTESIAN_POINT('',(4.23,-7.3,0.));
#475 = VECTOR('',#476,1.);
#476 = DIRECTION('',(1.,0.,0.));
#477 = ORIENTED_EDGE('',*,*,#478,.T.);
#478 = EDGE_CURVE('',#471,#376,#479,.T.);
#479 = LINE('',#480,#481);
#480 = CARTESIAN_POINT('',(5.23,-7.3,0.));
#481 = VECTOR('',#482,1.);
#482 = DIRECTION('',(0.,0.,1.));
#483 = ORIENTED_EDGE('',*,*,#375,.F.);
#484 = PLANE('',#485);
#485 = AXIS2_PLACEMENT_3D('',#486,#487,#488);
#486 = CARTESIAN_POINT('',(0.215,-7.3,2.459632545932));
#487 = DIRECTION('',(-0.,-1.,-0.));
#488 = DIRECTION('',(0.,0.,-1.));
#489 = ADVANCED_FACE('',(#490),#540,.T.);
#490 = FACE_BOUND('',#491,.T.);
#491 = EDGE_LOOP('',(#492,#502,#510,#516,#517,#518,#526,#534));
#492 = ORIENTED_EDGE('',*,*,#493,.F.);
#493 = EDGE_CURVE('',#494,#496,#498,.T.);
#494 = VERTEX_POINT('',#495);
#495 = CARTESIAN_POINT('',(-3.8,2.23,0.38));
#496 = VERTEX_POINT('',#497);
#497 = CARTESIAN_POINT('',(4.23,2.23,0.38));
#498 = LINE('',#499,#500);
#499 = CARTESIAN_POINT('',(-4.8,2.23,0.38));
#500 = VECTOR('',#501,1.);
#501 = DIRECTION('',(1.,0.,0.));
#502 = ORIENTED_EDGE('',*,*,#503,.F.);
#503 = EDGE_CURVE('',#504,#494,#506,.T.);
#504 = VERTEX_POINT('',#505);
#505 = CARTESIAN_POINT('',(-3.8,2.23,0.));
#506 = LINE('',#507,#508);
#507 = CARTESIAN_POINT('',(-3.8,2.23,0.));
#508 = VECTOR('',#509,1.);
#509 = DIRECTION('',(0.,0.,1.));
#510 = ORIENTED_EDGE('',*,*,#511,.F.);
#511 = EDGE_CURVE('',#309,#504,#512,.T.);
#512 = LINE('',#513,#514);
#513 = CARTESIAN_POINT('',(-4.8,2.23,0.));
#514 = VECTOR('',#515,1.);
#515 = DIRECTION('',(1.,0.,0.));
#516 = ORIENTED_EDGE('',*,*,#308,.T.);
#517 = ORIENTED_EDGE('',*,*,#423,.T.);
#518 = ORIENTED_EDGE('',*,*,#519,.F.);
#519 = EDGE_CURVE('',#520,#416,#522,.T.);
#520 = VERTEX_POINT('',#521);
#521 = CARTESIAN_POINT('',(5.23,2.23,0.));
#522 = LINE('',#523,#524);
#523 = CARTESIAN_POINT('',(5.23,2.23,0.));
#524 = VECTOR('',#525,1.);
#525 = DIRECTION('',(0.,0.,1.));
#526 = ORIENTED_EDGE('',*,*,#527,.F.);
#527 = EDGE_CURVE('',#528,#520,#530,.T.);
#528 = VERTEX_POINT('',#529);
#529 = CARTESIAN_POINT('',(4.23,2.23,0.));
#530 = LINE('',#531,#532);
#531 = CARTESIAN_POINT('',(4.23,2.23,0.));
#532 = VECTOR('',#533,1.);
#533 = DIRECTION('',(1.,0.,0.));
#534 = ORIENTED_EDGE('',*,*,#535,.T.);
#535 = EDGE_CURVE('',#528,#496,#536,.T.);
#536 = LINE('',#537,#538);
#537 = CARTESIAN_POINT('',(4.23,2.23,0.));
#538 = VECTOR('',#539,1.);
#539 = DIRECTION('',(0.,0.,1.));
#540 = PLANE('',#541);
#541 = AXIS2_PLACEMENT_3D('',#542,#543,#544);
#542 = CARTESIAN_POINT('',(0.215,2.23,2.459632545932));
#543 = DIRECTION('',(0.,1.,0.));
#544 = DIRECTION('',(0.,-0.,1.));
#545 = ADVANCED_FACE('',(#546),#564,.F.);
#546 = FACE_BOUND('',#547,.F.);
#547 = EDGE_LOOP('',(#548,#549,#550,#558));
#548 = ORIENTED_EDGE('',*,*,#348,.F.);
#549 = ORIENTED_EDGE('',*,*,#438,.T.);
#550 = ORIENTED_EDGE('',*,*,#551,.T.);
#551 = EDGE_CURVE('',#439,#552,#554,.T.);
#552 = VERTEX_POINT('',#553);
#553 = CARTESIAN_POINT('',(-3.8,-6.6,0.));
#554 = LINE('',#555,#556);
#555 = CARTESIAN_POINT('',(-3.8,-7.3,0.));
#556 = VECTOR('',#557,1.);
#557 = DIRECTION('',(0.,1.,0.));
#558 = ORIENTED_EDGE('',*,*,#559,.F.);
#559 = EDGE_CURVE('',#341,#552,#560,.T.);
#560 = LINE('',#561,#562);
#561 = CARTESIAN_POINT('',(-4.8,-6.6,0.));
#562 = VECTOR('',#563,1.);
#563 = DIRECTION('',(1.,0.,0.));
#564 = PLANE('',#565);
#565 = AXIS2_PLACEMENT_3D('',#566,#567,#568);
#566 = CARTESIAN_POINT('',(-4.8,-7.3,0.));
#567 = DIRECTION('',(0.,0.,1.));
#568 = DIRECTION('',(1.,0.,-0.));
#569 = ADVANCED_FACE('',(#570),#588,.F.);
#570 = FACE_BOUND('',#571,.F.);
#571 = EDGE_LOOP('',(#572,#573,#581,#587));
#572 = ORIENTED_EDGE('',*,*,#316,.F.);
#573 = ORIENTED_EDGE('',*,*,#574,.T.);
#574 = EDGE_CURVE('',#317,#575,#577,.T.);
#575 = VERTEX_POINT('',#576);
#576 = CARTESIAN_POINT('',(-3.8,1.53,0.));
#577 = LINE('',#578,#579);
#578 = CARTESIAN_POINT('',(-4.8,1.53,0.));
#579 = VECTOR('',#580,1.);
#580 = DIRECTION('',(1.,0.,0.));
#581 = ORIENTED_EDGE('',*,*,#582,.T.);
#582 = EDGE_CURVE('',#575,#504,#583,.T.);
#583 = LINE('',#584,#585);
#584 = CARTESIAN_POINT('',(-3.8,1.53,0.));
#585 = VECTOR('',#586,1.);
#586 = DIRECTION('',(0.,1.,0.));
#587 = ORIENTED_EDGE('',*,*,#511,.F.);
#588 = PLANE('',#589);
#589 = AXIS2_PLACEMENT_3D('',#590,#591,#592);
#590 = CARTESIAN_POINT('',(-4.8,1.53,0.));
#591 = DIRECTION('',(0.,0.,1.));
#592 = DIRECTION('',(1.,0.,-0.));
#593 = ADVANCED_FACE('',(#594),#612,.T.);
#594 = FACE_BOUND('',#595,.T.);
#595 = EDGE_LOOP('',(#596,#604,#605,#606));
#596 = ORIENTED_EDGE('',*,*,#597,.F.);
#597 = EDGE_CURVE('',#552,#598,#600,.T.);
#598 = VERTEX_POINT('',#599);
#599 = CARTESIAN_POINT('',(-3.8,-6.6,0.38));
#600 = LINE('',#601,#602);
#601 = CARTESIAN_POINT('',(-3.8,-6.6,0.));
#602 = VECTOR('',#603,1.);
#603 = DIRECTION('',(0.,0.,1.));
#604 = ORIENTED_EDGE('',*,*,#559,.F.);
#605 = ORIENTED_EDGE('',*,*,#340,.T.);
#606 = ORIENTED_EDGE('',*,*,#607,.F.);
#607 = EDGE_CURVE('',#598,#333,#608,.T.);
#608 = LINE('',#609,#610);
#609 = CARTESIAN_POINT('',(-4.8,-6.6,0.38));
#610 = VECTOR('',#611,1.);
#611 = DIRECTION('',(-1.,0.,0.));
#612 = PLANE('',#613);
#613 = AXIS2_PLACEMENT_3D('',#614,#615,#616);
#614 = CARTESIAN_POINT('',(-4.8,-6.6,0.));
#615 = DIRECTION('',(0.,1.,0.));
#616 = DIRECTION('',(0.,-0.,1.));
#617 = ADVANCED_FACE('',(#618),#636,.F.);
#618 = FACE_BOUND('',#619,.F.);
#619 = EDGE_LOOP('',(#620,#628,#629,#630));
#620 = ORIENTED_EDGE('',*,*,#621,.F.);
#621 = EDGE_CURVE('',#575,#622,#624,.T.);
#622 = VERTEX_POINT('',#623);
#623 = CARTESIAN_POINT('',(-3.8,1.53,0.38));
#624 = LINE('',#625,#626);
#625 = CARTESIAN_POINT('',(-3.8,1.53,0.));
#626 = VECTOR('',#627,1.);
#627 = DIRECTION('',(0.,0.,1.));
#628 = ORIENTED_EDGE('',*,*,#574,.F.);
#629 = ORIENTED_EDGE('',*,*,#324,.T.);
#630 = ORIENTED_EDGE('',*,*,#631,.F.);
#631 = EDGE_CURVE('',#622,#325,#632,.T.);
#632 = LINE('',#633,#634);
#633 = CARTESIAN_POINT('',(-4.8,1.53,0.38));
#634 = VECTOR('',#635,1.);
#635 = DIRECTION('',(-1.,0.,0.));
#636 = PLANE('',#637);
#637 = AXIS2_PLACEMENT_3D('',#638,#639,#640);
#638 = CARTESIAN_POINT('',(-4.8,1.53,0.));
#639 = DIRECTION('',(0.,1.,0.));
#640 = DIRECTION('',(0.,-0.,1.));
#641 = ADVANCED_FACE('',(#642,#699,#710,#721),#732,.F.);
#642 = FACE_BOUND('',#643,.F.);
#643 = EDGE_LOOP('',(#644,#645,#646,#652,#653,#661,#669,#677,#685,#691,
    #692,#698));
#644 = ORIENTED_EDGE('',*,*,#332,.F.);
#645 = ORIENTED_EDGE('',*,*,#607,.F.);
#646 = ORIENTED_EDGE('',*,*,#647,.F.);
#647 = EDGE_CURVE('',#447,#598,#648,.T.);
#648 = LINE('',#649,#650);
#649 = CARTESIAN_POINT('',(-3.8,-7.3,0.38));
#650 = VECTOR('',#651,1.);
#651 = DIRECTION('',(0.,1.,0.));
#652 = ORIENTED_EDGE('',*,*,#454,.T.);
#653 = ORIENTED_EDGE('',*,*,#654,.T.);
#654 = EDGE_CURVE('',#455,#655,#657,.T.);
#655 = VERTEX_POINT('',#656);
#656 = CARTESIAN_POINT('',(4.23,-6.6,0.38));
#657 = LINE('',#658,#659);
#658 = CARTESIAN_POINT('',(4.23,-7.3,0.38));
#659 = VECTOR('',#660,1.);
#660 = DIRECTION('',(0.,1.,0.));
#661 = ORIENTED_EDGE('',*,*,#662,.F.);
#662 = EDGE_CURVE('',#663,#655,#665,.T.);
#663 = VERTEX_POINT('',#664);
#664 = CARTESIAN_POINT('',(4.85,-6.6,0.38));
#665 = LINE('',#666,#667);
#666 = CARTESIAN_POINT('',(-0.285,-6.6,0.38));
#667 = VECTOR('',#668,1.);
#668 = DIRECTION('',(-1.,0.,0.));
#669 = ORIENTED_EDGE('',*,*,#670,.T.);
#670 = EDGE_CURVE('',#663,#671,#673,.T.);
#671 = VERTEX_POINT('',#672);
#672 = CARTESIAN_POINT('',(4.85,1.53,0.38));
#673 = LINE('',#674,#675);
#674 = CARTESIAN_POINT('',(4.85,-7.3,0.38));
#675 = VECTOR('',#676,1.);
#676 = DIRECTION('',(0.,1.,0.));
#677 = ORIENTED_EDGE('',*,*,#678,.T.);
#678 = EDGE_CURVE('',#671,#679,#681,.T.);
#679 = VERTEX_POINT('',#680);
#680 = CARTESIAN_POINT('',(4.23,1.53,0.38));
#681 = LINE('',#682,#683);
#682 = CARTESIAN_POINT('',(-0.285,1.53,0.38));
#683 = VECTOR('',#684,1.);
#684 = DIRECTION('',(-1.,0.,0.));
#685 = ORIENTED_EDGE('',*,*,#686,.T.);
#686 = EDGE_CURVE('',#679,#496,#687,.T.);
#687 = LINE('',#688,#689);
#688 = CARTESIAN_POINT('',(4.23,-2.885,0.38));
#689 = VECTOR('',#690,1.);
#690 = DIRECTION('',(0.,1.,0.));
#691 = ORIENTED_EDGE('',*,*,#493,.F.);
#692 = ORIENTED_EDGE('',*,*,#693,.F.);
#693 = EDGE_CURVE('',#622,#494,#694,.T.);
#694 = LINE('',#695,#696);
#695 = CARTESIAN_POINT('',(-3.8,-2.885,0.38));
#696 = VECTOR('',#697,1.);
#697 = DIRECTION('',(0.,1.,0.));
#698 = ORIENTED_EDGE('',*,*,#631,.T.);
#699 = FACE_BOUND('',#700,.F.);
#700 = EDGE_LOOP('',(#701));
#701 = ORIENTED_EDGE('',*,*,#702,.F.);
#702 = EDGE_CURVE('',#703,#703,#705,.T.);
#703 = VERTEX_POINT('',#704);
#704 = CARTESIAN_POINT('',(0.255,-5.08,0.38));
#705 = CIRCLE('',#706,0.255);
#706 = AXIS2_PLACEMENT_3D('',#707,#708,#709);
#707 = CARTESIAN_POINT('',(0.,-5.08,0.38));
#708 = DIRECTION('',(0.,0.,1.));
#709 = DIRECTION('',(1.,0.,-0.));
#710 = FACE_BOUND('',#711,.F.);
#711 = EDGE_LOOP('',(#712));
#712 = ORIENTED_EDGE('',*,*,#713,.F.);
#713 = EDGE_CURVE('',#714,#714,#716,.T.);
#714 = VERTEX_POINT('',#715);
#715 = CARTESIAN_POINT('',(-2.285,-2.54,0.38));
#716 = CIRCLE('',#717,0.255);
#717 = AXIS2_PLACEMENT_3D('',#718,#719,#720);
#718 = CARTESIAN_POINT('',(-2.54,-2.54,0.38));
#719 = DIRECTION('',(0.,0.,1.));
#720 = DIRECTION('',(1.,0.,-0.));
#721 = FACE_BOUND('',#722,.F.);
#722 = EDGE_LOOP('',(#723));
#723 = ORIENTED_EDGE('',*,*,#724,.F.);
#724 = EDGE_CURVE('',#725,#725,#727,.T.);
#725 = VERTEX_POINT('',#726);
#726 = CARTESIAN_POINT('',(0.255,0.,0.38));
#727 = CIRCLE('',#728,0.255);
#728 = AXIS2_PLACEMENT_3D('',#729,#730,#731);
#729 = CARTESIAN_POINT('',(0.,0.,0.38));
#730 = DIRECTION('',(0.,0.,1.));
#731 = DIRECTION('',(1.,0.,-0.));
#732 = PLANE('',#733);
#733 = AXIS2_PLACEMENT_3D('',#734,#735,#736);
#734 = CARTESIAN_POINT('',(-4.8,-7.3,0.38));
#735 = DIRECTION('',(0.,0.,1.));
#736 = DIRECTION('',(1.,0.,-0.));
#737 = ADVANCED_FACE('',(#738),#756,.T.);
#738 = FACE_BOUND('',#739,.T.);
#739 = EDGE_LOOP('',(#740,#741,#749,#755));
#740 = ORIENTED_EDGE('',*,*,#478,.F.);
#741 = ORIENTED_EDGE('',*,*,#742,.T.);
#742 = EDGE_CURVE('',#471,#743,#745,.T.);
#743 = VERTEX_POINT('',#744);
#744 = CARTESIAN_POINT('',(5.23,-6.6,0.));
#745 = LINE('',#746,#747);
#746 = CARTESIAN_POINT('',(5.23,-7.3,0.));
#747 = VECTOR('',#748,1.);
#748 = DIRECTION('',(0.,1.,0.));
#749 = ORIENTED_EDGE('',*,*,#750,.T.);
#750 = EDGE_CURVE('',#743,#384,#751,.T.);
#751 = LINE('',#752,#753);
#752 = CARTESIAN_POINT('',(5.23,-6.6,0.));
#753 = VECTOR('',#754,1.);
#754 = DIRECTION('',(0.,0.,1.));
#755 = ORIENTED_EDGE('',*,*,#383,.F.);
#756 = PLANE('',#757);
#757 = AXIS2_PLACEMENT_3D('',#758,#759,#760);
#758 = CARTESIAN_POINT('',(5.23,-7.3,0.));
#759 = DIRECTION('',(1.,0.,0.));
#760 = DIRECTION('',(0.,0.,1.));
#761 = ADVANCED_FACE('',(#762),#787,.T.);
#762 = FACE_BOUND('',#763,.T.);
#763 = EDGE_LOOP('',(#764,#765,#773,#779,#780,#786));
#764 = ORIENTED_EDGE('',*,*,#750,.F.);
#765 = ORIENTED_EDGE('',*,*,#766,.F.);
#766 = EDGE_CURVE('',#767,#743,#769,.T.);
#767 = VERTEX_POINT('',#768);
#768 = CARTESIAN_POINT('',(4.23,-6.6,0.));
#769 = LINE('',#770,#771);
#770 = CARTESIAN_POINT('',(4.23,-6.6,0.));
#771 = VECTOR('',#772,1.);
#772 = DIRECTION('',(1.,0.,0.));
#773 = ORIENTED_EDGE('',*,*,#774,.T.);
#774 = EDGE_CURVE('',#767,#655,#775,.T.);
#775 = LINE('',#776,#777);
#776 = CARTESIAN_POINT('',(4.23,-6.6,0.));
#777 = VECTOR('',#778,1.);
#778 = DIRECTION('',(0.,0.,1.));
#779 = ORIENTED_EDGE('',*,*,#662,.F.);
#780 = ORIENTED_EDGE('',*,*,#781,.T.);
#781 = EDGE_CURVE('',#663,#392,#782,.T.);
#782 = LINE('',#783,#784);
#783 = CARTESIAN_POINT('',(4.85,-6.6,0.19));
#784 = VECTOR('',#785,1.);
#785 = DIRECTION('',(0.,0.,1.));
#786 = ORIENTED_EDGE('',*,*,#391,.T.);
#787 = PLANE('',#788);
#788 = AXIS2_PLACEMENT_3D('',#789,#790,#791);
#789 = CARTESIAN_POINT('',(4.23,-6.6,0.));
#790 = DIRECTION('',(0.,1.,0.));
#791 = DIRECTION('',(0.,-0.,1.));
#792 = ADVANCED_FACE('',(#793),#804,.T.);
#793 = FACE_BOUND('',#794,.T.);
#794 = EDGE_LOOP('',(#795,#796,#797,#798));
#795 = ORIENTED_EDGE('',*,*,#399,.F.);
#796 = ORIENTED_EDGE('',*,*,#781,.F.);
#797 = ORIENTED_EDGE('',*,*,#670,.T.);
#798 = ORIENTED_EDGE('',*,*,#799,.T.);
#799 = EDGE_CURVE('',#671,#400,#800,.T.);
#800 = LINE('',#801,#802);
#801 = CARTESIAN_POINT('',(4.85,1.53,0.19));
#802 = VECTOR('',#803,1.);
#803 = DIRECTION('',(0.,0.,1.));
#804 = PLANE('',#805);
#805 = AXIS2_PLACEMENT_3D('',#806,#807,#808);
#806 = CARTESIAN_POINT('',(4.85,-7.3,0.38));
#807 = DIRECTION('',(1.,0.,0.));
#808 = DIRECTION('',(0.,0.,1.));
#809 = ADVANCED_FACE('',(#810),#837,.F.);
#810 = FACE_BOUND('',#811,.F.);
#811 = EDGE_LOOP('',(#812,#820,#828,#834,#835,#836));
#812 = ORIENTED_EDGE('',*,*,#813,.F.);
#813 = EDGE_CURVE('',#814,#408,#816,.T.);
#814 = VERTEX_POINT('',#815);
#815 = CARTESIAN_POINT('',(5.23,1.53,0.));
#816 = LINE('',#817,#818);
#817 = CARTESIAN_POINT('',(5.23,1.53,0.));
#818 = VECTOR('',#819,1.);
#819 = DIRECTION('',(0.,0.,1.));
#820 = ORIENTED_EDGE('',*,*,#821,.F.);
#821 = EDGE_CURVE('',#822,#814,#824,.T.);
#822 = VERTEX_POINT('',#823);
#823 = CARTESIAN_POINT('',(4.23,1.53,0.));
#824 = LINE('',#825,#826);
#825 = CARTESIAN_POINT('',(4.23,1.53,0.));
#826 = VECTOR('',#827,1.);
#827 = DIRECTION('',(1.,0.,0.));
#828 = ORIENTED_EDGE('',*,*,#829,.T.);
#829 = EDGE_CURVE('',#822,#679,#830,.T.);
#830 = LINE('',#831,#832);
#831 = CARTESIAN_POINT('',(4.23,1.53,0.));
#832 = VECTOR('',#833,1.);
#833 = DIRECTION('',(0.,0.,1.));
#834 = ORIENTED_EDGE('',*,*,#678,.F.);
#835 = ORIENTED_EDGE('',*,*,#799,.T.);
#836 = ORIENTED_EDGE('',*,*,#407,.T.);
#837 = PLANE('',#838);
#838 = AXIS2_PLACEMENT_3D('',#839,#840,#841);
#839 = CARTESIAN_POINT('',(4.23,1.53,0.));
#840 = DIRECTION('',(0.,1.,0.));
#841 = DIRECTION('',(0.,-0.,1.));
#842 = ADVANCED_FACE('',(#843),#854,.T.);
#843 = FACE_BOUND('',#844,.T.);
#844 = EDGE_LOOP('',(#845,#846,#852,#853));
#845 = ORIENTED_EDGE('',*,*,#813,.F.);
#846 = ORIENTED_EDGE('',*,*,#847,.T.);
#847 = EDGE_CURVE('',#814,#520,#848,.T.);
#848 = LINE('',#849,#850);
#849 = CARTESIAN_POINT('',(5.23,1.53,0.));
#850 = VECTOR('',#851,1.);
#851 = DIRECTION('',(0.,1.,0.));
#852 = ORIENTED_EDGE('',*,*,#519,.T.);
#853 = ORIENTED_EDGE('',*,*,#415,.F.);
#854 = PLANE('',#855);
#855 = AXIS2_PLACEMENT_3D('',#856,#857,#858);
#856 = CARTESIAN_POINT('',(5.23,1.53,0.));
#857 = DIRECTION('',(1.,0.,0.));
#858 = DIRECTION('',(0.,0.,1.));
#859 = ADVANCED_FACE('',(#860),#866,.T.);
#860 = FACE_BOUND('',#861,.T.);
#861 = EDGE_LOOP('',(#862,#863,#864,#865));
#862 = ORIENTED_EDGE('',*,*,#446,.F.);
#863 = ORIENTED_EDGE('',*,*,#551,.T.);
#864 = ORIENTED_EDGE('',*,*,#597,.T.);
#865 = ORIENTED_EDGE('',*,*,#647,.F.);
#866 = PLANE('',#867);
#867 = AXIS2_PLACEMENT_3D('',#868,#869,#870);
#868 = CARTESIAN_POINT('',(-3.8,-7.3,0.));
#869 = DIRECTION('',(1.,0.,0.));
#870 = DIRECTION('',(0.,0.,1.));
#871 = ADVANCED_FACE('',(#872),#883,.F.);
#872 = FACE_BOUND('',#873,.F.);
#873 = EDGE_LOOP('',(#874,#875,#881,#882));
#874 = ORIENTED_EDGE('',*,*,#462,.F.);
#875 = ORIENTED_EDGE('',*,*,#876,.T.);
#876 = EDGE_CURVE('',#463,#767,#877,.T.);
#877 = LINE('',#878,#879);
#878 = CARTESIAN_POINT('',(4.23,-7.3,0.));
#879 = VECTOR('',#880,1.);
#880 = DIRECTION('',(0.,1.,0.));
#881 = ORIENTED_EDGE('',*,*,#774,.T.);
#882 = ORIENTED_EDGE('',*,*,#654,.F.);
#883 = PLANE('',#884);
#884 = AXIS2_PLACEMENT_3D('',#885,#886,#887);
#885 = CARTESIAN_POINT('',(4.23,-7.3,0.));
#886 = DIRECTION('',(1.,0.,0.));
#887 = DIRECTION('',(0.,0.,1.));
#888 = ADVANCED_FACE('',(#889),#895,.F.);
#889 = FACE_BOUND('',#890,.F.);
#890 = EDGE_LOOP('',(#891,#892,#893,#894));
#891 = ORIENTED_EDGE('',*,*,#876,.F.);
#892 = ORIENTED_EDGE('',*,*,#470,.T.);
#893 = ORIENTED_EDGE('',*,*,#742,.T.);
#894 = ORIENTED_EDGE('',*,*,#766,.F.);
#895 = PLANE('',#896);
#896 = AXIS2_PLACEMENT_3D('',#897,#898,#899);
#897 = CARTESIAN_POINT('',(4.23,-7.3,0.));
#898 = DIRECTION('',(0.,0.,1.));
#899 = DIRECTION('',(1.,0.,-0.));
#900 = ADVANCED_FACE('',(#901),#907,.T.);
#901 = FACE_BOUND('',#902,.T.);
#902 = EDGE_LOOP('',(#903,#904,#905,#906));
#903 = ORIENTED_EDGE('',*,*,#621,.F.);
#904 = ORIENTED_EDGE('',*,*,#582,.T.);
#905 = ORIENTED_EDGE('',*,*,#503,.T.);
#906 = ORIENTED_EDGE('',*,*,#693,.F.);
#907 = PLANE('',#908);
#908 = AXIS2_PLACEMENT_3D('',#909,#910,#911);
#909 = CARTESIAN_POINT('',(-3.8,1.53,0.));
#910 = DIRECTION('',(1.,0.,0.));
#911 = DIRECTION('',(0.,0.,1.));
#912 = ADVANCED_FACE('',(#913),#924,.F.);
#913 = FACE_BOUND('',#914,.F.);
#914 = EDGE_LOOP('',(#915,#921,#922,#923));
#915 = ORIENTED_EDGE('',*,*,#916,.F.);
#916 = EDGE_CURVE('',#822,#528,#917,.T.);
#917 = LINE('',#918,#919);
#918 = CARTESIAN_POINT('',(4.23,1.53,0.));
#919 = VECTOR('',#920,1.);
#920 = DIRECTION('',(0.,1.,0.));
#921 = ORIENTED_EDGE('',*,*,#821,.T.);
#922 = ORIENTED_EDGE('',*,*,#847,.T.);
#923 = ORIENTED_EDGE('',*,*,#527,.F.);
#924 = PLANE('',#925);
#925 = AXIS2_PLACEMENT_3D('',#926,#927,#928);
#926 = CARTESIAN_POINT('',(4.23,1.53,0.));
#927 = DIRECTION('',(0.,0.,1.));
#928 = DIRECTION('',(1.,0.,-0.));
#929 = ADVANCED_FACE('',(#930),#936,.F.);
#930 = FACE_BOUND('',#931,.F.);
#931 = EDGE_LOOP('',(#932,#933,#934,#935));
#932 = ORIENTED_EDGE('',*,*,#829,.F.);
#933 = ORIENTED_EDGE('',*,*,#916,.T.);
#934 = ORIENTED_EDGE('',*,*,#535,.T.);
#935 = ORIENTED_EDGE('',*,*,#686,.F.);
#936 = PLANE('',#937);
#937 = AXIS2_PLACEMENT_3D('',#938,#939,#940);
#938 = CARTESIAN_POINT('',(4.23,1.53,0.));
#939 = DIRECTION('',(1.,0.,0.));
#940 = DIRECTION('',(0.,0.,1.));
#941 = ADVANCED_FACE('',(#942),#961,.T.);
#942 = FACE_BOUND('',#943,.T.);
#943 = EDGE_LOOP('',(#944,#945,#953,#960));
#944 = ORIENTED_EDGE('',*,*,#702,.F.);
#945 = ORIENTED_EDGE('',*,*,#946,.F.);
#946 = EDGE_CURVE('',#947,#703,#949,.T.);
#947 = VERTEX_POINT('',#948);
#948 = CARTESIAN_POINT('',(0.255,-5.08,-6.02));
#949 = LINE('',#950,#951);
#950 = CARTESIAN_POINT('',(0.255,-5.08,-6.02));
#951 = VECTOR('',#952,1.);
#952 = DIRECTION('',(0.,0.,1.));
#953 = ORIENTED_EDGE('',*,*,#954,.T.);
#954 = EDGE_CURVE('',#947,#947,#955,.T.);
#955 = CIRCLE('',#956,0.255);
#956 = AXIS2_PLACEMENT_3D('',#957,#958,#959);
#957 = CARTESIAN_POINT('',(0.,-5.08,-6.02));
#958 = DIRECTION('',(0.,0.,1.));
#959 = DIRECTION('',(1.,0.,-0.));
#960 = ORIENTED_EDGE('',*,*,#946,.T.);
#961 = CYLINDRICAL_SURFACE('',#962,0.255);
#962 = AXIS2_PLACEMENT_3D('',#963,#964,#965);
#963 = CARTESIAN_POINT('',(0.,-5.08,-6.02));
#964 = DIRECTION('',(0.,0.,1.));
#965 = DIRECTION('',(1.,0.,-0.));
#966 = ADVANCED_FACE('',(#967),#986,.T.);
#967 = FACE_BOUND('',#968,.T.);
#968 = EDGE_LOOP('',(#969,#970,#978,#985));
#969 = ORIENTED_EDGE('',*,*,#713,.F.);
#970 = ORIENTED_EDGE('',*,*,#971,.F.);
#971 = EDGE_CURVE('',#972,#714,#974,.T.);
#972 = VERTEX_POINT('',#973);
#973 = CARTESIAN_POINT('',(-2.285,-2.54,-6.02));
#974 = LINE('',#975,#976);
#975 = CARTESIAN_POINT('',(-2.285,-2.54,-6.02));
#976 = VECTOR('',#977,1.);
#977 = DIRECTION('',(0.,0.,1.));
#978 = ORIENTED_EDGE('',*,*,#979,.T.);
#979 = EDGE_CURVE('',#972,#972,#980,.T.);
#980 = CIRCLE('',#981,0.255);
#981 = AXIS2_PLACEMENT_3D('',#982,#983,#984);
#982 = CARTESIAN_POINT('',(-2.54,-2.54,-6.02));
#983 = DIRECTION('',(0.,0.,1.));
#984 = DIRECTION('',(1.,0.,-0.));
#985 = ORIENTED_EDGE('',*,*,#971,.T.);
#986 = CYLINDRICAL_SURFACE('',#987,0.255);
#987 = AXIS2_PLACEMENT_3D('',#988,#989,#990);
#988 = CARTESIAN_POINT('',(-2.54,-2.54,-6.02));
#989 = DIRECTION('',(0.,0.,1.));
#990 = DIRECTION('',(1.,0.,-0.));
#991 = ADVANCED_FACE('',(#992),#1011,.T.);
#992 = FACE_BOUND('',#993,.T.);
#993 = EDGE_LOOP('',(#994,#995,#1003,#1010));
#994 = ORIENTED_EDGE('',*,*,#724,.F.);
#995 = ORIENTED_EDGE('',*,*,#996,.F.);
#996 = EDGE_CURVE('',#997,#725,#999,.T.);
#997 = VERTEX_POINT('',#998);
#998 = CARTESIAN_POINT('',(0.255,0.,-6.02));
#999 = LINE('',#1000,#1001);
#1000 = CARTESIAN_POINT('',(0.255,-6.E-17,-6.02));
#1001 = VECTOR('',#1002,1.);
#1002 = DIRECTION('',(0.,0.,1.));
#1003 = ORIENTED_EDGE('',*,*,#1004,.T.);
#1004 = EDGE_CURVE('',#997,#997,#1005,.T.);
#1005 = CIRCLE('',#1006,0.255);
#1006 = AXIS2_PLACEMENT_3D('',#1007,#1008,#1009);
#1007 = CARTESIAN_POINT('',(0.,0.,-6.02));
#1008 = DIRECTION('',(0.,0.,1.));
#1009 = DIRECTION('',(1.,0.,-0.));
#1010 = ORIENTED_EDGE('',*,*,#996,.T.);
#1011 = CYLINDRICAL_SURFACE('',#1012,0.255);
#1012 = AXIS2_PLACEMENT_3D('',#1013,#1014,#1015);
#1013 = CARTESIAN_POINT('',(0.,0.,-6.02));
#1014 = DIRECTION('',(0.,0.,1.));
#1015 = DIRECTION('',(1.,0.,-0.));
#1016 = ADVANCED_FACE('',(#1017),#1020,.F.);
#1017 = FACE_BOUND('',#1018,.T.);
#1018 = EDGE_LOOP('',(#1019));
#1019 = ORIENTED_EDGE('',*,*,#954,.F.);
#1020 = PLANE('',#1021);
#1021 = AXIS2_PLACEMENT_3D('',#1022,#1023,#1024);
#1022 = CARTESIAN_POINT('',(0.,-5.08,-6.02));
#1023 = DIRECTION('',(0.,0.,1.));
#1024 = DIRECTION('',(1.,0.,-0.));
#1025 = ADVANCED_FACE('',(#1026),#1029,.F.);
#1026 = FACE_BOUND('',#1027,.T.);
#1027 = EDGE_LOOP('',(#1028));
#1028 = ORIENTED_EDGE('',*,*,#979,.F.);
#1029 = PLANE('',#1030);
#1030 = AXIS2_PLACEMENT_3D('',#1031,#1032,#1033);
#1031 = CARTESIAN_POINT('',(-2.54,-2.54,-6.02));
#1032 = DIRECTION('',(0.,0.,1.));
#1033 = DIRECTION('',(1.,0.,-0.));
#1034 = ADVANCED_FACE('',(#1035),#1038,.F.);
#1035 = FACE_BOUND('',#1036,.T.);
#1036 = EDGE_LOOP('',(#1037));
#1037 = ORIENTED_EDGE('',*,*,#1004,.F.);
#1038 = PLANE('',#1039);
#1039 = AXIS2_PLACEMENT_3D('',#1040,#1041,#1042);
#1040 = CARTESIAN_POINT('',(0.,0.,-6.02));
#1041 = DIRECTION('',(0.,0.,1.));
#1042 = DIRECTION('',(1.,0.,-0.));
#1043 = ( GEOMETRIC_REPRESENTATION_CONTEXT(3) 
GLOBAL_UNCERTAINTY_ASSIGNED_CONTEXT((#1047)) 
GLOBAL_UNIT_ASSIGNED_CONTEXT((#1044,#1045,#1046)) REPRESENTATION_CONTEXT
('Context #1','3D Context with UNIT and UNCERTAINTY') );
#1044 = ( LENGTH_UNIT() NAMED_UNIT(*) SI_UNIT(.MILLI.,.METRE.) );
#1045 = ( NAMED_UNIT(*) PLANE_ANGLE_UNIT() SI_UNIT($,.RADIAN.) );
#1046 = ( NAMED_UNIT(*) SI_UNIT($,.STERADIAN.) SOLID_ANGLE_UNIT() );
#1047 = UNCERTAINTY_MEASURE_WITH_UNIT(LENGTH_MEASURE(1.E-07),#1044,
  'distance_accuracy_value','confusion accuracy');
#1048 = CONTEXT_DEPENDENT_SHAPE_REPRESENTATION(#1049,#1051);
#1049 = ( REPRESENTATION_RELATIONSHIP('','',#79,#56) 
REPRESENTATION_RELATIONSHIP_WITH_TRANSFORMATION(#1050) 
SHAPE_REPRESENTATION_RELATIONSHIP() );
#1050 = ITEM_DEFINED_TRANSFORMATION('','',#11,#57);
#1051 = PRODUCT_DEFINITION_SHAPE('Placement','Placement of an item',
  #1052);
#1052 = NEXT_ASSEMBLY_USAGE_OCCURRENCE('1','=>[0:1:1:3]','',#51,#74,$);
#1053 = PRODUCT_RELATED_PRODUCT_CATEGORY('part',$,(#76));
#1054 = SHAPE_DEFINITION_REPRESENTATION(#1055,#1061);
#1055 = PRODUCT_DEFINITION_SHAPE('','',#1056);
#1056 = PRODUCT_DEFINITION('design','',#1057,#1060);
#1057 = PRODUCT_DEFINITION_FORMATION('','',#1058);
#1058 = PRODUCT('L_APV_APH1030','L_APV_APH1030','',(#1059));
#1059 = PRODUCT_CONTEXT('',#2,'mechanical');
#1060 = PRODUCT_DEFINITION_CONTEXT('part definition',#2,'design');
#1061 = SHAPE_REPRESENTATION('',(#11,#1062),#1066);
#1062 = AXIS2_PLACEMENT_3D('',#1063,#1064,#1065);
#1063 = CARTESIAN_POINT('',(0.,0.,0.));
#1064 = DIRECTION('',(0.,0.,1.));
#1065 = DIRECTION('',(1.,0.,-0.));
#1066 = ( GEOMETRIC_REPRESENTATION_CONTEXT(3) 
GLOBAL_UNCERTAINTY_ASSIGNED_CONTEXT((#1070)) 
GLOBAL_UNIT_ASSIGNED_CONTEXT((#1067,#1068,#1069)) REPRESENTATION_CONTEXT
('Context #1','3D Context with UNIT and UNCERTAINTY') );
#1067 = ( LENGTH_UNIT() NAMED_UNIT(*) SI_UNIT(.MILLI.,.METRE.) );
#1068 = ( NAMED_UNIT(*) PLANE_ANGLE_UNIT() SI_UNIT($,.RADIAN.) );
#1069 = ( NAMED_UNIT(*) SI_UNIT($,.STERADIAN.) SOLID_ANGLE_UNIT() );
#1070 = UNCERTAINTY_MEASURE_WITH_UNIT(LENGTH_MEASURE(1.E-07),#1067,
  'distance_accuracy_value','confusion accuracy');
#1071 = CONTEXT_DEPENDENT_SHAPE_REPRESENTATION(#1072,#1074);
#1072 = ( REPRESENTATION_RELATIONSHIP('','',#1061,#10) 
REPRESENTATION_RELATIONSHIP_WITH_TRANSFORMATION(#1073) 
SHAPE_REPRESENTATION_RELATIONSHIP() );
#1073 = ITEM_DEFINED_TRANSFORMATION('','',#11,#19);
#1074 = PRODUCT_DEFINITION_SHAPE('Placement','Placement of an item',
  #1075);
#1075 = NEXT_ASSEMBLY_USAGE_OCCURRENCE('4','REF**','',#5,#1056,$);
#1076 = PRODUCT_RELATED_PRODUCT_CATEGORY('part',$,(#1058));
#1077 = SHAPE_DEFINITION_REPRESENTATION(#1078,#1084);
#1078 = PRODUCT_DEFINITION_SHAPE('','',#1079);
#1079 = PRODUCT_DEFINITION('design','',#1080,#1083);
#1080 = PRODUCT_DEFINITION_FORMATION('','',#1081);
#1081 = PRODUCT('L_APV_APH1030','L_APV_APH1030','',(#1082));
#1082 = PRODUCT_CONTEXT('',#2,'mechanical');
#1083 = PRODUCT_DEFINITION_CONTEXT('part definition',#2,'design');
#1084 = ADVANCED_BREP_SHAPE_REPRESENTATION('',(#11,#1085),#1869);
#1085 = MANIFOLD_SOLID_BREP('',#1086);
#1086 = CLOSED_SHELL('',(#1087,#1159,#1192,#1225,#1339,#1370,#1394,#1418
    ,#1443,#1460,#1491,#1508,#1532,#1551,#1576,#1623,#1656,#1681,#1698,
    #1710,#1728,#1746,#1770,#1781,#1805,#1829,#1846,#1858));
#1087 = ADVANCED_FACE('',(#1088),#1154,.F.);
#1088 = FACE_BOUND('',#1089,.F.);
#1089 = EDGE_LOOP('',(#1090,#1100,#1108,#1116,#1124,#1132,#1140,#1148));
#1090 = ORIENTED_EDGE('',*,*,#1091,.F.);
#1091 = EDGE_CURVE('',#1092,#1094,#1096,.T.);
#1092 = VERTEX_POINT('',#1093);
#1093 = CARTESIAN_POINT('',(-5.4,-4.5,2.3));
#1094 = VERTEX_POINT('',#1095);
#1095 = CARTESIAN_POINT('',(-5.4,4.5,2.3));
#1096 = LINE('',#1097,#1098);
#1097 = CARTESIAN_POINT('',(-5.4,-4.5,2.3));
#1098 = VECTOR('',#1099,1.);
#1099 = DIRECTION('',(0.,1.,0.));
#1100 = ORIENTED_EDGE('',*,*,#1101,.F.);
#1101 = EDGE_CURVE('',#1102,#1092,#1104,.T.);
#1102 = VERTEX_POINT('',#1103);
#1103 = CARTESIAN_POINT('',(-5.4,-4.5,0.));
#1104 = LINE('',#1105,#1106);
#1105 = CARTESIAN_POINT('',(-5.4,-4.5,0.));
#1106 = VECTOR('',#1107,1.);
#1107 = DIRECTION('',(0.,0.,1.));
#1108 = ORIENTED_EDGE('',*,*,#1109,.T.);
#1109 = EDGE_CURVE('',#1102,#1110,#1112,.T.);
#1110 = VERTEX_POINT('',#1111);
#1111 = CARTESIAN_POINT('',(-5.4,-1.5,0.));
#1112 = LINE('',#1113,#1114);
#1113 = CARTESIAN_POINT('',(-5.4,-5.,0.));
#1114 = VECTOR('',#1115,1.);
#1115 = DIRECTION('',(0.,1.,0.));
#1116 = ORIENTED_EDGE('',*,*,#1117,.T.);
#1117 = EDGE_CURVE('',#1110,#1118,#1120,.T.);
#1118 = VERTEX_POINT('',#1119);
#1119 = CARTESIAN_POINT('',(-5.4,-1.5,0.84));
#1120 = LINE('',#1121,#1122);
#1121 = CARTESIAN_POINT('',(-5.4,-1.5,0.));
#1122 = VECTOR('',#1123,1.);
#1123 = DIRECTION('',(0.,0.,1.));
#1124 = ORIENTED_EDGE('',*,*,#1125,.F.);
#1125 = EDGE_CURVE('',#1126,#1118,#1128,.T.);
#1126 = VERTEX_POINT('',#1127);
#1127 = CARTESIAN_POINT('',(-5.4,1.5,0.84));
#1128 = LINE('',#1129,#1130);
#1129 = CARTESIAN_POINT('',(-5.4,-3.25,0.84));
#1130 = VECTOR('',#1131,1.);
#1131 = DIRECTION('',(0.,-1.,0.));
#1132 = ORIENTED_EDGE('',*,*,#1133,.F.);
#1133 = EDGE_CURVE('',#1134,#1126,#1136,.T.);
#1134 = VERTEX_POINT('',#1135);
#1135 = CARTESIAN_POINT('',(-5.4,1.5,0.));
#1136 = LINE('',#1137,#1138);
#1137 = CARTESIAN_POINT('',(-5.4,1.5,0.));
#1138 = VECTOR('',#1139,1.);
#1139 = DIRECTION('',(0.,0.,1.));
#1140 = ORIENTED_EDGE('',*,*,#1141,.T.);
#1141 = EDGE_CURVE('',#1134,#1142,#1144,.T.);
#1142 = VERTEX_POINT('',#1143);
#1143 = CARTESIAN_POINT('',(-5.4,4.5,0.));
#1144 = LINE('',#1145,#1146);
#1145 = CARTESIAN_POINT('',(-5.4,-5.,0.));
#1146 = VECTOR('',#1147,1.);
#1147 = DIRECTION('',(0.,1.,0.));
#1148 = ORIENTED_EDGE('',*,*,#1149,.T.);
#1149 = EDGE_CURVE('',#1142,#1094,#1150,.T.);
#1150 = LINE('',#1151,#1152);
#1151 = CARTESIAN_POINT('',(-5.4,4.5,0.));
#1152 = VECTOR('',#1153,1.);
#1153 = DIRECTION('',(0.,0.,1.));
#1154 = PLANE('',#1155);
#1155 = AXIS2_PLACEMENT_3D('',#1156,#1157,#1158);
#1156 = CARTESIAN_POINT('',(-5.4,-5.,0.));
#1157 = DIRECTION('',(1.,0.,0.));
#1158 = DIRECTION('',(0.,0.,1.));
#1159 = ADVANCED_FACE('',(#1160),#1187,.T.);
#1160 = FACE_BOUND('',#1161,.T.);
#1161 = EDGE_LOOP('',(#1162,#1171,#1179,#1186));
#1162 = ORIENTED_EDGE('',*,*,#1163,.T.);
#1163 = EDGE_CURVE('',#1092,#1164,#1166,.T.);
#1164 = VERTEX_POINT('',#1165);
#1165 = CARTESIAN_POINT('',(-4.9,-4.5,2.8));
#1166 = CIRCLE('',#1167,0.5);
#1167 = AXIS2_PLACEMENT_3D('',#1168,#1169,#1170);
#1168 = CARTESIAN_POINT('',(-4.9,-4.5,2.3));
#1169 = DIRECTION('',(0.,1.,-0.));
#1170 = DIRECTION('',(-1.,0.,0.));
#1171 = ORIENTED_EDGE('',*,*,#1172,.T.);
#1172 = EDGE_CURVE('',#1164,#1173,#1175,.T.);
#1173 = VERTEX_POINT('',#1174);
#1174 = CARTESIAN_POINT('',(-4.9,4.5,2.8));
#1175 = LINE('',#1176,#1177);
#1176 = CARTESIAN_POINT('',(-4.9,-4.5,2.8));
#1177 = VECTOR('',#1178,1.);
#1178 = DIRECTION('',(0.,1.,0.));
#1179 = ORIENTED_EDGE('',*,*,#1180,.F.);
#1180 = EDGE_CURVE('',#1094,#1173,#1181,.T.);
#1181 = CIRCLE('',#1182,0.5);
#1182 = AXIS2_PLACEMENT_3D('',#1183,#1184,#1185);
#1183 = CARTESIAN_POINT('',(-4.9,4.5,2.3));
#1184 = DIRECTION('',(0.,1.,-0.));
#1185 = DIRECTION('',(-1.,0.,0.));
#1186 = ORIENTED_EDGE('',*,*,#1091,.F.);
#1187 = CYLINDRICAL_SURFACE('',#1188,0.5);
#1188 = AXIS2_PLACEMENT_3D('',#1189,#1190,#1191);
#1189 = CARTESIAN_POINT('',(-4.9,-4.5,2.3));
#1190 = DIRECTION('',(0.,1.,0.));
#1191 = DIRECTION('',(-1.,0.,0.));
#1192 = ADVANCED_FACE('',(#1193),#1220,.T.);
#1193 = FACE_BOUND('',#1194,.T.);
#1194 = EDGE_LOOP('',(#1195,#1204,#1212,#1219));
#1195 = ORIENTED_EDGE('',*,*,#1196,.T.);
#1196 = EDGE_CURVE('',#1094,#1197,#1199,.T.);
#1197 = VERTEX_POINT('',#1198);
#1198 = CARTESIAN_POINT('',(-4.9,5.,2.3));
#1199 = CIRCLE('',#1200,0.5);
#1200 = AXIS2_PLACEMENT_3D('',#1201,#1202,#1203);
#1201 = CARTESIAN_POINT('',(-4.9,4.5,2.3));
#1202 = DIRECTION('',(0.,0.,-1.));
#1203 = DIRECTION('',(-1.,0.,0.));
#1204 = ORIENTED_EDGE('',*,*,#1205,.F.);
#1205 = EDGE_CURVE('',#1206,#1197,#1208,.T.);
#1206 = VERTEX_POINT('',#1207);
#1207 = CARTESIAN_POINT('',(-4.9,5.,0.));
#1208 = LINE('',#1209,#1210);
#1209 = CARTESIAN_POINT('',(-4.9,5.,0.));
#1210 = VECTOR('',#1211,1.);
#1211 = DIRECTION('',(0.,0.,1.));
#1212 = ORIENTED_EDGE('',*,*,#1213,.F.);
#1213 = EDGE_CURVE('',#1142,#1206,#1214,.T.);
#1214 = CIRCLE('',#1215,0.5);
#1215 = AXIS2_PLACEMENT_3D('',#1216,#1217,#1218);
#1216 = CARTESIAN_POINT('',(-4.9,4.5,0.));
#1217 = DIRECTION('',(-0.,-0.,-1.));
#1218 = DIRECTION('',(0.,-1.,0.));
#1219 = ORIENTED_EDGE('',*,*,#1149,.T.);
#1220 = CYLINDRICAL_SURFACE('',#1221,0.5);
#1221 = AXIS2_PLACEMENT_3D('',#1222,#1223,#1224);
#1222 = CARTESIAN_POINT('',(-4.9,4.5,0.));
#1223 = DIRECTION('',(0.,0.,1.));
#1224 = DIRECTION('',(-1.,0.,0.));
#1225 = ADVANCED_FACE('',(#1226),#1334,.F.);
#1226 = FACE_BOUND('',#1227,.F.);
#1227 = EDGE_LOOP('',(#1228,#1229,#1238,#1246,#1255,#1263,#1271,#1279,
    #1287,#1295,#1304,#1310,#1311,#1312,#1320,#1328));
#1228 = ORIENTED_EDGE('',*,*,#1109,.F.);
#1229 = ORIENTED_EDGE('',*,*,#1230,.T.);
#1230 = EDGE_CURVE('',#1102,#1231,#1233,.T.);
#1231 = VERTEX_POINT('',#1232);
#1232 = CARTESIAN_POINT('',(-4.9,-5.,0.));
#1233 = CIRCLE('',#1234,0.5);
#1234 = AXIS2_PLACEMENT_3D('',#1235,#1236,#1237);
#1235 = CARTESIAN_POINT('',(-4.9,-4.5,0.));
#1236 = DIRECTION('',(-0.,0.,1.));
#1237 = DIRECTION('',(0.,-1.,0.));
#1238 = ORIENTED_EDGE('',*,*,#1239,.T.);
#1239 = EDGE_CURVE('',#1231,#1240,#1242,.T.);
#1240 = VERTEX_POINT('',#1241);
#1241 = CARTESIAN_POINT('',(4.9,-5.,0.));
#1242 = LINE('',#1243,#1244);
#1243 = CARTESIAN_POINT('',(-5.4,-5.,0.));
#1244 = VECTOR('',#1245,1.);
#1245 = DIRECTION('',(1.,0.,0.));
#1246 = ORIENTED_EDGE('',*,*,#1247,.F.);
#1247 = EDGE_CURVE('',#1248,#1240,#1250,.T.);
#1248 = VERTEX_POINT('',#1249);
#1249 = CARTESIAN_POINT('',(5.4,-4.5,0.));
#1250 = CIRCLE('',#1251,0.5);
#1251 = AXIS2_PLACEMENT_3D('',#1252,#1253,#1254);
#1252 = CARTESIAN_POINT('',(4.9,-4.5,0.));
#1253 = DIRECTION('',(-0.,-0.,-1.));
#1254 = DIRECTION('',(0.,-1.,0.));
#1255 = ORIENTED_EDGE('',*,*,#1256,.T.);
#1256 = EDGE_CURVE('',#1248,#1257,#1259,.T.);
#1257 = VERTEX_POINT('',#1258);
#1258 = CARTESIAN_POINT('',(5.4,-1.5,0.));
#1259 = LINE('',#1260,#1261);
#1260 = CARTESIAN_POINT('',(5.4,-5.,0.));
#1261 = VECTOR('',#1262,1.);
#1262 = DIRECTION('',(0.,1.,0.));
#1263 = ORIENTED_EDGE('',*,*,#1264,.F.);
#1264 = EDGE_CURVE('',#1265,#1257,#1267,.T.);
#1265 = VERTEX_POINT('',#1266);
#1266 = CARTESIAN_POINT('',(3.51,-1.5,0.));
#1267 = LINE('',#1268,#1269);
#1268 = CARTESIAN_POINT('',(3.51,-1.5,0.));
#1269 = VECTOR('',#1270,1.);
#1270 = DIRECTION('',(1.,0.,0.));
#1271 = ORIENTED_EDGE('',*,*,#1272,.T.);
#1272 = EDGE_CURVE('',#1265,#1273,#1275,.T.);
#1273 = VERTEX_POINT('',#1274);
#1274 = CARTESIAN_POINT('',(3.51,1.5,0.));
#1275 = LINE('',#1276,#1277);
#1276 = CARTESIAN_POINT('',(3.51,-1.5,0.));
#1277 = VECTOR('',#1278,1.);
#1278 = DIRECTION('',(0.,1.,0.));
#1279 = ORIENTED_EDGE('',*,*,#1280,.T.);
#1280 = EDGE_CURVE('',#1273,#1281,#1283,.T.);
#1281 = VERTEX_POINT('',#1282);
#1282 = CARTESIAN_POINT('',(5.4,1.5,0.));
#1283 = LINE('',#1284,#1285);
#1284 = CARTESIAN_POINT('',(3.51,1.5,0.));
#1285 = VECTOR('',#1286,1.);
#1286 = DIRECTION('',(1.,0.,0.));
#1287 = ORIENTED_EDGE('',*,*,#1288,.T.);
#1288 = EDGE_CURVE('',#1281,#1289,#1291,.T.);
#1289 = VERTEX_POINT('',#1290);
#1290 = CARTESIAN_POINT('',(5.4,4.5,0.));
#1291 = LINE('',#1292,#1293);
#1292 = CARTESIAN_POINT('',(5.4,-5.,0.));
#1293 = VECTOR('',#1294,1.);
#1294 = DIRECTION('',(0.,1.,0.));
#1295 = ORIENTED_EDGE('',*,*,#1296,.T.);
#1296 = EDGE_CURVE('',#1289,#1297,#1299,.T.);
#1297 = VERTEX_POINT('',#1298);
#1298 = CARTESIAN_POINT('',(4.9,5.,0.));
#1299 = CIRCLE('',#1300,0.5);
#1300 = AXIS2_PLACEMENT_3D('',#1301,#1302,#1303);
#1301 = CARTESIAN_POINT('',(4.9,4.5,0.));
#1302 = DIRECTION('',(-0.,0.,1.));
#1303 = DIRECTION('',(0.,-1.,0.));
#1304 = ORIENTED_EDGE('',*,*,#1305,.F.);
#1305 = EDGE_CURVE('',#1206,#1297,#1306,.T.);
#1306 = LINE('',#1307,#1308);
#1307 = CARTESIAN_POINT('',(-5.4,5.,0.));
#1308 = VECTOR('',#1309,1.);
#1309 = DIRECTION('',(1.,0.,0.));
#1310 = ORIENTED_EDGE('',*,*,#1213,.F.);
#1311 = ORIENTED_EDGE('',*,*,#1141,.F.);
#1312 = ORIENTED_EDGE('',*,*,#1313,.T.);
#1313 = EDGE_CURVE('',#1134,#1314,#1316,.T.);
#1314 = VERTEX_POINT('',#1315);
#1315 = CARTESIAN_POINT('',(-3.51,1.5,0.));
#1316 = LINE('',#1317,#1318);
#1317 = CARTESIAN_POINT('',(-5.51,1.5,0.));
#1318 = VECTOR('',#1319,1.);
#1319 = DIRECTION('',(1.,0.,0.));
#1320 = ORIENTED_EDGE('',*,*,#1321,.F.);
#1321 = EDGE_CURVE('',#1322,#1314,#1324,.T.);
#1322 = VERTEX_POINT('',#1323);
#1323 = CARTESIAN_POINT('',(-3.51,-1.5,0.));
#1324 = LINE('',#1325,#1326);
#1325 = CARTESIAN_POINT('',(-3.51,-1.5,0.));
#1326 = VECTOR('',#1327,1.);
#1327 = DIRECTION('',(0.,1.,0.));
#1328 = ORIENTED_EDGE('',*,*,#1329,.F.);
#1329 = EDGE_CURVE('',#1110,#1322,#1330,.T.);
#1330 = LINE('',#1331,#1332);
#1331 = CARTESIAN_POINT('',(-5.51,-1.5,0.));
#1332 = VECTOR('',#1333,1.);
#1333 = DIRECTION('',(1.,0.,0.));
#1334 = PLANE('',#1335);
#1335 = AXIS2_PLACEMENT_3D('',#1336,#1337,#1338);
#1336 = CARTESIAN_POINT('',(-5.4,-5.,0.));
#1337 = DIRECTION('',(0.,0.,1.));
#1338 = DIRECTION('',(1.,0.,-0.));
#1339 = ADVANCED_FACE('',(#1340),#1365,.T.);
#1340 = FACE_BOUND('',#1341,.T.);
#1341 = EDGE_LOOP('',(#1342,#1350,#1358,#1364));
#1342 = ORIENTED_EDGE('',*,*,#1343,.F.);
#1343 = EDGE_CURVE('',#1344,#1134,#1346,.T.);
#1344 = VERTEX_POINT('',#1345);
#1345 = CARTESIAN_POINT('',(-5.51,1.5,0.));
#1346 = LINE('',#1347,#1348);
#1347 = CARTESIAN_POINT('',(-5.51,1.5,0.));
#1348 = VECTOR('',#1349,1.);
#1349 = DIRECTION('',(1.,0.,0.));
#1350 = ORIENTED_EDGE('',*,*,#1351,.T.);
#1351 = EDGE_CURVE('',#1344,#1352,#1354,.T.);
#1352 = VERTEX_POINT('',#1353);
#1353 = CARTESIAN_POINT('',(-5.51,1.5,0.84));
#1354 = LINE('',#1355,#1356);
#1355 = CARTESIAN_POINT('',(-5.51,1.5,0.));
#1356 = VECTOR('',#1357,1.);
#1357 = DIRECTION('',(0.,0.,1.));
#1358 = ORIENTED_EDGE('',*,*,#1359,.T.);
#1359 = EDGE_CURVE('',#1352,#1126,#1360,.T.);
#1360 = LINE('',#1361,#1362);
#1361 = CARTESIAN_POINT('',(-5.51,1.5,0.84));
#1362 = VECTOR('',#1363,1.);
#1363 = DIRECTION('',(1.,0.,0.));
#1364 = ORIENTED_EDGE('',*,*,#1133,.F.);
#1365 = PLANE('',#1366);
#1366 = AXIS2_PLACEMENT_3D('',#1367,#1368,#1369);
#1367 = CARTESIAN_POINT('',(-5.51,1.5,0.));
#1368 = DIRECTION('',(0.,1.,0.));
#1369 = DIRECTION('',(0.,-0.,1.));
#1370 = ADVANCED_FACE('',(#1371),#1389,.T.);
#1371 = FACE_BOUND('',#1372,.T.);
#1372 = EDGE_LOOP('',(#1373,#1374,#1382,#1388));
#1373 = ORIENTED_EDGE('',*,*,#1359,.F.);
#1374 = ORIENTED_EDGE('',*,*,#1375,.F.);
#1375 = EDGE_CURVE('',#1376,#1352,#1378,.T.);
#1376 = VERTEX_POINT('',#1377);
#1377 = CARTESIAN_POINT('',(-5.51,-1.5,0.84));
#1378 = LINE('',#1379,#1380);
#1379 = CARTESIAN_POINT('',(-5.51,-1.5,0.84));
#1380 = VECTOR('',#1381,1.);
#1381 = DIRECTION('',(0.,1.,0.));
#1382 = ORIENTED_EDGE('',*,*,#1383,.T.);
#1383 = EDGE_CURVE('',#1376,#1118,#1384,.T.);
#1384 = LINE('',#1385,#1386);
#1385 = CARTESIAN_POINT('',(-5.51,-1.5,0.84));
#1386 = VECTOR('',#1387,1.);
#1387 = DIRECTION('',(1.,0.,0.));
#1388 = ORIENTED_EDGE('',*,*,#1125,.F.);
#1389 = PLANE('',#1390);
#1390 = AXIS2_PLACEMENT_3D('',#1391,#1392,#1393);
#1391 = CARTESIAN_POINT('',(-5.51,-1.5,0.84));
#1392 = DIRECTION('',(0.,0.,1.));
#1393 = DIRECTION('',(1.,0.,-0.));
#1394 = ADVANCED_FACE('',(#1395),#1413,.F.);
#1395 = FACE_BOUND('',#1396,.F.);
#1396 = EDGE_LOOP('',(#1397,#1405,#1411,#1412));
#1397 = ORIENTED_EDGE('',*,*,#1398,.F.);
#1398 = EDGE_CURVE('',#1399,#1110,#1401,.T.);
#1399 = VERTEX_POINT('',#1400);
#1400 = CARTESIAN_POINT('',(-5.51,-1.5,0.));
#1401 = LINE('',#1402,#1403);
#1402 = CARTESIAN_POINT('',(-5.51,-1.5,0.));
#1403 = VECTOR('',#1404,1.);
#1404 = DIRECTION('',(1.,0.,0.));
#1405 = ORIENTED_EDGE('',*,*,#1406,.T.);
#1406 = EDGE_CURVE('',#1399,#1376,#1407,.T.);
#1407 = LINE('',#1408,#1409);
#1408 = CARTESIAN_POINT('',(-5.51,-1.5,0.));
#1409 = VECTOR('',#1410,1.);
#1410 = DIRECTION('',(0.,0.,1.));
#1411 = ORIENTED_EDGE('',*,*,#1383,.T.);
#1412 = ORIENTED_EDGE('',*,*,#1117,.F.);
#1413 = PLANE('',#1414);
#1414 = AXIS2_PLACEMENT_3D('',#1415,#1416,#1417);
#1415 = CARTESIAN_POINT('',(-5.51,-1.5,0.));
#1416 = DIRECTION('',(0.,1.,0.));
#1417 = DIRECTION('',(0.,-0.,1.));
#1418 = ADVANCED_FACE('',(#1419),#1438,.T.);
#1419 = FACE_BOUND('',#1420,.T.);
#1420 = EDGE_LOOP('',(#1421,#1422,#1423,#1431));
#1421 = ORIENTED_EDGE('',*,*,#1101,.F.);
#1422 = ORIENTED_EDGE('',*,*,#1230,.T.);
#1423 = ORIENTED_EDGE('',*,*,#1424,.T.);
#1424 = EDGE_CURVE('',#1231,#1425,#1427,.T.);
#1425 = VERTEX_POINT('',#1426);
#1426 = CARTESIAN_POINT('',(-4.9,-5.,2.3));
#1427 = LINE('',#1428,#1429);
#1428 = CARTESIAN_POINT('',(-4.9,-5.,0.));
#1429 = VECTOR('',#1430,1.);
#1430 = DIRECTION('',(0.,0.,1.));
#1431 = ORIENTED_EDGE('',*,*,#1432,.T.);
#1432 = EDGE_CURVE('',#1425,#1092,#1433,.T.);
#1433 = CIRCLE('',#1434,0.5);
#1434 = AXIS2_PLACEMENT_3D('',#1435,#1436,#1437);
#1435 = CARTESIAN_POINT('',(-4.9,-4.5,2.3));
#1436 = DIRECTION('',(-0.,-0.,-1.));
#1437 = DIRECTION('',(0.,-1.,0.));
#1438 = CYLINDRICAL_SURFACE('',#1439,0.5);
#1439 = AXIS2_PLACEMENT_3D('',#1440,#1441,#1442);
#1440 = CARTESIAN_POINT('',(-4.9,-4.5,0.));
#1441 = DIRECTION('',(0.,0.,1.));
#1442 = DIRECTION('',(-1.,0.,0.));
#1443 = ADVANCED_FACE('',(#1444),#1455,.T.);
#1444 = FACE_BOUND('',#1445,.T.);
#1445 = EDGE_LOOP('',(#1446,#1447,#1448));
#1446 = ORIENTED_EDGE('',*,*,#1163,.F.);
#1447 = ORIENTED_EDGE('',*,*,#1432,.F.);
#1448 = ORIENTED_EDGE('',*,*,#1449,.T.);
#1449 = EDGE_CURVE('',#1425,#1164,#1450,.T.);
#1450 = CIRCLE('',#1451,0.5);
#1451 = AXIS2_PLACEMENT_3D('',#1452,#1453,#1454);
#1452 = CARTESIAN_POINT('',(-4.9,-4.5,2.3));
#1453 = DIRECTION('',(-1.,0.,0.));
#1454 = DIRECTION('',(0.,-1.,0.));
#1455 = SPHERICAL_SURFACE('',#1456,0.5);
#1456 = AXIS2_PLACEMENT_3D('',#1457,#1458,#1459);
#1457 = CARTESIAN_POINT('',(-4.9,-4.5,2.3));
#1458 = DIRECTION('',(0.,0.,1.));
#1459 = DIRECTION('',(0.,-1.,0.));
#1460 = ADVANCED_FACE('',(#1461),#1486,.T.);
#1461 = FACE_BOUND('',#1462,.T.);
#1462 = EDGE_LOOP('',(#1463,#1464,#1472,#1480));
#1463 = ORIENTED_EDGE('',*,*,#1172,.F.);
#1464 = ORIENTED_EDGE('',*,*,#1465,.F.);
#1465 = EDGE_CURVE('',#1466,#1164,#1468,.T.);
#1466 = VERTEX_POINT('',#1467);
#1467 = CARTESIAN_POINT('',(4.9,-4.5,2.8));
#1468 = LINE('',#1469,#1470);
#1469 = CARTESIAN_POINT('',(4.9,-4.5,2.8));
#1470 = VECTOR('',#1471,1.);
#1471 = DIRECTION('',(-1.,-0.,-0.));
#1472 = ORIENTED_EDGE('',*,*,#1473,.F.);
#1473 = EDGE_CURVE('',#1474,#1466,#1476,.T.);
#1474 = VERTEX_POINT('',#1475);
#1475 = CARTESIAN_POINT('',(4.9,4.5,2.8));
#1476 = LINE('',#1477,#1478);
#1477 = CARTESIAN_POINT('',(4.9,4.5,2.8));
#1478 = VECTOR('',#1479,1.);
#1479 = DIRECTION('',(-0.,-1.,-0.));
#1480 = ORIENTED_EDGE('',*,*,#1481,.F.);
#1481 = EDGE_CURVE('',#1173,#1474,#1482,.T.);
#1482 = LINE('',#1483,#1484);
#1483 = CARTESIAN_POINT('',(-4.9,4.5,2.8));
#1484 = VECTOR('',#1485,1.);
#1485 = DIRECTION('',(1.,0.,0.));
#1486 = PLANE('',#1487);
#1487 = AXIS2_PLACEMENT_3D('',#1488,#1489,#1490);
#1488 = CARTESIAN_POINT('',(-5.4,-5.,2.8));
#1489 = DIRECTION('',(0.,0.,1.));
#1490 = DIRECTION('',(1.,0.,-0.));
#1491 = ADVANCED_FACE('',(#1492),#1503,.T.);
#1492 = FACE_BOUND('',#1493,.T.);
#1493 = EDGE_LOOP('',(#1494,#1501,#1502));
#1494 = ORIENTED_EDGE('',*,*,#1495,.F.);
#1495 = EDGE_CURVE('',#1197,#1173,#1496,.T.);
#1496 = CIRCLE('',#1497,0.5);
#1497 = AXIS2_PLACEMENT_3D('',#1498,#1499,#1500);
#1498 = CARTESIAN_POINT('',(-4.9,4.5,2.3));
#1499 = DIRECTION('',(1.,6.123233995737E-17,-0.));
#1500 = DIRECTION('',(-6.123233995737E-17,1.,0.));
#1501 = ORIENTED_EDGE('',*,*,#1196,.F.);
#1502 = ORIENTED_EDGE('',*,*,#1180,.T.);
#1503 = SPHERICAL_SURFACE('',#1504,0.5);
#1504 = AXIS2_PLACEMENT_3D('',#1505,#1506,#1507);
#1505 = CARTESIAN_POINT('',(-4.9,4.5,2.3));
#1506 = DIRECTION('',(0.,0.,1.));
#1507 = DIRECTION('',(-1.,0.,0.));
#1508 = ADVANCED_FACE('',(#1509),#1527,.T.);
#1509 = FACE_BOUND('',#1510,.T.);
#1510 = EDGE_LOOP('',(#1511,#1512,#1520,#1526));
#1511 = ORIENTED_EDGE('',*,*,#1205,.T.);
#1512 = ORIENTED_EDGE('',*,*,#1513,.T.);
#1513 = EDGE_CURVE('',#1197,#1514,#1516,.T.);
#1514 = VERTEX_POINT('',#1515);
#1515 = CARTESIAN_POINT('',(4.9,5.,2.3));
#1516 = LINE('',#1517,#1518);
#1517 = CARTESIAN_POINT('',(-4.9,5.,2.3));
#1518 = VECTOR('',#1519,1.);
#1519 = DIRECTION('',(1.,0.,0.));
#1520 = ORIENTED_EDGE('',*,*,#1521,.F.);
#1521 = EDGE_CURVE('',#1297,#1514,#1522,.T.);
#1522 = LINE('',#1523,#1524);
#1523 = CARTESIAN_POINT('',(4.9,5.,0.));
#1524 = VECTOR('',#1525,1.);
#1525 = DIRECTION('',(0.,0.,1.));
#1526 = ORIENTED_EDGE('',*,*,#1305,.F.);
#1527 = PLANE('',#1528);
#1528 = AXIS2_PLACEMENT_3D('',#1529,#1530,#1531);
#1529 = CARTESIAN_POINT('',(-5.4,5.,0.));
#1530 = DIRECTION('',(0.,1.,0.));
#1531 = DIRECTION('',(0.,-0.,1.));
#1532 = ADVANCED_FACE('',(#1533),#1546,.F.);
#1533 = FACE_BOUND('',#1534,.F.);
#1534 = EDGE_LOOP('',(#1535,#1541,#1542,#1543,#1544,#1545));
#1535 = ORIENTED_EDGE('',*,*,#1536,.F.);
#1536 = EDGE_CURVE('',#1399,#1344,#1537,.T.);
#1537 = LINE('',#1538,#1539);
#1538 = CARTESIAN_POINT('',(-5.51,-1.5,0.));
#1539 = VECTOR('',#1540,1.);
#1540 = DIRECTION('',(0.,1.,0.));
#1541 = ORIENTED_EDGE('',*,*,#1398,.T.);
#1542 = ORIENTED_EDGE('',*,*,#1329,.T.);
#1543 = ORIENTED_EDGE('',*,*,#1321,.T.);
#1544 = ORIENTED_EDGE('',*,*,#1313,.F.);
#1545 = ORIENTED_EDGE('',*,*,#1343,.F.);
#1546 = PLANE('',#1547);
#1547 = AXIS2_PLACEMENT_3D('',#1548,#1549,#1550);
#1548 = CARTESIAN_POINT('',(-5.51,-1.5,0.));
#1549 = DIRECTION('',(0.,0.,1.));
#1550 = DIRECTION('',(1.,0.,-0.));
#1551 = ADVANCED_FACE('',(#1552),#1571,.T.);
#1552 = FACE_BOUND('',#1553,.T.);
#1553 = EDGE_LOOP('',(#1554,#1562,#1563,#1564));
#1554 = ORIENTED_EDGE('',*,*,#1555,.F.);
#1555 = EDGE_CURVE('',#1289,#1556,#1558,.T.);
#1556 = VERTEX_POINT('',#1557);
#1557 = CARTESIAN_POINT('',(5.4,4.5,2.3));
#1558 = LINE('',#1559,#1560);
#1559 = CARTESIAN_POINT('',(5.4,4.5,0.));
#1560 = VECTOR('',#1561,1.);
#1561 = DIRECTION('',(0.,0.,1.));
#1562 = ORIENTED_EDGE('',*,*,#1296,.T.);
#1563 = ORIENTED_EDGE('',*,*,#1521,.T.);
#1564 = ORIENTED_EDGE('',*,*,#1565,.T.);
#1565 = EDGE_CURVE('',#1514,#1556,#1566,.T.);
#1566 = CIRCLE('',#1567,0.5);
#1567 = AXIS2_PLACEMENT_3D('',#1568,#1569,#1570);
#1568 = CARTESIAN_POINT('',(4.9,4.5,2.3));
#1569 = DIRECTION('',(0.,0.,-1.));
#1570 = DIRECTION('',(0.,1.,0.));
#1571 = CYLINDRICAL_SURFACE('',#1572,0.5);
#1572 = AXIS2_PLACEMENT_3D('',#1573,#1574,#1575);
#1573 = CARTESIAN_POINT('',(4.9,4.5,0.));
#1574 = DIRECTION('',(0.,0.,1.));
#1575 = DIRECTION('',(1.,0.,-0.));
#1576 = ADVANCED_FACE('',(#1577),#1618,.T.);
#1577 = FACE_BOUND('',#1578,.T.);
#1578 = EDGE_LOOP('',(#1579,#1587,#1593,#1594,#1602,#1610,#1616,#1617));
#1579 = ORIENTED_EDGE('',*,*,#1580,.T.);
#1580 = EDGE_CURVE('',#1556,#1581,#1583,.T.);
#1581 = VERTEX_POINT('',#1582);
#1582 = CARTESIAN_POINT('',(5.4,-4.5,2.3));
#1583 = LINE('',#1584,#1585);
#1584 = CARTESIAN_POINT('',(5.4,4.5,2.3));
#1585 = VECTOR('',#1586,1.);
#1586 = DIRECTION('',(-0.,-1.,-0.));
#1587 = ORIENTED_EDGE('',*,*,#1588,.F.);
#1588 = EDGE_CURVE('',#1248,#1581,#1589,.T.);
#1589 = LINE('',#1590,#1591);
#1590 = CARTESIAN_POINT('',(5.4,-4.5,0.));
#1591 = VECTOR('',#1592,1.);
#1592 = DIRECTION('',(0.,0.,1.));
#1593 = ORIENTED_EDGE('',*,*,#1256,.T.);
#1594 = ORIENTED_EDGE('',*,*,#1595,.T.);
#1595 = EDGE_CURVE('',#1257,#1596,#1598,.T.);
#1596 = VERTEX_POINT('',#1597);
#1597 = CARTESIAN_POINT('',(5.4,-1.5,0.84));
#1598 = LINE('',#1599,#1600);
#1599 = CARTESIAN_POINT('',(5.4,-1.5,0.));
#1600 = VECTOR('',#1601,1.);
#1601 = DIRECTION('',(0.,0.,1.));
#1602 = ORIENTED_EDGE('',*,*,#1603,.F.);
#1603 = EDGE_CURVE('',#1604,#1596,#1606,.T.);
#1604 = VERTEX_POINT('',#1605);
#1605 = CARTESIAN_POINT('',(5.4,1.5,0.84));
#1606 = LINE('',#1607,#1608);
#1607 = CARTESIAN_POINT('',(5.4,-3.25,0.84));
#1608 = VECTOR('',#1609,1.);
#1609 = DIRECTION('',(0.,-1.,0.));
#1610 = ORIENTED_EDGE('',*,*,#1611,.F.);
#1611 = EDGE_CURVE('',#1281,#1604,#1612,.T.);
#1612 = LINE('',#1613,#1614);
#1613 = CARTESIAN_POINT('',(5.4,1.5,0.));
#1614 = VECTOR('',#1615,1.);
#1615 = DIRECTION('',(0.,0.,1.));
#1616 = ORIENTED_EDGE('',*,*,#1288,.T.);
#1617 = ORIENTED_EDGE('',*,*,#1555,.T.);
#1618 = PLANE('',#1619);
#1619 = AXIS2_PLACEMENT_3D('',#1620,#1621,#1622);
#1620 = CARTESIAN_POINT('',(5.4,-5.,0.));
#1621 = DIRECTION('',(1.,0.,0.));
#1622 = DIRECTION('',(0.,0.,1.));
#1623 = ADVANCED_FACE('',(#1624),#1651,.F.);
#1624 = FACE_BOUND('',#1625,.F.);
#1625 = EDGE_LOOP('',(#1626,#1627,#1628,#1636,#1644,#1650));
#1626 = ORIENTED_EDGE('',*,*,#1272,.F.);
#1627 = ORIENTED_EDGE('',*,*,#1264,.T.);
#1628 = ORIENTED_EDGE('',*,*,#1629,.T.);
#1629 = EDGE_CURVE('',#1257,#1630,#1632,.T.);
#1630 = VERTEX_POINT('',#1631);
#1631 = CARTESIAN_POINT('',(5.51,-1.5,0.));
#1632 = LINE('',#1633,#1634);
#1633 = CARTESIAN_POINT('',(3.51,-1.5,0.));
#1634 = VECTOR('',#1635,1.);
#1635 = DIRECTION('',(1.,0.,0.));
#1636 = ORIENTED_EDGE('',*,*,#1637,.T.);
#1637 = EDGE_CURVE('',#1630,#1638,#1640,.T.);
#1638 = VERTEX_POINT('',#1639);
#1639 = CARTESIAN_POINT('',(5.51,1.5,0.));
#1640 = LINE('',#1641,#1642);
#1641 = CARTESIAN_POINT('',(5.51,-1.5,0.));
#1642 = VECTOR('',#1643,1.);
#1643 = DIRECTION('',(0.,1.,0.));
#1644 = ORIENTED_EDGE('',*,*,#1645,.F.);
#1645 = EDGE_CURVE('',#1281,#1638,#1646,.T.);
#1646 = LINE('',#1647,#1648);
#1647 = CARTESIAN_POINT('',(3.51,1.5,0.));
#1648 = VECTOR('',#1649,1.);
#1649 = DIRECTION('',(1.,0.,0.));
#1650 = ORIENTED_EDGE('',*,*,#1280,.F.);
#1651 = PLANE('',#1652);
#1652 = AXIS2_PLACEMENT_3D('',#1653,#1654,#1655);
#1653 = CARTESIAN_POINT('',(3.51,-1.5,0.));
#1654 = DIRECTION('',(0.,0.,1.));
#1655 = DIRECTION('',(1.,0.,-0.));
#1656 = ADVANCED_FACE('',(#1657),#1676,.T.);
#1657 = FACE_BOUND('',#1658,.T.);
#1658 = EDGE_LOOP('',(#1659,#1668,#1674,#1675));
#1659 = ORIENTED_EDGE('',*,*,#1660,.T.);
#1660 = EDGE_CURVE('',#1581,#1661,#1663,.T.);
#1661 = VERTEX_POINT('',#1662);
#1662 = CARTESIAN_POINT('',(4.9,-5.,2.3));
#1663 = CIRCLE('',#1664,0.5);
#1664 = AXIS2_PLACEMENT_3D('',#1665,#1666,#1667);
#1665 = CARTESIAN_POINT('',(4.9,-4.5,2.3));
#1666 = DIRECTION('',(0.,0.,-1.));
#1667 = DIRECTION('',(1.,0.,0.));
#1668 = ORIENTED_EDGE('',*,*,#1669,.F.);
#1669 = EDGE_CURVE('',#1240,#1661,#1670,.T.);
#1670 = LINE('',#1671,#1672);
#1671 = CARTESIAN_POINT('',(4.9,-5.,0.));
#1672 = VECTOR('',#1673,1.);
#1673 = DIRECTION('',(0.,0.,1.));
#1674 = ORIENTED_EDGE('',*,*,#1247,.F.);
#1675 = ORIENTED_EDGE('',*,*,#1588,.T.);
#1676 = CYLINDRICAL_SURFACE('',#1677,0.5);
#1677 = AXIS2_PLACEMENT_3D('',#1678,#1679,#1680);
#1678 = CARTESIAN_POINT('',(4.9,-4.5,0.));
#1679 = DIRECTION('',(0.,0.,1.));
#1680 = DIRECTION('',(1.,0.,-0.));
#1681 = ADVANCED_FACE('',(#1682),#1693,.F.);
#1682 = FACE_BOUND('',#1683,.F.);
#1683 = EDGE_LOOP('',(#1684,#1685,#1691,#1692));
#1684 = ORIENTED_EDGE('',*,*,#1424,.T.);
#1685 = ORIENTED_EDGE('',*,*,#1686,.F.);
#1686 = EDGE_CURVE('',#1661,#1425,#1687,.T.);
#1687 = LINE('',#1688,#1689);
#1688 = CARTESIAN_POINT('',(4.9,-5.,2.3));
#1689 = VECTOR('',#1690,1.);
#1690 = DIRECTION('',(-1.,-0.,-0.));
#1691 = ORIENTED_EDGE('',*,*,#1669,.F.);
#1692 = ORIENTED_EDGE('',*,*,#1239,.F.);
#1693 = PLANE('',#1694);
#1694 = AXIS2_PLACEMENT_3D('',#1695,#1696,#1697);
#1695 = CARTESIAN_POINT('',(-5.4,-5.,0.));
#1696 = DIRECTION('',(0.,1.,0.));
#1697 = DIRECTION('',(0.,-0.,1.));
#1698 = ADVANCED_FACE('',(#1699),#1705,.F.);
#1699 = FACE_BOUND('',#1700,.F.);
#1700 = EDGE_LOOP('',(#1701,#1702,#1703,#1704));
#1701 = ORIENTED_EDGE('',*,*,#1406,.F.);
#1702 = ORIENTED_EDGE('',*,*,#1536,.T.);
#1703 = ORIENTED_EDGE('',*,*,#1351,.T.);
#1704 = ORIENTED_EDGE('',*,*,#1375,.F.);
#1705 = PLANE('',#1706);
#1706 = AXIS2_PLACEMENT_3D('',#1707,#1708,#1709);
#1707 = CARTESIAN_POINT('',(-5.51,-1.5,0.));
#1708 = DIRECTION('',(1.,0.,0.));
#1709 = DIRECTION('',(0.,0.,1.));
#1710 = ADVANCED_FACE('',(#1711),#1723,.T.);
#1711 = FACE_BOUND('',#1712,.T.);
#1712 = EDGE_LOOP('',(#1713,#1720,#1721,#1722));
#1713 = ORIENTED_EDGE('',*,*,#1714,.T.);
#1714 = EDGE_CURVE('',#1661,#1466,#1715,.T.);
#1715 = CIRCLE('',#1716,0.5);
#1716 = AXIS2_PLACEMENT_3D('',#1717,#1718,#1719);
#1717 = CARTESIAN_POINT('',(4.9,-4.5,2.3));
#1718 = DIRECTION('',(-1.,-6.123233995737E-17,0.));
#1719 = DIRECTION('',(6.123233995737E-17,-1.,0.));
#1720 = ORIENTED_EDGE('',*,*,#1465,.T.);
#1721 = ORIENTED_EDGE('',*,*,#1449,.F.);
#1722 = ORIENTED_EDGE('',*,*,#1686,.F.);
#1723 = CYLINDRICAL_SURFACE('',#1724,0.5);
#1724 = AXIS2_PLACEMENT_3D('',#1725,#1726,#1727);
#1725 = CARTESIAN_POINT('',(4.9,-4.5,2.3));
#1726 = DIRECTION('',(-1.,-0.,-0.));
#1727 = DIRECTION('',(0.,-1.,0.));
#1728 = ADVANCED_FACE('',(#1729),#1741,.T.);
#1729 = FACE_BOUND('',#1730,.T.);
#1730 = EDGE_LOOP('',(#1731,#1732,#1733,#1740));
#1731 = ORIENTED_EDGE('',*,*,#1495,.T.);
#1732 = ORIENTED_EDGE('',*,*,#1481,.T.);
#1733 = ORIENTED_EDGE('',*,*,#1734,.F.);
#1734 = EDGE_CURVE('',#1514,#1474,#1735,.T.);
#1735 = CIRCLE('',#1736,0.5);
#1736 = AXIS2_PLACEMENT_3D('',#1737,#1738,#1739);
#1737 = CARTESIAN_POINT('',(4.9,4.5,2.3));
#1738 = DIRECTION('',(1.,0.,0.));
#1739 = DIRECTION('',(-0.,1.,0.));
#1740 = ORIENTED_EDGE('',*,*,#1513,.F.);
#1741 = CYLINDRICAL_SURFACE('',#1742,0.5);
#1742 = AXIS2_PLACEMENT_3D('',#1743,#1744,#1745);
#1743 = CARTESIAN_POINT('',(-4.9,4.5,2.3));
#1744 = DIRECTION('',(1.,0.,0.));
#1745 = DIRECTION('',(-0.,1.,0.));
#1746 = ADVANCED_FACE('',(#1747),#1765,.T.);
#1747 = FACE_BOUND('',#1748,.T.);
#1748 = EDGE_LOOP('',(#1749,#1756,#1757,#1764));
#1749 = ORIENTED_EDGE('',*,*,#1750,.T.);
#1750 = EDGE_CURVE('',#1556,#1474,#1751,.T.);
#1751 = CIRCLE('',#1752,0.5);
#1752 = AXIS2_PLACEMENT_3D('',#1753,#1754,#1755);
#1753 = CARTESIAN_POINT('',(4.9,4.5,2.3));
#1754 = DIRECTION('',(6.123233995737E-17,-1.,0.));
#1755 = DIRECTION('',(1.,6.123233995737E-17,0.));
#1756 = ORIENTED_EDGE('',*,*,#1473,.T.);
#1757 = ORIENTED_EDGE('',*,*,#1758,.F.);
#1758 = EDGE_CURVE('',#1581,#1466,#1759,.T.);
#1759 = CIRCLE('',#1760,0.5);
#1760 = AXIS2_PLACEMENT_3D('',#1761,#1762,#1763);
#1761 = CARTESIAN_POINT('',(4.9,-4.5,2.3));
#1762 = DIRECTION('',(0.,-1.,0.));
#1763 = DIRECTION('',(1.,0.,0.));
#1764 = ORIENTED_EDGE('',*,*,#1580,.F.);
#1765 = CYLINDRICAL_SURFACE('',#1766,0.5);
#1766 = AXIS2_PLACEMENT_3D('',#1767,#1768,#1769);
#1767 = CARTESIAN_POINT('',(4.9,4.5,2.3));
#1768 = DIRECTION('',(-0.,-1.,-0.));
#1769 = DIRECTION('',(1.,-0.,0.));
#1770 = ADVANCED_FACE('',(#1771),#1776,.T.);
#1771 = FACE_BOUND('',#1772,.T.);
#1772 = EDGE_LOOP('',(#1773,#1774,#1775));
#1773 = ORIENTED_EDGE('',*,*,#1750,.F.);
#1774 = ORIENTED_EDGE('',*,*,#1565,.F.);
#1775 = ORIENTED_EDGE('',*,*,#1734,.T.);
#1776 = SPHERICAL_SURFACE('',#1777,0.5);
#1777 = AXIS2_PLACEMENT_3D('',#1778,#1779,#1780);
#1778 = CARTESIAN_POINT('',(4.9,4.5,2.3));
#1779 = DIRECTION('',(0.,0.,1.));
#1780 = DIRECTION('',(0.,1.,0.));
#1781 = ADVANCED_FACE('',(#1782),#1800,.T.);
#1782 = FACE_BOUND('',#1783,.T.);
#1783 = EDGE_LOOP('',(#1784,#1785,#1786,#1794));
#1784 = ORIENTED_EDGE('',*,*,#1645,.F.);
#1785 = ORIENTED_EDGE('',*,*,#1611,.T.);
#1786 = ORIENTED_EDGE('',*,*,#1787,.T.);
#1787 = EDGE_CURVE('',#1604,#1788,#1790,.T.);
#1788 = VERTEX_POINT('',#1789);
#1789 = CARTESIAN_POINT('',(5.51,1.5,0.84));
#1790 = LINE('',#1791,#1792);
#1791 = CARTESIAN_POINT('',(3.51,1.5,0.84));
#1792 = VECTOR('',#1793,1.);
#1793 = DIRECTION('',(1.,0.,0.));
#1794 = ORIENTED_EDGE('',*,*,#1795,.F.);
#1795 = EDGE_CURVE('',#1638,#1788,#1796,.T.);
#1796 = LINE('',#1797,#1798);
#1797 = CARTESIAN_POINT('',(5.51,1.5,0.));
#1798 = VECTOR('',#1799,1.);
#1799 = DIRECTION('',(0.,0.,1.));
#1800 = PLANE('',#1801);
#1801 = AXIS2_PLACEMENT_3D('',#1802,#1803,#1804);
#1802 = CARTESIAN_POINT('',(3.51,1.5,0.));
#1803 = DIRECTION('',(0.,1.,0.));
#1804 = DIRECTION('',(0.,-0.,1.));
#1805 = ADVANCED_FACE('',(#1806),#1824,.T.);
#1806 = FACE_BOUND('',#1807,.T.);
#1807 = EDGE_LOOP('',(#1808,#1809,#1817,#1823));
#1808 = ORIENTED_EDGE('',*,*,#1603,.T.);
#1809 = ORIENTED_EDGE('',*,*,#1810,.T.);
#1810 = EDGE_CURVE('',#1596,#1811,#1813,.T.);
#1811 = VERTEX_POINT('',#1812);
#1812 = CARTESIAN_POINT('',(5.51,-1.5,0.84));
#1813 = LINE('',#1814,#1815);
#1814 = CARTESIAN_POINT('',(3.51,-1.5,0.84));
#1815 = VECTOR('',#1816,1.);
#1816 = DIRECTION('',(1.,0.,0.));
#1817 = ORIENTED_EDGE('',*,*,#1818,.T.);
#1818 = EDGE_CURVE('',#1811,#1788,#1819,.T.);
#1819 = LINE('',#1820,#1821);
#1820 = CARTESIAN_POINT('',(5.51,-1.5,0.84));
#1821 = VECTOR('',#1822,1.);
#1822 = DIRECTION('',(0.,1.,0.));
#1823 = ORIENTED_EDGE('',*,*,#1787,.F.);
#1824 = PLANE('',#1825);
#1825 = AXIS2_PLACEMENT_3D('',#1826,#1827,#1828);
#1826 = CARTESIAN_POINT('',(3.51,-1.5,0.84));
#1827 = DIRECTION('',(0.,0.,1.));
#1828 = DIRECTION('',(1.,0.,-0.));
#1829 = ADVANCED_FACE('',(#1830),#1841,.F.);
#1830 = FACE_BOUND('',#1831,.F.);
#1831 = EDGE_LOOP('',(#1832,#1833,#1834,#1835));
#1832 = ORIENTED_EDGE('',*,*,#1629,.F.);
#1833 = ORIENTED_EDGE('',*,*,#1595,.T.);
#1834 = ORIENTED_EDGE('',*,*,#1810,.T.);
#1835 = ORIENTED_EDGE('',*,*,#1836,.F.);
#1836 = EDGE_CURVE('',#1630,#1811,#1837,.T.);
#1837 = LINE('',#1838,#1839);
#1838 = CARTESIAN_POINT('',(5.51,-1.5,0.));
#1839 = VECTOR('',#1840,1.);
#1840 = DIRECTION('',(0.,0.,1.));
#1841 = PLANE('',#1842);
#1842 = AXIS2_PLACEMENT_3D('',#1843,#1844,#1845);
#1843 = CARTESIAN_POINT('',(3.51,-1.5,0.));
#1844 = DIRECTION('',(0.,1.,0.));
#1845 = DIRECTION('',(0.,-0.,1.));
#1846 = ADVANCED_FACE('',(#1847),#1853,.T.);
#1847 = FACE_BOUND('',#1848,.T.);
#1848 = EDGE_LOOP('',(#1849,#1850,#1851,#1852));
#1849 = ORIENTED_EDGE('',*,*,#1836,.F.);
#1850 = ORIENTED_EDGE('',*,*,#1637,.T.);
#1851 = ORIENTED_EDGE('',*,*,#1795,.T.);
#1852 = ORIENTED_EDGE('',*,*,#1818,.F.);
#1853 = PLANE('',#1854);
#1854 = AXIS2_PLACEMENT_3D('',#1855,#1856,#1857);
#1855 = CARTESIAN_POINT('',(5.51,-1.5,0.));
#1856 = DIRECTION('',(1.,0.,0.));
#1857 = DIRECTION('',(0.,0.,1.));
#1858 = ADVANCED_FACE('',(#1859),#1864,.T.);
#1859 = FACE_BOUND('',#1860,.T.);
#1860 = EDGE_LOOP('',(#1861,#1862,#1863));
#1861 = ORIENTED_EDGE('',*,*,#1714,.F.);
#1862 = ORIENTED_EDGE('',*,*,#1660,.F.);
#1863 = ORIENTED_EDGE('',*,*,#1758,.T.);
#1864 = SPHERICAL_SURFACE('',#1865,0.5);
#1865 = AXIS2_PLACEMENT_3D('',#1866,#1867,#1868);
#1866 = CARTESIAN_POINT('',(4.9,-4.5,2.3));
#1867 = DIRECTION('',(0.,0.,1.));
#1868 = DIRECTION('',(1.,0.,-0.));
#1869 = ( GEOMETRIC_REPRESENTATION_CONTEXT(3) 
GLOBAL_UNCERTAINTY_ASSIGNED_CONTEXT((#1873)) 
GLOBAL_UNIT_ASSIGNED_CONTEXT((#1870,#1871,#1872)) REPRESENTATION_CONTEXT
('Context #1','3D Context with UNIT and UNCERTAINTY') );
#1870 = ( LENGTH_UNIT() NAMED_UNIT(*) SI_UNIT(.MILLI.,.METRE.) );
#1871 = ( NAMED_UNIT(*) PLANE_ANGLE_UNIT() SI_UNIT($,.RADIAN.) );
#1872 = ( NAMED_UNIT(*) SI_UNIT($,.STERADIAN.) SOLID_ANGLE_UNIT() );
#1873 = UNCERTAINTY_MEASURE_WITH_UNIT(LENGTH_MEASURE(1.E-07),#1870,
  'distance_accuracy_value','confusion accuracy');
#1874 = CONTEXT_DEPENDENT_SHAPE_REPRESENTATION(#1875,#1877);
#1875 = ( REPRESENTATION_RELATIONSHIP('','',#1084,#1061) 
REPRESENTATION_RELATIONSHIP_WITH_TRANSFORMATION(#1876) 
SHAPE_REPRESENTATION_RELATIONSHIP() );
#1876 = ITEM_DEFINED_TRANSFORMATION('','',#11,#1062);
#1877 = PRODUCT_DEFINITION_SHAPE('Placement','Placement of an item',
  #1878);
#1878 = NEXT_ASSEMBLY_USAGE_OCCURRENCE('3','=>[0:1:1:5]','',#1056,#1079,
  $);
#1879 = PRODUCT_RELATED_PRODUCT_CATEGORY('part',$,(#1081));
#1880 = SHAPE_DEFINITION_REPRESENTATION(#1881,#1887);
#1881 = PRODUCT_DEFINITION_SHAPE('','',#1882);
#1882 = PRODUCT_DEFINITION('design','',#1883,#1886);
#1883 = PRODUCT_DEFINITION_FORMATION('','',#1884);
#1884 = PRODUCT('PinHeader_1x01_P2.54mm_Vertical',
  'PinHeader_1x01_P2.54mm_Vertical','',(#1885));
#1885 = PRODUCT_CONTEXT('',#2,'mechanical');
#1886 = PRODUCT_DEFINITION_CONTEXT('part definition',#2,'design');
#1887 = SHAPE_REPRESENTATION('',(#11,#1888),#1892);
#1888 = AXIS2_PLACEMENT_3D('',#1889,#1890,#1891);
#1889 = CARTESIAN_POINT('',(0.,0.,0.));
#1890 = DIRECTION('',(0.,0.,1.));
#1891 = DIRECTION('',(1.,0.,-0.));
#1892 = ( GEOMETRIC_REPRESENTATION_CONTEXT(3) 
GLOBAL_UNCERTAINTY_ASSIGNED_CONTEXT((#1896)) 
GLOBAL_UNIT_ASSIGNED_CONTEXT((#1893,#1894,#1895)) REPRESENTATION_CONTEXT
('Context #1','3D Context with UNIT and UNCERTAINTY') );
#1893 = ( LENGTH_UNIT() NAMED_UNIT(*) SI_UNIT(.MILLI.,.METRE.) );
#1894 = ( NAMED_UNIT(*) PLANE_ANGLE_UNIT() SI_UNIT($,.RADIAN.) );
#1895 = ( NAMED_UNIT(*) SI_UNIT($,.STERADIAN.) SOLID_ANGLE_UNIT() );
#1896 = UNCERTAINTY_MEASURE_WITH_UNIT(LENGTH_MEASURE(1.E-07),#1893,
  'distance_accuracy_value','confusion accuracy');
#1897 = CONTEXT_DEPENDENT_SHAPE_REPRESENTATION(#1898,#1900);
#1898 = ( REPRESENTATION_RELATIONSHIP('','',#1887,#10) 
REPRESENTATION_RELATIONSHIP_WITH_TRANSFORMATION(#1899) 
SHAPE_REPRESENTATION_RELATIONSHIP() );
#1899 = ITEM_DEFINED_TRANSFORMATION('','',#11,#23);
#1900 = PRODUCT_DEFINITION_SHAPE('Placement','Placement of an item',
  #1901);
#1901 = NEXT_ASSEMBLY_USAGE_OCCURRENCE('6','REF**','',#5,#1882,$);
#1902 = PRODUCT_RELATED_PRODUCT_CATEGORY('part',$,(#1884));
#1903 = SHAPE_DEFINITION_REPRESENTATION(#1904,#1910);
#1904 = PRODUCT_DEFINITION_SHAPE('','',#1905);
#1905 = PRODUCT_DEFINITION('design','',#1906,#1909);
#1906 = PRODUCT_DEFINITION_FORMATION('','',#1907);
#1907 = PRODUCT('PinHeader_1x01_P254mm_Vertical',
  'PinHeader_1x01_P254mm_Vertical','',(#1908));
#1908 = PRODUCT_CONTEXT('',#2,'mechanical');
#1909 = PRODUCT_DEFINITION_CONTEXT('part definition',#2,'design');
#1910 = ADVANCED_BREP_SHAPE_REPRESENTATION('',(#11,#1911),#2669);
#1911 = MANIFOLD_SOLID_BREP('',#1912);
#1912 = CLOSED_SHELL('',(#1913,#1953,#1984,#2015,#2098,#2181,#2198,#2215
    ,#2232,#2249,#2261,#2292,#2316,#2340,#2357,#2388,#2412,#2436,#2453,
    #2484,#2508,#2532,#2549,#2580,#2604,#2628,#2645,#2657));
#1913 = ADVANCED_FACE('',(#1914),#1948,.F.);
#1914 = FACE_BOUND('',#1915,.F.);
#1915 = EDGE_LOOP('',(#1916,#1926,#1934,#1942));
#1916 = ORIENTED_EDGE('',*,*,#1917,.T.);
#1917 = EDGE_CURVE('',#1918,#1920,#1922,.T.);
#1918 = VERTEX_POINT('',#1919);
#1919 = CARTESIAN_POINT('',(-1.016,1.27,0.));
#1920 = VERTEX_POINT('',#1921);
#1921 = CARTESIAN_POINT('',(-1.016,1.27,2.54));
#1922 = LINE('',#1923,#1924);
#1923 = CARTESIAN_POINT('',(-1.016,1.27,0.));
#1924 = VECTOR('',#1925,1.);
#1925 = DIRECTION('',(0.,0.,1.));
#1926 = ORIENTED_EDGE('',*,*,#1927,.T.);
#1927 = EDGE_CURVE('',#1920,#1928,#1930,.T.);
#1928 = VERTEX_POINT('',#1929);
#1929 = CARTESIAN_POINT('',(-1.27,1.016,2.54));
#1930 = LINE('',#1931,#1932);
#1931 = CARTESIAN_POINT('',(-1.016,1.27,2.54));
#1932 = VECTOR('',#1933,1.);
#1933 = DIRECTION('',(-0.707106781187,-0.707106781187,0.));
#1934 = ORIENTED_EDGE('',*,*,#1935,.F.);
#1935 = EDGE_CURVE('',#1936,#1928,#1938,.T.);
#1936 = VERTEX_POINT('',#1937);
#1937 = CARTESIAN_POINT('',(-1.27,1.016,0.));
#1938 = LINE('',#1939,#1940);
#1939 = CARTESIAN_POINT('',(-1.27,1.016,0.));
#1940 = VECTOR('',#1941,1.);
#1941 = DIRECTION('',(0.,0.,1.));
#1942 = ORIENTED_EDGE('',*,*,#1943,.F.);
#1943 = EDGE_CURVE('',#1918,#1936,#1944,.T.);
#1944 = LINE('',#1945,#1946);
#1945 = CARTESIAN_POINT('',(-1.016,1.27,0.));
#1946 = VECTOR('',#1947,1.);
#1947 = DIRECTION('',(-0.707106781187,-0.707106781187,0.));
#1948 = PLANE('',#1949);
#1949 = AXIS2_PLACEMENT_3D('',#1950,#1951,#1952);
#1950 = CARTESIAN_POINT('',(-1.016,1.27,0.));
#1951 = DIRECTION('',(0.707106781187,-0.707106781187,0.));
#1952 = DIRECTION('',(-0.707106781187,-0.707106781187,0.));
#1953 = ADVANCED_FACE('',(#1954),#1979,.F.);
#1954 = FACE_BOUND('',#1955,.F.);
#1955 = EDGE_LOOP('',(#1956,#1966,#1972,#1973));
#1956 = ORIENTED_EDGE('',*,*,#1957,.T.);
#1957 = EDGE_CURVE('',#1958,#1960,#1962,.T.);
#1958 = VERTEX_POINT('',#1959);
#1959 = CARTESIAN_POINT('',(1.016,1.27,0.));
#1960 = VERTEX_POINT('',#1961);
#1961 = CARTESIAN_POINT('',(1.016,1.27,2.54));
#1962 = LINE('',#1963,#1964);
#1963 = CARTESIAN_POINT('',(1.016,1.27,0.));
#1964 = VECTOR('',#1965,1.);
#1965 = DIRECTION('',(0.,0.,1.));
#1966 = ORIENTED_EDGE('',*,*,#1967,.T.);
#1967 = EDGE_CURVE('',#1960,#1920,#1968,.T.);
#1968 = LINE('',#1969,#1970);
#1969 = CARTESIAN_POINT('',(1.016,1.27,2.54));
#1970 = VECTOR('',#1971,1.);
#1971 = DIRECTION('',(-1.,0.,0.));
#1972 = ORIENTED_EDGE('',*,*,#1917,.F.);
#1973 = ORIENTED_EDGE('',*,*,#1974,.F.);
#1974 = EDGE_CURVE('',#1958,#1918,#1975,.T.);
#1975 = LINE('',#1976,#1977);
#1976 = CARTESIAN_POINT('',(1.016,1.27,0.));
#1977 = VECTOR('',#1978,1.);
#1978 = DIRECTION('',(-1.,0.,0.));
#1979 = PLANE('',#1980);
#1980 = AXIS2_PLACEMENT_3D('',#1981,#1982,#1983);
#1981 = CARTESIAN_POINT('',(1.016,1.27,0.));
#1982 = DIRECTION('',(0.,-1.,0.));
#1983 = DIRECTION('',(-1.,0.,0.));
#1984 = ADVANCED_FACE('',(#1985),#2010,.F.);
#1985 = FACE_BOUND('',#1986,.F.);
#1986 = EDGE_LOOP('',(#1987,#1988,#1996,#2004));
#1987 = ORIENTED_EDGE('',*,*,#1935,.T.);
#1988 = ORIENTED_EDGE('',*,*,#1989,.T.);
#1989 = EDGE_CURVE('',#1928,#1990,#1992,.T.);
#1990 = VERTEX_POINT('',#1991);
#1991 = CARTESIAN_POINT('',(-1.27,-1.016,2.54));
#1992 = LINE('',#1993,#1994);
#1993 = CARTESIAN_POINT('',(-1.27,1.016,2.54));
#1994 = VECTOR('',#1995,1.);
#1995 = DIRECTION('',(0.,-1.,0.));
#1996 = ORIENTED_EDGE('',*,*,#1997,.F.);
#1997 = EDGE_CURVE('',#1998,#1990,#2000,.T.);
#1998 = VERTEX_POINT('',#1999);
#1999 = CARTESIAN_POINT('',(-1.27,-1.016,0.));
#2000 = LINE('',#2001,#2002);
#2001 = CARTESIAN_POINT('',(-1.27,-1.016,0.));
#2002 = VECTOR('',#2003,1.);
#2003 = DIRECTION('',(0.,0.,1.));
#2004 = ORIENTED_EDGE('',*,*,#2005,.F.);
#2005 = EDGE_CURVE('',#1936,#1998,#2006,.T.);
#2006 = LINE('',#2007,#2008);
#2007 = CARTESIAN_POINT('',(-1.27,1.016,0.));
#2008 = VECTOR('',#2009,1.);
#2009 = DIRECTION('',(0.,-1.,0.));
#2010 = PLANE('',#2011);
#2011 = AXIS2_PLACEMENT_3D('',#2012,#2013,#2014);
#2012 = CARTESIAN_POINT('',(-1.27,1.016,0.));
#2013 = DIRECTION('',(1.,0.,0.));
#2014 = DIRECTION('',(0.,-1.,0.));
#2015 = ADVANCED_FACE('',(#2016,#2059),#2093,.F.);
#2016 = FACE_BOUND('',#2017,.F.);
#2017 = EDGE_LOOP('',(#2018,#2019,#2020,#2028,#2036,#2044,#2052,#2058));
#2018 = ORIENTED_EDGE('',*,*,#1943,.T.);
#2019 = ORIENTED_EDGE('',*,*,#2005,.T.);
#2020 = ORIENTED_EDGE('',*,*,#2021,.T.);
#2021 = EDGE_CURVE('',#1998,#2022,#2024,.T.);
#2022 = VERTEX_POINT('',#2023);
#2023 = CARTESIAN_POINT('',(-1.016,-1.27,0.));
#2024 = LINE('',#2025,#2026);
#2025 = CARTESIAN_POINT('',(-1.27,-1.016,0.));
#2026 = VECTOR('',#2027,1.);
#2027 = DIRECTION('',(0.707106781187,-0.707106781187,0.));
#2028 = ORIENTED_EDGE('',*,*,#2029,.T.);
#2029 = EDGE_CURVE('',#2022,#2030,#2032,.T.);
#2030 = VERTEX_POINT('',#2031);
#2031 = CARTESIAN_POINT('',(1.016,-1.27,0.));
#2032 = LINE('',#2033,#2034);
#2033 = CARTESIAN_POINT('',(-1.016,-1.27,0.));
#2034 = VECTOR('',#2035,1.);
#2035 = DIRECTION('',(1.,0.,0.));
#2036 = ORIENTED_EDGE('',*,*,#2037,.T.);
#2037 = EDGE_CURVE('',#2030,#2038,#2040,.T.);
#2038 = VERTEX_POINT('',#2039);
#2039 = CARTESIAN_POINT('',(1.27,-1.016,0.));
#2040 = LINE('',#2041,#2042);
#2041 = CARTESIAN_POINT('',(1.016,-1.27,0.));
#2042 = VECTOR('',#2043,1.);
#2043 = DIRECTION('',(0.707106781187,0.707106781187,0.));
#2044 = ORIENTED_EDGE('',*,*,#2045,.T.);
#2045 = EDGE_CURVE('',#2038,#2046,#2048,.T.);
#2046 = VERTEX_POINT('',#2047);
#2047 = CARTESIAN_POINT('',(1.27,1.016,0.));
#2048 = LINE('',#2049,#2050);
#2049 = CARTESIAN_POINT('',(1.27,-1.016,0.));
#2050 = VECTOR('',#2051,1.);
#2051 = DIRECTION('',(0.,1.,0.));
#2052 = ORIENTED_EDGE('',*,*,#2053,.T.);
#2053 = EDGE_CURVE('',#2046,#1958,#2054,.T.);
#2054 = LINE('',#2055,#2056);
#2055 = CARTESIAN_POINT('',(1.27,1.016,0.));
#2056 = VECTOR('',#2057,1.);
#2057 = DIRECTION('',(-0.707106781187,0.707106781187,0.));
#2058 = ORIENTED_EDGE('',*,*,#1974,.T.);
#2059 = FACE_BOUND('',#2060,.F.);
#2060 = EDGE_LOOP('',(#2061,#2071,#2079,#2087));
#2061 = ORIENTED_EDGE('',*,*,#2062,.T.);
#2062 = EDGE_CURVE('',#2063,#2065,#2067,.T.);
#2063 = VERTEX_POINT('',#2064);
#2064 = CARTESIAN_POINT('',(0.32,-0.32,0.));
#2065 = VERTEX_POINT('',#2066);
#2066 = CARTESIAN_POINT('',(-0.32,-0.32,0.));
#2067 = LINE('',#2068,#2069);
#2068 = CARTESIAN_POINT('',(-0.16,-0.32,0.));
#2069 = VECTOR('',#2070,1.);
#2070 = DIRECTION('',(-1.,0.,0.));
#2071 = ORIENTED_EDGE('',*,*,#2072,.T.);
#2072 = EDGE_CURVE('',#2065,#2073,#2075,.T.);
#2073 = VERTEX_POINT('',#2074);
#2074 = CARTESIAN_POINT('',(-0.32,0.32,0.));
#2075 = LINE('',#2076,#2077);
#2076 = CARTESIAN_POINT('',(-0.32,-0.16,0.));
#2077 = VECTOR('',#2078,1.);
#2078 = DIRECTION('',(0.,1.,0.));
#2079 = ORIENTED_EDGE('',*,*,#2080,.F.);
#2080 = EDGE_CURVE('',#2081,#2073,#2083,.T.);
#2081 = VERTEX_POINT('',#2082);
#2082 = CARTESIAN_POINT('',(0.32,0.32,0.));
#2083 = LINE('',#2084,#2085);
#2084 = CARTESIAN_POINT('',(-0.16,0.32,0.));
#2085 = VECTOR('',#2086,1.);
#2086 = DIRECTION('',(-1.,0.,0.));
#2087 = ORIENTED_EDGE('',*,*,#2088,.F.);
#2088 = EDGE_CURVE('',#2063,#2081,#2089,.T.);
#2089 = LINE('',#2090,#2091);
#2090 = CARTESIAN_POINT('',(0.32,-0.16,0.));
#2091 = VECTOR('',#2092,1.);
#2092 = DIRECTION('',(0.,1.,0.));
#2093 = PLANE('',#2094);
#2094 = AXIS2_PLACEMENT_3D('',#2095,#2096,#2097);
#2095 = CARTESIAN_POINT('',(2.321466769849E-17,4.642933539699E-17,0.));
#2096 = DIRECTION('',(0.,0.,1.));
#2097 = DIRECTION('',(1.,0.,-0.));
#2098 = ADVANCED_FACE('',(#2099,#2142),#2176,.T.);
#2099 = FACE_BOUND('',#2100,.T.);
#2100 = EDGE_LOOP('',(#2101,#2102,#2103,#2111,#2119,#2127,#2135,#2141));
#2101 = ORIENTED_EDGE('',*,*,#1927,.T.);
#2102 = ORIENTED_EDGE('',*,*,#1989,.T.);
#2103 = ORIENTED_EDGE('',*,*,#2104,.T.);
#2104 = EDGE_CURVE('',#1990,#2105,#2107,.T.);
#2105 = VERTEX_POINT('',#2106);
#2106 = CARTESIAN_POINT('',(-1.016,-1.27,2.54));
#2107 = LINE('',#2108,#2109);
#2108 = CARTESIAN_POINT('',(-1.27,-1.016,2.54));
#2109 = VECTOR('',#2110,1.);
#2110 = DIRECTION('',(0.707106781187,-0.707106781187,0.));
#2111 = ORIENTED_EDGE('',*,*,#2112,.T.);
#2112 = EDGE_CURVE('',#2105,#2113,#2115,.T.);
#2113 = VERTEX_POINT('',#2114);
#2114 = CARTESIAN_POINT('',(1.016,-1.27,2.54));
#2115 = LINE('',#2116,#2117);
#2116 = CARTESIAN_POINT('',(-1.016,-1.27,2.54));
#2117 = VECTOR('',#2118,1.);
#2118 = DIRECTION('',(1.,0.,0.));
#2119 = ORIENTED_EDGE('',*,*,#2120,.T.);
#2120 = EDGE_CURVE('',#2113,#2121,#2123,.T.);
#2121 = VERTEX_POINT('',#2122);
#2122 = CARTESIAN_POINT('',(1.27,-1.016,2.54));
#2123 = LINE('',#2124,#2125);
#2124 = CARTESIAN_POINT('',(1.016,-1.27,2.54));
#2125 = VECTOR('',#2126,1.);
#2126 = DIRECTION('',(0.707106781187,0.707106781187,0.));
#2127 = ORIENTED_EDGE('',*,*,#2128,.T.);
#2128 = EDGE_CURVE('',#2121,#2129,#2131,.T.);
#2129 = VERTEX_POINT('',#2130);
#2130 = CARTESIAN_POINT('',(1.27,1.016,2.54));
#2131 = LINE('',#2132,#2133);
#2132 = CARTESIAN_POINT('',(1.27,-1.016,2.54));
#2133 = VECTOR('',#2134,1.);
#2134 = DIRECTION('',(0.,1.,0.));
#2135 = ORIENTED_EDGE('',*,*,#2136,.T.);
#2136 = EDGE_CURVE('',#2129,#1960,#2137,.T.);
#2137 = LINE('',#2138,#2139);
#2138 = CARTESIAN_POINT('',(1.27,1.016,2.54));
#2139 = VECTOR('',#2140,1.);
#2140 = DIRECTION('',(-0.707106781187,0.707106781187,0.));
#2141 = ORIENTED_EDGE('',*,*,#1967,.T.);
#2142 = FACE_BOUND('',#2143,.T.);
#2143 = EDGE_LOOP('',(#2144,#2154,#2162,#2170));
#2144 = ORIENTED_EDGE('',*,*,#2145,.T.);
#2145 = EDGE_CURVE('',#2146,#2148,#2150,.T.);
#2146 = VERTEX_POINT('',#2147);
#2147 = CARTESIAN_POINT('',(0.32,-0.32,2.54));
#2148 = VERTEX_POINT('',#2149);
#2149 = CARTESIAN_POINT('',(-0.32,-0.32,2.54));
#2150 = LINE('',#2151,#2152);
#2151 = CARTESIAN_POINT('',(-0.16,-0.32,2.54));
#2152 = VECTOR('',#2153,1.);
#2153 = DIRECTION('',(-1.,0.,0.));
#2154 = ORIENTED_EDGE('',*,*,#2155,.T.);
#2155 = EDGE_CURVE('',#2148,#2156,#2158,.T.);
#2156 = VERTEX_POINT('',#2157);
#2157 = CARTESIAN_POINT('',(-0.32,0.32,2.54));
#2158 = LINE('',#2159,#2160);
#2159 = CARTESIAN_POINT('',(-0.32,-0.16,2.54));
#2160 = VECTOR('',#2161,1.);
#2161 = DIRECTION('',(0.,1.,0.));
#2162 = ORIENTED_EDGE('',*,*,#2163,.F.);
#2163 = EDGE_CURVE('',#2164,#2156,#2166,.T.);
#2164 = VERTEX_POINT('',#2165);
#2165 = CARTESIAN_POINT('',(0.32,0.32,2.54));
#2166 = LINE('',#2167,#2168);
#2167 = CARTESIAN_POINT('',(-0.16,0.32,2.54));
#2168 = VECTOR('',#2169,1.);
#2169 = DIRECTION('',(-1.,0.,0.));
#2170 = ORIENTED_EDGE('',*,*,#2171,.F.);
#2171 = EDGE_CURVE('',#2146,#2164,#2172,.T.);
#2172 = LINE('',#2173,#2174);
#2173 = CARTESIAN_POINT('',(0.32,-0.16,2.54));
#2174 = VECTOR('',#2175,1.);
#2175 = DIRECTION('',(0.,1.,0.));
#2176 = PLANE('',#2177);
#2177 = AXIS2_PLACEMENT_3D('',#2178,#2179,#2180);
#2178 = CARTESIAN_POINT('',(2.321466769849E-17,4.642933539699E-17,2.54)
  );
#2179 = DIRECTION('',(0.,0.,1.));
#2180 = DIRECTION('',(1.,0.,-0.));
#2181 = ADVANCED_FACE('',(#2182),#2193,.F.);
#2182 = FACE_BOUND('',#2183,.F.);
#2183 = EDGE_LOOP('',(#2184,#2190,#2191,#2192));
#2184 = ORIENTED_EDGE('',*,*,#2185,.T.);
#2185 = EDGE_CURVE('',#2046,#2129,#2186,.T.);
#2186 = LINE('',#2187,#2188);
#2187 = CARTESIAN_POINT('',(1.27,1.016,0.));
#2188 = VECTOR('',#2189,1.);
#2189 = DIRECTION('',(0.,0.,1.));
#2190 = ORIENTED_EDGE('',*,*,#2136,.T.);
#2191 = ORIENTED_EDGE('',*,*,#1957,.F.);
#2192 = ORIENTED_EDGE('',*,*,#2053,.F.);
#2193 = PLANE('',#2194);
#2194 = AXIS2_PLACEMENT_3D('',#2195,#2196,#2197);
#2195 = CARTESIAN_POINT('',(1.27,1.016,0.));
#2196 = DIRECTION('',(-0.707106781187,-0.707106781187,0.));
#2197 = DIRECTION('',(-0.707106781187,0.707106781187,0.));
#2198 = ADVANCED_FACE('',(#2199),#2210,.F.);
#2199 = FACE_BOUND('',#2200,.F.);
#2200 = EDGE_LOOP('',(#2201,#2202,#2203,#2209));
#2201 = ORIENTED_EDGE('',*,*,#1997,.T.);
#2202 = ORIENTED_EDGE('',*,*,#2104,.T.);
#2203 = ORIENTED_EDGE('',*,*,#2204,.F.);
#2204 = EDGE_CURVE('',#2022,#2105,#2205,.T.);
#2205 = LINE('',#2206,#2207);
#2206 = CARTESIAN_POINT('',(-1.016,-1.27,0.));
#2207 = VECTOR('',#2208,1.);
#2208 = DIRECTION('',(0.,0.,1.));
#2209 = ORIENTED_EDGE('',*,*,#2021,.F.);
#2210 = PLANE('',#2211);
#2211 = AXIS2_PLACEMENT_3D('',#2212,#2213,#2214);
#2212 = CARTESIAN_POINT('',(-1.27,-1.016,0.));
#2213 = DIRECTION('',(0.707106781187,0.707106781187,0.));
#2214 = DIRECTION('',(0.707106781187,-0.707106781187,0.));
#2215 = ADVANCED_FACE('',(#2216),#2227,.F.);
#2216 = FACE_BOUND('',#2217,.F.);
#2217 = EDGE_LOOP('',(#2218,#2224,#2225,#2226));
#2218 = ORIENTED_EDGE('',*,*,#2219,.T.);
#2219 = EDGE_CURVE('',#2038,#2121,#2220,.T.);
#2220 = LINE('',#2221,#2222);
#2221 = CARTESIAN_POINT('',(1.27,-1.016,0.));
#2222 = VECTOR('',#2223,1.);
#2223 = DIRECTION('',(0.,0.,1.));
#2224 = ORIENTED_EDGE('',*,*,#2128,.T.);
#2225 = ORIENTED_EDGE('',*,*,#2185,.F.);
#2226 = ORIENTED_EDGE('',*,*,#2045,.F.);
#2227 = PLANE('',#2228);
#2228 = AXIS2_PLACEMENT_3D('',#2229,#2230,#2231);
#2229 = CARTESIAN_POINT('',(1.27,-1.016,0.));
#2230 = DIRECTION('',(-1.,0.,0.));
#2231 = DIRECTION('',(0.,1.,0.));
#2232 = ADVANCED_FACE('',(#2233),#2244,.F.);
#2233 = FACE_BOUND('',#2234,.F.);
#2234 = EDGE_LOOP('',(#2235,#2236,#2237,#2243));
#2235 = ORIENTED_EDGE('',*,*,#2204,.T.);
#2236 = ORIENTED_EDGE('',*,*,#2112,.T.);
#2237 = ORIENTED_EDGE('',*,*,#2238,.F.);
#2238 = EDGE_CURVE('',#2030,#2113,#2239,.T.);
#2239 = LINE('',#2240,#2241);
#2240 = CARTESIAN_POINT('',(1.016,-1.27,0.));
#2241 = VECTOR('',#2242,1.);
#2242 = DIRECTION('',(0.,0.,1.));
#2243 = ORIENTED_EDGE('',*,*,#2029,.F.);
#2244 = PLANE('',#2245);
#2245 = AXIS2_PLACEMENT_3D('',#2246,#2247,#2248);
#2246 = CARTESIAN_POINT('',(-1.016,-1.27,0.));
#2247 = DIRECTION('',(0.,1.,0.));
#2248 = DIRECTION('',(1.,0.,0.));
#2249 = ADVANCED_FACE('',(#2250),#2256,.F.);
#2250 = FACE_BOUND('',#2251,.F.);
#2251 = EDGE_LOOP('',(#2252,#2253,#2254,#2255));
#2252 = ORIENTED_EDGE('',*,*,#2238,.T.);
#2253 = ORIENTED_EDGE('',*,*,#2120,.T.);
#2254 = ORIENTED_EDGE('',*,*,#2219,.F.);
#2255 = ORIENTED_EDGE('',*,*,#2037,.F.);
#2256 = PLANE('',#2257);
#2257 = AXIS2_PLACEMENT_3D('',#2258,#2259,#2260);
#2258 = CARTESIAN_POINT('',(1.016,-1.27,0.));
#2259 = DIRECTION('',(-0.707106781187,0.707106781187,0.));
#2260 = DIRECTION('',(0.707106781187,0.707106781187,0.));
#2261 = ADVANCED_FACE('',(#2262),#2287,.F.);
#2262 = FACE_BOUND('',#2263,.F.);
#2263 = EDGE_LOOP('',(#2264,#2272,#2280,#2286));
#2264 = ORIENTED_EDGE('',*,*,#2265,.F.);
#2265 = EDGE_CURVE('',#2266,#2063,#2268,.T.);
#2266 = VERTEX_POINT('',#2267);
#2267 = CARTESIAN_POINT('',(0.32,-0.32,-2.84));
#2268 = LINE('',#2269,#2270);
#2269 = CARTESIAN_POINT('',(0.32,-0.32,-3.));
#2270 = VECTOR('',#2271,1.);
#2271 = DIRECTION('',(0.,0.,1.));
#2272 = ORIENTED_EDGE('',*,*,#2273,.F.);
#2273 = EDGE_CURVE('',#2274,#2266,#2276,.T.);
#2274 = VERTEX_POINT('',#2275);
#2275 = CARTESIAN_POINT('',(-0.32,-0.32,-2.84));
#2276 = LINE('',#2277,#2278);
#2277 = CARTESIAN_POINT('',(-0.32,-0.32,-2.84));
#2278 = VECTOR('',#2279,1.);
#2279 = DIRECTION('',(1.,0.,0.));
#2280 = ORIENTED_EDGE('',*,*,#2281,.T.);
#2281 = EDGE_CURVE('',#2274,#2065,#2282,.T.);
#2282 = LINE('',#2283,#2284);
#2283 = CARTESIAN_POINT('',(-0.32,-0.32,-3.));
#2284 = VECTOR('',#2285,1.);
#2285 = DIRECTION('',(0.,0.,1.));
#2286 = ORIENTED_EDGE('',*,*,#2062,.F.);
#2287 = PLANE('',#2288);
#2288 = AXIS2_PLACEMENT_3D('',#2289,#2290,#2291);
#2289 = CARTESIAN_POINT('',(-0.32,-0.32,-3.));
#2290 = DIRECTION('',(0.,1.,0.));
#2291 = DIRECTION('',(0.,-0.,1.));
#2292 = ADVANCED_FACE('',(#2293),#2311,.T.);
#2293 = FACE_BOUND('',#2294,.T.);
#2294 = EDGE_LOOP('',(#2295,#2296,#2304,#2310));
#2295 = ORIENTED_EDGE('',*,*,#2265,.F.);
#2296 = ORIENTED_EDGE('',*,*,#2297,.T.);
#2297 = EDGE_CURVE('',#2266,#2298,#2300,.T.);
#2298 = VERTEX_POINT('',#2299);
#2299 = CARTESIAN_POINT('',(0.32,0.32,-2.84));
#2300 = LINE('',#2301,#2302);
#2301 = CARTESIAN_POINT('',(0.32,-0.32,-2.84));
#2302 = VECTOR('',#2303,1.);
#2303 = DIRECTION('',(0.,1.,0.));
#2304 = ORIENTED_EDGE('',*,*,#2305,.T.);
#2305 = EDGE_CURVE('',#2298,#2081,#2306,.T.);
#2306 = LINE('',#2307,#2308);
#2307 = CARTESIAN_POINT('',(0.32,0.32,-3.));
#2308 = VECTOR('',#2309,1.);
#2309 = DIRECTION('',(0.,0.,1.));
#2310 = ORIENTED_EDGE('',*,*,#2088,.F.);
#2311 = PLANE('',#2312);
#2312 = AXIS2_PLACEMENT_3D('',#2313,#2314,#2315);
#2313 = CARTESIAN_POINT('',(0.32,-0.32,-3.));
#2314 = DIRECTION('',(1.,0.,0.));
#2315 = DIRECTION('',(0.,0.,1.));
#2316 = ADVANCED_FACE('',(#2317),#2335,.T.);
#2317 = FACE_BOUND('',#2318,.T.);
#2318 = EDGE_LOOP('',(#2319,#2320,#2328,#2334));
#2319 = ORIENTED_EDGE('',*,*,#2305,.F.);
#2320 = ORIENTED_EDGE('',*,*,#2321,.F.);
#2321 = EDGE_CURVE('',#2322,#2298,#2324,.T.);
#2322 = VERTEX_POINT('',#2323);
#2323 = CARTESIAN_POINT('',(-0.32,0.32,-2.84));
#2324 = LINE('',#2325,#2326);
#2325 = CARTESIAN_POINT('',(-0.32,0.32,-2.84));
#2326 = VECTOR('',#2327,1.);
#2327 = DIRECTION('',(1.,0.,0.));
#2328 = ORIENTED_EDGE('',*,*,#2329,.T.);
#2329 = EDGE_CURVE('',#2322,#2073,#2330,.T.);
#2330 = LINE('',#2331,#2332);
#2331 = CARTESIAN_POINT('',(-0.32,0.32,-3.));
#2332 = VECTOR('',#2333,1.);
#2333 = DIRECTION('',(0.,0.,1.));
#2334 = ORIENTED_EDGE('',*,*,#2080,.F.);
#2335 = PLANE('',#2336);
#2336 = AXIS2_PLACEMENT_3D('',#2337,#2338,#2339);
#2337 = CARTESIAN_POINT('',(-0.32,0.32,-3.));
#2338 = DIRECTION('',(0.,1.,0.));
#2339 = DIRECTION('',(0.,-0.,1.));
#2340 = ADVANCED_FACE('',(#2341),#2352,.F.);
#2341 = FACE_BOUND('',#2342,.F.);
#2342 = EDGE_LOOP('',(#2343,#2344,#2350,#2351));
#2343 = ORIENTED_EDGE('',*,*,#2281,.F.);
#2344 = ORIENTED_EDGE('',*,*,#2345,.T.);
#2345 = EDGE_CURVE('',#2274,#2322,#2346,.T.);
#2346 = LINE('',#2347,#2348);
#2347 = CARTESIAN_POINT('',(-0.32,-0.32,-2.84));
#2348 = VECTOR('',#2349,1.);
#2349 = DIRECTION('',(0.,1.,0.));
#2350 = ORIENTED_EDGE('',*,*,#2329,.T.);
#2351 = ORIENTED_EDGE('',*,*,#2072,.F.);
#2352 = PLANE('',#2353);
#2353 = AXIS2_PLACEMENT_3D('',#2354,#2355,#2356);
#2354 = CARTESIAN_POINT('',(-0.32,-0.32,-3.));
#2355 = DIRECTION('',(1.,0.,0.));
#2356 = DIRECTION('',(0.,0.,1.));
#2357 = ADVANCED_FACE('',(#2358),#2383,.F.);
#2358 = FACE_BOUND('',#2359,.F.);
#2359 = EDGE_LOOP('',(#2360,#2368,#2369,#2377));
#2360 = ORIENTED_EDGE('',*,*,#2361,.F.);
#2361 = EDGE_CURVE('',#2146,#2362,#2364,.T.);
#2362 = VERTEX_POINT('',#2363);
#2363 = CARTESIAN_POINT('',(0.32,-0.32,8.38));
#2364 = LINE('',#2365,#2366);
#2365 = CARTESIAN_POINT('',(0.32,-0.32,-3.));
#2366 = VECTOR('',#2367,1.);
#2367 = DIRECTION('',(0.,0.,1.));
#2368 = ORIENTED_EDGE('',*,*,#2145,.T.);
#2369 = ORIENTED_EDGE('',*,*,#2370,.T.);
#2370 = EDGE_CURVE('',#2148,#2371,#2373,.T.);
#2371 = VERTEX_POINT('',#2372);
#2372 = CARTESIAN_POINT('',(-0.32,-0.32,8.38));
#2373 = LINE('',#2374,#2375);
#2374 = CARTESIAN_POINT('',(-0.32,-0.32,-3.));
#2375 = VECTOR('',#2376,1.);
#2376 = DIRECTION('',(0.,0.,1.));
#2377 = ORIENTED_EDGE('',*,*,#2378,.T.);
#2378 = EDGE_CURVE('',#2371,#2362,#2379,.T.);
#2379 = LINE('',#2380,#2381);
#2380 = CARTESIAN_POINT('',(-0.32,-0.32,8.38));
#2381 = VECTOR('',#2382,1.);
#2382 = DIRECTION('',(1.,0.,0.));
#2383 = PLANE('',#2384);
#2384 = AXIS2_PLACEMENT_3D('',#2385,#2386,#2387);
#2385 = CARTESIAN_POINT('',(-0.32,-0.32,-3.));
#2386 = DIRECTION('',(0.,1.,0.));
#2387 = DIRECTION('',(0.,-0.,1.));
#2388 = ADVANCED_FACE('',(#2389),#2407,.T.);
#2389 = FACE_BOUND('',#2390,.T.);
#2390 = EDGE_LOOP('',(#2391,#2392,#2393,#2401));
#2391 = ORIENTED_EDGE('',*,*,#2361,.F.);
#2392 = ORIENTED_EDGE('',*,*,#2171,.T.);
#2393 = ORIENTED_EDGE('',*,*,#2394,.T.);
#2394 = EDGE_CURVE('',#2164,#2395,#2397,.T.);
#2395 = VERTEX_POINT('',#2396);
#2396 = CARTESIAN_POINT('',(0.32,0.32,8.38));
#2397 = LINE('',#2398,#2399);
#2398 = CARTESIAN_POINT('',(0.32,0.32,-3.));
#2399 = VECTOR('',#2400,1.);
#2400 = DIRECTION('',(0.,0.,1.));
#2401 = ORIENTED_EDGE('',*,*,#2402,.F.);
#2402 = EDGE_CURVE('',#2362,#2395,#2403,.T.);
#2403 = LINE('',#2404,#2405);
#2404 = CARTESIAN_POINT('',(0.32,-0.32,8.38));
#2405 = VECTOR('',#2406,1.);
#2406 = DIRECTION('',(0.,1.,0.));
#2407 = PLANE('',#2408);
#2408 = AXIS2_PLACEMENT_3D('',#2409,#2410,#2411);
#2409 = CARTESIAN_POINT('',(0.32,-0.32,-3.));
#2410 = DIRECTION('',(1.,0.,0.));
#2411 = DIRECTION('',(0.,0.,1.));
#2412 = ADVANCED_FACE('',(#2413),#2431,.T.);
#2413 = FACE_BOUND('',#2414,.T.);
#2414 = EDGE_LOOP('',(#2415,#2416,#2417,#2425));
#2415 = ORIENTED_EDGE('',*,*,#2394,.F.);
#2416 = ORIENTED_EDGE('',*,*,#2163,.T.);
#2417 = ORIENTED_EDGE('',*,*,#2418,.T.);
#2418 = EDGE_CURVE('',#2156,#2419,#2421,.T.);
#2419 = VERTEX_POINT('',#2420);
#2420 = CARTESIAN_POINT('',(-0.32,0.32,8.38));
#2421 = LINE('',#2422,#2423);
#2422 = CARTESIAN_POINT('',(-0.32,0.32,-3.));
#2423 = VECTOR('',#2424,1.);
#2424 = DIRECTION('',(0.,0.,1.));
#2425 = ORIENTED_EDGE('',*,*,#2426,.T.);
#2426 = EDGE_CURVE('',#2419,#2395,#2427,.T.);
#2427 = LINE('',#2428,#2429);
#2428 = CARTESIAN_POINT('',(-0.32,0.32,8.38));
#2429 = VECTOR('',#2430,1.);
#2430 = DIRECTION('',(1.,0.,0.));
#2431 = PLANE('',#2432);
#2432 = AXIS2_PLACEMENT_3D('',#2433,#2434,#2435);
#2433 = CARTESIAN_POINT('',(-0.32,0.32,-3.));
#2434 = DIRECTION('',(0.,1.,0.));
#2435 = DIRECTION('',(0.,-0.,1.));
#2436 = ADVANCED_FACE('',(#2437),#2448,.F.);
#2437 = FACE_BOUND('',#2438,.F.);
#2438 = EDGE_LOOP('',(#2439,#2440,#2441,#2442));
#2439 = ORIENTED_EDGE('',*,*,#2370,.F.);
#2440 = ORIENTED_EDGE('',*,*,#2155,.T.);
#2441 = ORIENTED_EDGE('',*,*,#2418,.T.);
#2442 = ORIENTED_EDGE('',*,*,#2443,.F.);
#2443 = EDGE_CURVE('',#2371,#2419,#2444,.T.);
#2444 = LINE('',#2445,#2446);
#2445 = CARTESIAN_POINT('',(-0.32,-0.32,8.38));
#2446 = VECTOR('',#2447,1.);
#2447 = DIRECTION('',(0.,1.,0.));
#2448 = PLANE('',#2449);
#2449 = AXIS2_PLACEMENT_3D('',#2450,#2451,#2452);
#2450 = CARTESIAN_POINT('',(-0.32,-0.32,-3.));
#2451 = DIRECTION('',(1.,0.,0.));
#2452 = DIRECTION('',(0.,0.,1.));
#2453 = ADVANCED_FACE('',(#2454),#2479,.T.);
#2454 = FACE_BOUND('',#2455,.F.);
#2455 = EDGE_LOOP('',(#2456,#2464,#2465,#2473));
#2456 = ORIENTED_EDGE('',*,*,#2457,.F.);
#2457 = EDGE_CURVE('',#2274,#2458,#2460,.T.);
#2458 = VERTEX_POINT('',#2459);
#2459 = CARTESIAN_POINT('',(-0.16,-0.16,-3.));
#2460 = LINE('',#2461,#2462);
#2461 = CARTESIAN_POINT('',(-0.266666666667,-0.266666666667,
    -2.893333333333));
#2462 = VECTOR('',#2463,1.);
#2463 = DIRECTION('',(0.57735026919,0.57735026919,-0.57735026919));
#2464 = ORIENTED_EDGE('',*,*,#2273,.T.);
#2465 = ORIENTED_EDGE('',*,*,#2466,.T.);
#2466 = EDGE_CURVE('',#2266,#2467,#2469,.T.);
#2467 = VERTEX_POINT('',#2468);
#2468 = CARTESIAN_POINT('',(0.16,-0.16,-3.));
#2469 = LINE('',#2470,#2471);
#2470 = CARTESIAN_POINT('',(0.16,-0.16,-3.));
#2471 = VECTOR('',#2472,1.);
#2472 = DIRECTION('',(-0.57735026919,0.57735026919,-0.57735026919));
#2473 = ORIENTED_EDGE('',*,*,#2474,.F.);
#2474 = EDGE_CURVE('',#2458,#2467,#2475,.T.);
#2475 = LINE('',#2476,#2477);
#2476 = CARTESIAN_POINT('',(-0.32,-0.16,-3.));
#2477 = VECTOR('',#2478,1.);
#2478 = DIRECTION('',(1.,0.,0.));
#2479 = PLANE('',#2480);
#2480 = AXIS2_PLACEMENT_3D('',#2481,#2482,#2483);
#2481 = CARTESIAN_POINT('',(-0.32,-0.24,-2.92));
#2482 = DIRECTION('',(1.735167508357E-18,-0.707106781187,-0.707106781187
    ));
#2483 = DIRECTION('',(-1.,-1.226948711654E-18,-1.226948711654E-18));
#2484 = ADVANCED_FACE('',(#2485),#2503,.F.);
#2485 = FACE_BOUND('',#2486,.F.);
#2486 = EDGE_LOOP('',(#2487,#2488,#2489,#2497));
#2487 = ORIENTED_EDGE('',*,*,#2466,.F.);
#2488 = ORIENTED_EDGE('',*,*,#2297,.T.);
#2489 = ORIENTED_EDGE('',*,*,#2490,.T.);
#2490 = EDGE_CURVE('',#2298,#2491,#2493,.T.);
#2491 = VERTEX_POINT('',#2492);
#2492 = CARTESIAN_POINT('',(0.16,0.16,-3.));
#2493 = LINE('',#2494,#2495);
#2494 = CARTESIAN_POINT('',(5.333333333333E-02,5.333333333333E-02,
    -3.106666666667));
#2495 = VECTOR('',#2496,1.);
#2496 = DIRECTION('',(-0.57735026919,-0.57735026919,-0.57735026919));
#2497 = ORIENTED_EDGE('',*,*,#2498,.F.);
#2498 = EDGE_CURVE('',#2467,#2491,#2499,.T.);
#2499 = LINE('',#2500,#2501);
#2500 = CARTESIAN_POINT('',(0.16,-0.32,-3.));
#2501 = VECTOR('',#2502,1.);
#2502 = DIRECTION('',(0.,1.,0.));
#2503 = PLANE('',#2504);
#2504 = AXIS2_PLACEMENT_3D('',#2505,#2506,#2507);
#2505 = CARTESIAN_POINT('',(0.24,-0.32,-2.92));
#2506 = DIRECTION('',(-0.707106781187,1.735167508357E-18,0.707106781187)
  );
#2507 = DIRECTION('',(1.226948711654E-18,1.,-1.226948711654E-18));
#2508 = ADVANCED_FACE('',(#2509),#2527,.F.);
#2509 = FACE_BOUND('',#2510,.T.);
#2510 = EDGE_LOOP('',(#2511,#2519,#2520,#2521));
#2511 = ORIENTED_EDGE('',*,*,#2512,.F.);
#2512 = EDGE_CURVE('',#2322,#2513,#2515,.T.);
#2513 = VERTEX_POINT('',#2514);
#2514 = CARTESIAN_POINT('',(-0.16,0.16,-3.));
#2515 = LINE('',#2516,#2517);
#2516 = CARTESIAN_POINT('',(-0.16,0.16,-3.));
#2517 = VECTOR('',#2518,1.);
#2518 = DIRECTION('',(0.57735026919,-0.57735026919,-0.57735026919));
#2519 = ORIENTED_EDGE('',*,*,#2321,.T.);
#2520 = ORIENTED_EDGE('',*,*,#2490,.T.);
#2521 = ORIENTED_EDGE('',*,*,#2522,.F.);
#2522 = EDGE_CURVE('',#2513,#2491,#2523,.T.);
#2523 = LINE('',#2524,#2525);
#2524 = CARTESIAN_POINT('',(-0.32,0.16,-3.));
#2525 = VECTOR('',#2526,1.);
#2526 = DIRECTION('',(1.,0.,0.));
#2527 = PLANE('',#2528);
#2528 = AXIS2_PLACEMENT_3D('',#2529,#2530,#2531);
#2529 = CARTESIAN_POINT('',(-0.32,0.24,-2.92));
#2530 = DIRECTION('',(-1.735167508357E-18,-0.707106781187,0.707106781187
    ));
#2531 = DIRECTION('',(-1.,1.226948711654E-18,-1.226948711654E-18));
#2532 = ADVANCED_FACE('',(#2533),#2544,.T.);
#2533 = FACE_BOUND('',#2534,.T.);
#2534 = EDGE_LOOP('',(#2535,#2536,#2537,#2538));
#2535 = ORIENTED_EDGE('',*,*,#2457,.F.);
#2536 = ORIENTED_EDGE('',*,*,#2345,.T.);
#2537 = ORIENTED_EDGE('',*,*,#2512,.T.);
#2538 = ORIENTED_EDGE('',*,*,#2539,.F.);
#2539 = EDGE_CURVE('',#2458,#2513,#2540,.T.);
#2540 = LINE('',#2541,#2542);
#2541 = CARTESIAN_POINT('',(-0.16,-0.32,-3.));
#2542 = VECTOR('',#2543,1.);
#2543 = DIRECTION('',(0.,1.,0.));
#2544 = PLANE('',#2545);
#2545 = AXIS2_PLACEMENT_3D('',#2546,#2547,#2548);
#2546 = CARTESIAN_POINT('',(-0.24,-0.32,-2.92));
#2547 = DIRECTION('',(-0.707106781187,-1.735167508357E-18,
    -0.707106781187));
#2548 = DIRECTION('',(-1.226948711654E-18,1.,-1.226948711654E-18));
#2549 = ADVANCED_FACE('',(#2550),#2575,.F.);
#2550 = FACE_BOUND('',#2551,.T.);
#2551 = EDGE_LOOP('',(#2552,#2560,#2561,#2569));
#2552 = ORIENTED_EDGE('',*,*,#2553,.F.);
#2553 = EDGE_CURVE('',#2371,#2554,#2556,.T.);
#2554 = VERTEX_POINT('',#2555);
#2555 = CARTESIAN_POINT('',(-0.16,-0.16,8.54));
#2556 = LINE('',#2557,#2558);
#2557 = CARTESIAN_POINT('',(-0.266666666667,-0.266666666667,
    8.433333333333));
#2558 = VECTOR('',#2559,1.);
#2559 = DIRECTION('',(0.57735026919,0.57735026919,0.57735026919));
#2560 = ORIENTED_EDGE('',*,*,#2378,.T.);
#2561 = ORIENTED_EDGE('',*,*,#2562,.T.);
#2562 = EDGE_CURVE('',#2362,#2563,#2565,.T.);
#2563 = VERTEX_POINT('',#2564);
#2564 = CARTESIAN_POINT('',(0.16,-0.16,8.54));
#2565 = LINE('',#2566,#2567);
#2566 = CARTESIAN_POINT('',(0.16,-0.16,8.54));
#2567 = VECTOR('',#2568,1.);
#2568 = DIRECTION('',(-0.57735026919,0.57735026919,0.57735026919));
#2569 = ORIENTED_EDGE('',*,*,#2570,.F.);
#2570 = EDGE_CURVE('',#2554,#2563,#2571,.T.);
#2571 = LINE('',#2572,#2573);
#2572 = CARTESIAN_POINT('',(-0.32,-0.16,8.54));
#2573 = VECTOR('',#2574,1.);
#2574 = DIRECTION('',(1.,0.,0.));
#2575 = PLANE('',#2576);
#2576 = AXIS2_PLACEMENT_3D('',#2577,#2578,#2579);
#2577 = CARTESIAN_POINT('',(-0.32,-0.24,8.46));
#2578 = DIRECTION('',(-1.735167508357E-18,0.707106781187,-0.707106781187
    ));
#2579 = DIRECTION('',(-1.,-1.226948711654E-18,1.226948711654E-18));
#2580 = ADVANCED_FACE('',(#2581),#2599,.T.);
#2581 = FACE_BOUND('',#2582,.T.);
#2582 = EDGE_LOOP('',(#2583,#2584,#2585,#2593));
#2583 = ORIENTED_EDGE('',*,*,#2562,.F.);
#2584 = ORIENTED_EDGE('',*,*,#2402,.T.);
#2585 = ORIENTED_EDGE('',*,*,#2586,.T.);
#2586 = EDGE_CURVE('',#2395,#2587,#2589,.T.);
#2587 = VERTEX_POINT('',#2588);
#2588 = CARTESIAN_POINT('',(0.16,0.16,8.54));
#2589 = LINE('',#2590,#2591);
#2590 = CARTESIAN_POINT('',(5.333333333333E-02,5.333333333333E-02,
    8.646666666667));
#2591 = VECTOR('',#2592,1.);
#2592 = DIRECTION('',(-0.57735026919,-0.57735026919,0.57735026919));
#2593 = ORIENTED_EDGE('',*,*,#2594,.F.);
#2594 = EDGE_CURVE('',#2563,#2587,#2595,.T.);
#2595 = LINE('',#2596,#2597);
#2596 = CARTESIAN_POINT('',(0.16,-0.32,8.54));
#2597 = VECTOR('',#2598,1.);
#2598 = DIRECTION('',(0.,1.,0.));
#2599 = PLANE('',#2600);
#2600 = AXIS2_PLACEMENT_3D('',#2601,#2602,#2603);
#2601 = CARTESIAN_POINT('',(0.24,-0.32,8.46));
#2602 = DIRECTION('',(0.707106781187,-1.735167508357E-18,0.707106781187)
  );
#2603 = DIRECTION('',(1.226948711654E-18,1.,1.226948711654E-18));
#2604 = ADVANCED_FACE('',(#2605),#2623,.T.);
#2605 = FACE_BOUND('',#2606,.F.);
#2606 = EDGE_LOOP('',(#2607,#2615,#2616,#2617));
#2607 = ORIENTED_EDGE('',*,*,#2608,.F.);
#2608 = EDGE_CURVE('',#2419,#2609,#2611,.T.);
#2609 = VERTEX_POINT('',#2610);
#2610 = CARTESIAN_POINT('',(-0.16,0.16,8.54));
#2611 = LINE('',#2612,#2613);
#2612 = CARTESIAN_POINT('',(-0.16,0.16,8.54));
#2613 = VECTOR('',#2614,1.);
#2614 = DIRECTION('',(0.57735026919,-0.57735026919,0.57735026919));
#2615 = ORIENTED_EDGE('',*,*,#2426,.T.);
#2616 = ORIENTED_EDGE('',*,*,#2586,.T.);
#2617 = ORIENTED_EDGE('',*,*,#2618,.F.);
#2618 = EDGE_CURVE('',#2609,#2587,#2619,.T.);
#2619 = LINE('',#2620,#2621);
#2620 = CARTESIAN_POINT('',(-0.32,0.16,8.54));
#2621 = VECTOR('',#2622,1.);
#2622 = DIRECTION('',(1.,0.,0.));
#2623 = PLANE('',#2624);
#2624 = AXIS2_PLACEMENT_3D('',#2625,#2626,#2627);
#2625 = CARTESIAN_POINT('',(-0.32,0.24,8.46));
#2626 = DIRECTION('',(1.735167508357E-18,0.707106781187,0.707106781187)
  );
#2627 = DIRECTION('',(-1.,1.226948711654E-18,1.226948711654E-18));
#2628 = ADVANCED_FACE('',(#2629),#2640,.F.);
#2629 = FACE_BOUND('',#2630,.F.);
#2630 = EDGE_LOOP('',(#2631,#2632,#2633,#2634));
#2631 = ORIENTED_EDGE('',*,*,#2553,.F.);
#2632 = ORIENTED_EDGE('',*,*,#2443,.T.);
#2633 = ORIENTED_EDGE('',*,*,#2608,.T.);
#2634 = ORIENTED_EDGE('',*,*,#2635,.F.);
#2635 = EDGE_CURVE('',#2554,#2609,#2636,.T.);
#2636 = LINE('',#2637,#2638);
#2637 = CARTESIAN_POINT('',(-0.16,-0.32,8.54));
#2638 = VECTOR('',#2639,1.);
#2639 = DIRECTION('',(0.,1.,0.));
#2640 = PLANE('',#2641);
#2641 = AXIS2_PLACEMENT_3D('',#2642,#2643,#2644);
#2642 = CARTESIAN_POINT('',(-0.24,-0.32,8.46));
#2643 = DIRECTION('',(0.707106781187,1.735167508357E-18,-0.707106781187)
  );
#2644 = DIRECTION('',(-1.226948711654E-18,1.,1.226948711654E-18));
#2645 = ADVANCED_FACE('',(#2646),#2652,.F.);
#2646 = FACE_BOUND('',#2647,.F.);
#2647 = EDGE_LOOP('',(#2648,#2649,#2650,#2651));
#2648 = ORIENTED_EDGE('',*,*,#2522,.F.);
#2649 = ORIENTED_EDGE('',*,*,#2539,.F.);
#2650 = ORIENTED_EDGE('',*,*,#2474,.T.);
#2651 = ORIENTED_EDGE('',*,*,#2498,.T.);
#2652 = PLANE('',#2653);
#2653 = AXIS2_PLACEMENT_3D('',#2654,#2655,#2656);
#2654 = CARTESIAN_POINT('',(-0.32,-0.32,-3.));
#2655 = DIRECTION('',(0.,0.,1.));
#2656 = DIRECTION('',(1.,0.,-0.));
#2657 = ADVANCED_FACE('',(#2658),#2664,.T.);
#2658 = FACE_BOUND('',#2659,.T.);
#2659 = EDGE_LOOP('',(#2660,#2661,#2662,#2663));
#2660 = ORIENTED_EDGE('',*,*,#2594,.T.);
#2661 = ORIENTED_EDGE('',*,*,#2618,.F.);
#2662 = ORIENTED_EDGE('',*,*,#2635,.F.);
#2663 = ORIENTED_EDGE('',*,*,#2570,.T.);
#2664 = PLANE('',#2665);
#2665 = AXIS2_PLACEMENT_3D('',#2666,#2667,#2668);
#2666 = CARTESIAN_POINT('',(-0.32,-0.32,8.54));
#2667 = DIRECTION('',(0.,0.,1.));
#2668 = DIRECTION('',(1.,0.,-0.));
#2669 = ( GEOMETRIC_REPRESENTATION_CONTEXT(3) 
GLOBAL_UNCERTAINTY_ASSIGNED_CONTEXT((#2673)) 
GLOBAL_UNIT_ASSIGNED_CONTEXT((#2670,#2671,#2672)) REPRESENTATION_CONTEXT
('Context #1','3D Context with UNIT and UNCERTAINTY') );
#2670 = ( LENGTH_UNIT() NAMED_UNIT(*) SI_UNIT(.MILLI.,.METRE.) );
#2671 = ( NAMED_UNIT(*) PLANE_ANGLE_UNIT() SI_UNIT($,.RADIAN.) );
#2672 = ( NAMED_UNIT(*) SI_UNIT($,.STERADIAN.) SOLID_ANGLE_UNIT() );
#2673 = UNCERTAINTY_MEASURE_WITH_UNIT(LENGTH_MEASURE(1.E-07),#2670,
  'distance_accuracy_value','confusion accuracy');
#2674 = CONTEXT_DEPENDENT_SHAPE_REPRESENTATION(#2675,#2677);
#2675 = ( REPRESENTATION_RELATIONSHIP('','',#1910,#1887) 
REPRESENTATION_RELATIONSHIP_WITH_TRANSFORMATION(#2676) 
SHAPE_REPRESENTATION_RELATIONSHIP() );
#2676 = ITEM_DEFINED_TRANSFORMATION('','',#11,#1888);
#2677 = PRODUCT_DEFINITION_SHAPE('Placement','Placement of an item',
  #2678);
#2678 = NEXT_ASSEMBLY_USAGE_OCCURRENCE('5','=>[0:1:1:7]','',#1882,#1905,
  $);
#2679 = PRODUCT_RELATED_PRODUCT_CATEGORY('part',$,(#1907));
#2680 = CONTEXT_DEPENDENT_SHAPE_REPRESENTATION(#2681,#2683);
#2681 = ( REPRESENTATION_RELATIONSHIP('','',#1887,#10) 
REPRESENTATION_RELATIONSHIP_WITH_TRANSFORMATION(#2682) 
SHAPE_REPRESENTATION_RELATIONSHIP() );
#2682 = ITEM_DEFINED_TRANSFORMATION('','',#11,#27);
#2683 = PRODUCT_DEFINITION_SHAPE('Placement','Placement of an item',
  #2684);
#2684 = NEXT_ASSEMBLY_USAGE_OCCURRENCE('7','REF**','',#5,#1882,$);
#2685 = CONTEXT_DEPENDENT_SHAPE_REPRESENTATION(#2686,#2688);
#2686 = ( REPRESENTATION_RELATIONSHIP('','',#1887,#10) 
REPRESENTATION_RELATIONSHIP_WITH_TRANSFORMATION(#2687) 
SHAPE_REPRESENTATION_RELATIONSHIP() );
#2687 = ITEM_DEFINED_TRANSFORMATION('','',#11,#31);
#2688 = PRODUCT_DEFINITION_SHAPE('Placement','Placement of an item',
  #2689);
#2689 = NEXT_ASSEMBLY_USAGE_OCCURRENCE('8','REF**','',#5,#1882,$);
#2690 = CONTEXT_DEPENDENT_SHAPE_REPRESENTATION(#2691,#2693);
#2691 = ( REPRESENTATION_RELATIONSHIP('','',#1887,#10) 
REPRESENTATION_RELATIONSHIP_WITH_TRANSFORMATION(#2692) 
SHAPE_REPRESENTATION_RELATIONSHIP() );
#2692 = ITEM_DEFINED_TRANSFORMATION('','',#11,#35);
#2693 = PRODUCT_DEFINITION_SHAPE('Placement','Placement of an item',
  #2694);
#2694 = NEXT_ASSEMBLY_USAGE_OCCURRENCE('9','REF**','',#5,#1882,$);
#2695 = SHAPE_DEFINITION_REPRESENTATION(#2696,#2702);
#2696 = PRODUCT_DEFINITION_SHAPE('','',#2697);
#2697 = PRODUCT_DEFINITION('design','',#2698,#2701);
#2698 = PRODUCT_DEFINITION_FORMATION('','',#2699);
#2699 = PRODUCT('MT3608_PCB','MT3608_PCB','',(#2700));
#2700 = PRODUCT_CONTEXT('',#2,'mechanical');
#2701 = PRODUCT_DEFINITION_CONTEXT('part definition',#2,'design');
#2702 = ADVANCED_BREP_SHAPE_REPRESENTATION('',(#11,#2703),#3266);
#2703 = MANIFOLD_SOLID_BREP('',#2704);
#2704 = CLOSED_SHELL('',(#2705,#2747,#2778,#2809,#2938,#3067,#3084,#3101
    ,#3118,#3135,#3147,#3164,#3181,#3198,#3215,#3232,#3249));
#2705 = ADVANCED_FACE('',(#2706),#2742,.T.);
#2706 = FACE_BOUND('',#2707,.T.);
#2707 = EDGE_LOOP('',(#2708,#2718,#2727,#2735));
#2708 = ORIENTED_EDGE('',*,*,#2709,.T.);
#2709 = EDGE_CURVE('',#2710,#2712,#2714,.T.);
#2710 = VERTEX_POINT('',#2711);
#2711 = CARTESIAN_POINT('',(96.52,-85.725,0.));
#2712 = VERTEX_POINT('',#2713);
#2713 = CARTESIAN_POINT('',(96.52,-85.725,1.51));
#2714 = LINE('',#2715,#2716);
#2715 = CARTESIAN_POINT('',(96.52,-85.725,0.));
#2716 = VECTOR('',#2717,1.);
#2717 = DIRECTION('',(0.,0.,1.));
#2718 = ORIENTED_EDGE('',*,*,#2719,.T.);
#2719 = EDGE_CURVE('',#2712,#2720,#2722,.T.);
#2720 = VERTEX_POINT('',#2721);
#2721 = CARTESIAN_POINT('',(98.425,-87.63,1.51));
#2722 = CIRCLE('',#2723,1.905001427691);
#2723 = AXIS2_PLACEMENT_3D('',#2724,#2725,#2726);
#2724 = CARTESIAN_POINT('',(96.51999857231,-87.63000142769,1.51));
#2725 = DIRECTION('',(0.,0.,-1.));
#2726 = DIRECTION('',(7.494430722287E-07,1.,0.));
#2727 = ORIENTED_EDGE('',*,*,#2728,.F.);
#2728 = EDGE_CURVE('',#2729,#2720,#2731,.T.);
#2729 = VERTEX_POINT('',#2730);
#2730 = CARTESIAN_POINT('',(98.425,-87.63,0.));
#2731 = LINE('',#2732,#2733);
#2732 = CARTESIAN_POINT('',(98.425,-87.63,0.));
#2733 = VECTOR('',#2734,1.);
#2734 = DIRECTION('',(0.,0.,1.));
#2735 = ORIENTED_EDGE('',*,*,#2736,.F.);
#2736 = EDGE_CURVE('',#2710,#2729,#2737,.T.);
#2737 = CIRCLE('',#2738,1.905001427691);
#2738 = AXIS2_PLACEMENT_3D('',#2739,#2740,#2741);
#2739 = CARTESIAN_POINT('',(96.51999857231,-87.63000142769,0.));
#2740 = DIRECTION('',(0.,0.,-1.));
#2741 = DIRECTION('',(7.494430722287E-07,1.,0.));
#2742 = CYLINDRICAL_SURFACE('',#2743,1.905001427691);
#2743 = AXIS2_PLACEMENT_3D('',#2744,#2745,#2746);
#2744 = CARTESIAN_POINT('',(96.51999857231,-87.63000142769,0.));
#2745 = DIRECTION('',(0.,0.,-1.));
#2746 = DIRECTION('',(7.494430722287E-07,1.,0.));
#2747 = ADVANCED_FACE('',(#2748),#2773,.T.);
#2748 = FACE_BOUND('',#2749,.T.);
#2749 = EDGE_LOOP('',(#2750,#2760,#2766,#2767));
#2750 = ORIENTED_EDGE('',*,*,#2751,.T.);
#2751 = EDGE_CURVE('',#2752,#2754,#2756,.T.);
#2752 = VERTEX_POINT('',#2753);
#2753 = CARTESIAN_POINT('',(83.82,-85.725,0.));
#2754 = VERTEX_POINT('',#2755);
#2755 = CARTESIAN_POINT('',(83.82,-85.725,1.51));
#2756 = LINE('',#2757,#2758);
#2757 = CARTESIAN_POINT('',(83.82,-85.725,0.));
#2758 = VECTOR('',#2759,1.);
#2759 = DIRECTION('',(0.,0.,1.));
#2760 = ORIENTED_EDGE('',*,*,#2761,.T.);
#2761 = EDGE_CURVE('',#2754,#2712,#2762,.T.);
#2762 = LINE('',#2763,#2764);
#2763 = CARTESIAN_POINT('',(83.82,-85.725,1.51));
#2764 = VECTOR('',#2765,1.);
#2765 = DIRECTION('',(1.,0.,0.));
#2766 = ORIENTED_EDGE('',*,*,#2709,.F.);
#2767 = ORIENTED_EDGE('',*,*,#2768,.F.);
#2768 = EDGE_CURVE('',#2752,#2710,#2769,.T.);
#2769 = LINE('',#2770,#2771);
#2770 = CARTESIAN_POINT('',(83.82,-85.725,0.));
#2771 = VECTOR('',#2772,1.);
#2772 = DIRECTION('',(1.,0.,0.));
#2773 = PLANE('',#2774);
#2774 = AXIS2_PLACEMENT_3D('',#2775,#2776,#2777);
#2775 = CARTESIAN_POINT('',(83.82,-85.725,0.));
#2776 = DIRECTION('',(0.,1.,0.));
#2777 = DIRECTION('',(1.,0.,0.));
#2778 = ADVANCED_FACE('',(#2779),#2804,.T.);
#2779 = FACE_BOUND('',#2780,.T.);
#2780 = EDGE_LOOP('',(#2781,#2782,#2790,#2798));
#2781 = ORIENTED_EDGE('',*,*,#2728,.T.);
#2782 = ORIENTED_EDGE('',*,*,#2783,.T.);
#2783 = EDGE_CURVE('',#2720,#2784,#2786,.T.);
#2784 = VERTEX_POINT('',#2785);
#2785 = CARTESIAN_POINT('',(98.425,-120.65,1.51));
#2786 = LINE('',#2787,#2788);
#2787 = CARTESIAN_POINT('',(98.425,-87.63,1.51));
#2788 = VECTOR('',#2789,1.);
#2789 = DIRECTION('',(0.,-1.,0.));
#2790 = ORIENTED_EDGE('',*,*,#2791,.F.);
#2791 = EDGE_CURVE('',#2792,#2784,#2794,.T.);
#2792 = VERTEX_POINT('',#2793);
#2793 = CARTESIAN_POINT('',(98.425,-120.65,0.));
#2794 = LINE('',#2795,#2796);
#2795 = CARTESIAN_POINT('',(98.425,-120.65,0.));
#2796 = VECTOR('',#2797,1.);
#2797 = DIRECTION('',(0.,0.,1.));
#2798 = ORIENTED_EDGE('',*,*,#2799,.F.);
#2799 = EDGE_CURVE('',#2729,#2792,#2800,.T.);
#2800 = LINE('',#2801,#2802);
#2801 = CARTESIAN_POINT('',(98.425,-87.63,0.));
#2802 = VECTOR('',#2803,1.);
#2803 = DIRECTION('',(0.,-1.,0.));
#2804 = PLANE('',#2805);
#2805 = AXIS2_PLACEMENT_3D('',#2806,#2807,#2808);
#2806 = CARTESIAN_POINT('',(98.425,-87.63,0.));
#2807 = DIRECTION('',(1.,0.,-0.));
#2808 = DIRECTION('',(0.,-1.,0.));
#2809 = ADVANCED_FACE('',(#2810,#2856,#2867,#2878,#2889,#2900,#2911,
    #2922),#2933,.F.);
#2810 = FACE_BOUND('',#2811,.F.);
#2811 = EDGE_LOOP('',(#2812,#2813,#2814,#2823,#2831,#2840,#2848,#2855));
#2812 = ORIENTED_EDGE('',*,*,#2736,.F.);
#2813 = ORIENTED_EDGE('',*,*,#2768,.F.);
#2814 = ORIENTED_EDGE('',*,*,#2815,.F.);
#2815 = EDGE_CURVE('',#2816,#2752,#2818,.T.);
#2816 = VERTEX_POINT('',#2817);
#2817 = CARTESIAN_POINT('',(81.915,-87.63,0.));
#2818 = CIRCLE('',#2819,1.905001427691);
#2819 = AXIS2_PLACEMENT_3D('',#2820,#2821,#2822);
#2820 = CARTESIAN_POINT('',(83.82000142769,-87.63000142769,0.));
#2821 = DIRECTION('',(0.,0.,-1.));
#2822 = DIRECTION('',(-1.,7.494430573092E-07,0.));
#2823 = ORIENTED_EDGE('',*,*,#2824,.F.);
#2824 = EDGE_CURVE('',#2825,#2816,#2827,.T.);
#2825 = VERTEX_POINT('',#2826);
#2826 = CARTESIAN_POINT('',(81.915,-120.65,0.));
#2827 = LINE('',#2828,#2829);
#2828 = CARTESIAN_POINT('',(81.915,-120.65,0.));
#2829 = VECTOR('',#2830,1.);
#2830 = DIRECTION('',(0.,1.,0.));
#2831 = ORIENTED_EDGE('',*,*,#2832,.F.);
#2832 = EDGE_CURVE('',#2833,#2825,#2835,.T.);
#2833 = VERTEX_POINT('',#2834);
#2834 = CARTESIAN_POINT('',(83.82,-122.555,0.));
#2835 = CIRCLE('',#2836,1.905001427691);
#2836 = AXIS2_PLACEMENT_3D('',#2837,#2838,#2839);
#2837 = CARTESIAN_POINT('',(83.82000142769,-120.6499985723,0.));
#2838 = DIRECTION('',(0.,0.,-1.));
#2839 = DIRECTION('',(-7.494430647689E-07,-1.,-0.));
#2840 = ORIENTED_EDGE('',*,*,#2841,.F.);
#2841 = EDGE_CURVE('',#2842,#2833,#2844,.T.);
#2842 = VERTEX_POINT('',#2843);
#2843 = CARTESIAN_POINT('',(96.52,-122.555,0.));
#2844 = LINE('',#2845,#2846);
#2845 = CARTESIAN_POINT('',(96.52,-122.555,0.));
#2846 = VECTOR('',#2847,1.);
#2847 = DIRECTION('',(-1.,0.,0.));
#2848 = ORIENTED_EDGE('',*,*,#2849,.F.);
#2849 = EDGE_CURVE('',#2792,#2842,#2850,.T.);
#2850 = CIRCLE('',#2851,1.905001427691);
#2851 = AXIS2_PLACEMENT_3D('',#2852,#2853,#2854);
#2852 = CARTESIAN_POINT('',(96.51999857231,-120.6499985723,0.));
#2853 = DIRECTION('',(0.,0.,-1.));
#2854 = DIRECTION('',(1.,-7.494430722287E-07,0.));
#2855 = ORIENTED_EDGE('',*,*,#2799,.F.);
#2856 = FACE_BOUND('',#2857,.F.);
#2857 = EDGE_LOOP('',(#2858));
#2858 = ORIENTED_EDGE('',*,*,#2859,.T.);
#2859 = EDGE_CURVE('',#2860,#2860,#2862,.T.);
#2860 = VERTEX_POINT('',#2861);
#2861 = CARTESIAN_POINT('',(86.36,-119.88,0.));
#2862 = CIRCLE('',#2863,0.5);
#2863 = AXIS2_PLACEMENT_3D('',#2864,#2865,#2866);
#2864 = CARTESIAN_POINT('',(86.36,-119.38,0.));
#2865 = DIRECTION('',(-0.,0.,-1.));
#2866 = DIRECTION('',(-0.,-1.,0.));
#2867 = FACE_BOUND('',#2868,.F.);
#2868 = EDGE_LOOP('',(#2869));
#2869 = ORIENTED_EDGE('',*,*,#2870,.T.);
#2870 = EDGE_CURVE('',#2871,#2871,#2873,.T.);
#2871 = VERTEX_POINT('',#2872);
#2872 = CARTESIAN_POINT('',(93.98,-119.88,0.));
#2873 = CIRCLE('',#2874,0.5);
#2874 = AXIS2_PLACEMENT_3D('',#2875,#2876,#2877);
#2875 = CARTESIAN_POINT('',(93.98,-119.38,0.));
#2876 = DIRECTION('',(-0.,0.,-1.));
#2877 = DIRECTION('',(-0.,-1.,0.));
#2878 = FACE_BOUND('',#2879,.F.);
#2879 = EDGE_LOOP('',(#2880));
#2880 = ORIENTED_EDGE('',*,*,#2881,.T.);
#2881 = EDGE_CURVE('',#2882,#2882,#2884,.T.);
#2882 = VERTEX_POINT('',#2883);
#2883 = CARTESIAN_POINT('',(86.995,-98.19,0.));
#2884 = CIRCLE('',#2885,0.4);
#2885 = AXIS2_PLACEMENT_3D('',#2886,#2887,#2888);
#2886 = CARTESIAN_POINT('',(86.995,-97.79,0.));
#2887 = DIRECTION('',(-0.,0.,-1.));
#2888 = DIRECTION('',(-0.,-1.,0.));
#2889 = FACE_BOUND('',#2890,.F.);
#2890 = EDGE_LOOP('',(#2891));
#2891 = ORIENTED_EDGE('',*,*,#2892,.T.);
#2892 = EDGE_CURVE('',#2893,#2893,#2895,.T.);
#2893 = VERTEX_POINT('',#2894);
#2894 = CARTESIAN_POINT('',(89.535,-100.73,0.));
#2895 = CIRCLE('',#2896,0.4);
#2896 = AXIS2_PLACEMENT_3D('',#2897,#2898,#2899);
#2897 = CARTESIAN_POINT('',(89.535,-100.33,0.));
#2898 = DIRECTION('',(-0.,0.,-1.));
#2899 = DIRECTION('',(-0.,-1.,0.));
#2900 = FACE_BOUND('',#2901,.F.);
#2901 = EDGE_LOOP('',(#2902));
#2902 = ORIENTED_EDGE('',*,*,#2903,.T.);
#2903 = EDGE_CURVE('',#2904,#2904,#2906,.T.);
#2904 = VERTEX_POINT('',#2905);
#2905 = CARTESIAN_POINT('',(86.36,-89.4,0.));
#2906 = CIRCLE('',#2907,0.5);
#2907 = AXIS2_PLACEMENT_3D('',#2908,#2909,#2910);
#2908 = CARTESIAN_POINT('',(86.36,-88.9,0.));
#2909 = DIRECTION('',(-0.,0.,-1.));
#2910 = DIRECTION('',(-0.,-1.,0.));
#2911 = FACE_BOUND('',#2912,.F.);
#2912 = EDGE_LOOP('',(#2913));
#2913 = ORIENTED_EDGE('',*,*,#2914,.T.);
#2914 = EDGE_CURVE('',#2915,#2915,#2917,.T.);
#2915 = VERTEX_POINT('',#2916);
#2916 = CARTESIAN_POINT('',(89.535,-95.65,0.));
#2917 = CIRCLE('',#2918,0.4);
#2918 = AXIS2_PLACEMENT_3D('',#2919,#2920,#2921);
#2919 = CARTESIAN_POINT('',(89.535,-95.25,0.));
#2920 = DIRECTION('',(-0.,0.,-1.));
#2921 = DIRECTION('',(-0.,-1.,0.));
#2922 = FACE_BOUND('',#2923,.F.);
#2923 = EDGE_LOOP('',(#2924));
#2924 = ORIENTED_EDGE('',*,*,#2925,.T.);
#2925 = EDGE_CURVE('',#2926,#2926,#2928,.T.);
#2926 = VERTEX_POINT('',#2927);
#2927 = CARTESIAN_POINT('',(93.98,-89.4,0.));
#2928 = CIRCLE('',#2929,0.5);
#2929 = AXIS2_PLACEMENT_3D('',#2930,#2931,#2932);
#2930 = CARTESIAN_POINT('',(93.98,-88.9,0.));
#2931 = DIRECTION('',(-0.,0.,-1.));
#2932 = DIRECTION('',(-0.,-1.,0.));
#2933 = PLANE('',#2934);
#2934 = AXIS2_PLACEMENT_3D('',#2935,#2936,#2937);
#2935 = CARTESIAN_POINT('',(0.,0.,0.));
#2936 = DIRECTION('',(0.,0.,1.));
#2937 = DIRECTION('',(1.,0.,-0.));
#2938 = ADVANCED_FACE('',(#2939,#2985,#2996,#3007,#3018,#3029,#3040,
    #3051),#3062,.T.);
#2939 = FACE_BOUND('',#2940,.T.);
#2940 = EDGE_LOOP('',(#2941,#2942,#2943,#2952,#2960,#2969,#2977,#2984));
#2941 = ORIENTED_EDGE('',*,*,#2719,.F.);
#2942 = ORIENTED_EDGE('',*,*,#2761,.F.);
#2943 = ORIENTED_EDGE('',*,*,#2944,.F.);
#2944 = EDGE_CURVE('',#2945,#2754,#2947,.T.);
#2945 = VERTEX_POINT('',#2946);
#2946 = CARTESIAN_POINT('',(81.915,-87.63,1.51));
#2947 = CIRCLE('',#2948,1.905001427691);
#2948 = AXIS2_PLACEMENT_3D('',#2949,#2950,#2951);
#2949 = CARTESIAN_POINT('',(83.82000142769,-87.63000142769,1.51));
#2950 = DIRECTION('',(0.,0.,-1.));
#2951 = DIRECTION('',(-1.,7.494430573092E-07,0.));
#2952 = ORIENTED_EDGE('',*,*,#2953,.F.);
#2953 = EDGE_CURVE('',#2954,#2945,#2956,.T.);
#2954 = VERTEX_POINT('',#2955);
#2955 = CARTESIAN_POINT('',(81.915,-120.65,1.51));
#2956 = LINE('',#2957,#2958);
#2957 = CARTESIAN_POINT('',(81.915,-120.65,1.51));
#2958 = VECTOR('',#2959,1.);
#2959 = DIRECTION('',(0.,1.,0.));
#2960 = ORIENTED_EDGE('',*,*,#2961,.F.);
#2961 = EDGE_CURVE('',#2962,#2954,#2964,.T.);
#2962 = VERTEX_POINT('',#2963);
#2963 = CARTESIAN_POINT('',(83.82,-122.555,1.51));
#2964 = CIRCLE('',#2965,1.905001427691);
#2965 = AXIS2_PLACEMENT_3D('',#2966,#2967,#2968);
#2966 = CARTESIAN_POINT('',(83.82000142769,-120.6499985723,1.51));
#2967 = DIRECTION('',(0.,0.,-1.));
#2968 = DIRECTION('',(-7.494430647689E-07,-1.,-0.));
#2969 = ORIENTED_EDGE('',*,*,#2970,.F.);
#2970 = EDGE_CURVE('',#2971,#2962,#2973,.T.);
#2971 = VERTEX_POINT('',#2972);
#2972 = CARTESIAN_POINT('',(96.52,-122.555,1.51));
#2973 = LINE('',#2974,#2975);
#2974 = CARTESIAN_POINT('',(96.52,-122.555,1.51));
#2975 = VECTOR('',#2976,1.);
#2976 = DIRECTION('',(-1.,0.,0.));
#2977 = ORIENTED_EDGE('',*,*,#2978,.F.);
#2978 = EDGE_CURVE('',#2784,#2971,#2979,.T.);
#2979 = CIRCLE('',#2980,1.905001427691);
#2980 = AXIS2_PLACEMENT_3D('',#2981,#2982,#2983);
#2981 = CARTESIAN_POINT('',(96.51999857231,-120.6499985723,1.51));
#2982 = DIRECTION('',(0.,0.,-1.));
#2983 = DIRECTION('',(1.,-7.494430722287E-07,0.));
#2984 = ORIENTED_EDGE('',*,*,#2783,.F.);
#2985 = FACE_BOUND('',#2986,.T.);
#2986 = EDGE_LOOP('',(#2987));
#2987 = ORIENTED_EDGE('',*,*,#2988,.T.);
#2988 = EDGE_CURVE('',#2989,#2989,#2991,.T.);
#2989 = VERTEX_POINT('',#2990);
#2990 = CARTESIAN_POINT('',(86.36,-119.88,1.51));
#2991 = CIRCLE('',#2992,0.5);
#2992 = AXIS2_PLACEMENT_3D('',#2993,#2994,#2995);
#2993 = CARTESIAN_POINT('',(86.36,-119.38,1.51));
#2994 = DIRECTION('',(-0.,0.,-1.));
#2995 = DIRECTION('',(-0.,-1.,0.));
#2996 = FACE_BOUND('',#2997,.T.);
#2997 = EDGE_LOOP('',(#2998));
#2998 = ORIENTED_EDGE('',*,*,#2999,.T.);
#2999 = EDGE_CURVE('',#3000,#3000,#3002,.T.);
#3000 = VERTEX_POINT('',#3001);
#3001 = CARTESIAN_POINT('',(93.98,-119.88,1.51));
#3002 = CIRCLE('',#3003,0.5);
#3003 = AXIS2_PLACEMENT_3D('',#3004,#3005,#3006);
#3004 = CARTESIAN_POINT('',(93.98,-119.38,1.51));
#3005 = DIRECTION('',(-0.,0.,-1.));
#3006 = DIRECTION('',(-0.,-1.,0.));
#3007 = FACE_BOUND('',#3008,.T.);
#3008 = EDGE_LOOP('',(#3009));
#3009 = ORIENTED_EDGE('',*,*,#3010,.T.);
#3010 = EDGE_CURVE('',#3011,#3011,#3013,.T.);
#3011 = VERTEX_POINT('',#3012);
#3012 = CARTESIAN_POINT('',(86.995,-98.19,1.51));
#3013 = CIRCLE('',#3014,0.4);
#3014 = AXIS2_PLACEMENT_3D('',#3015,#3016,#3017);
#3015 = CARTESIAN_POINT('',(86.995,-97.79,1.51));
#3016 = DIRECTION('',(-0.,0.,-1.));
#3017 = DIRECTION('',(-0.,-1.,0.));
#3018 = FACE_BOUND('',#3019,.T.);
#3019 = EDGE_LOOP('',(#3020));
#3020 = ORIENTED_EDGE('',*,*,#3021,.T.);
#3021 = EDGE_CURVE('',#3022,#3022,#3024,.T.);
#3022 = VERTEX_POINT('',#3023);
#3023 = CARTESIAN_POINT('',(89.535,-100.73,1.51));
#3024 = CIRCLE('',#3025,0.4);
#3025 = AXIS2_PLACEMENT_3D('',#3026,#3027,#3028);
#3026 = CARTESIAN_POINT('',(89.535,-100.33,1.51));
#3027 = DIRECTION('',(-0.,0.,-1.));
#3028 = DIRECTION('',(-0.,-1.,0.));
#3029 = FACE_BOUND('',#3030,.T.);
#3030 = EDGE_LOOP('',(#3031));
#3031 = ORIENTED_EDGE('',*,*,#3032,.T.);
#3032 = EDGE_CURVE('',#3033,#3033,#3035,.T.);
#3033 = VERTEX_POINT('',#3034);
#3034 = CARTESIAN_POINT('',(86.36,-89.4,1.51));
#3035 = CIRCLE('',#3036,0.5);
#3036 = AXIS2_PLACEMENT_3D('',#3037,#3038,#3039);
#3037 = CARTESIAN_POINT('',(86.36,-88.9,1.51));
#3038 = DIRECTION('',(-0.,0.,-1.));
#3039 = DIRECTION('',(-0.,-1.,0.));
#3040 = FACE_BOUND('',#3041,.T.);
#3041 = EDGE_LOOP('',(#3042));
#3042 = ORIENTED_EDGE('',*,*,#3043,.T.);
#3043 = EDGE_CURVE('',#3044,#3044,#3046,.T.);
#3044 = VERTEX_POINT('',#3045);
#3045 = CARTESIAN_POINT('',(89.535,-95.65,1.51));
#3046 = CIRCLE('',#3047,0.4);
#3047 = AXIS2_PLACEMENT_3D('',#3048,#3049,#3050);
#3048 = CARTESIAN_POINT('',(89.535,-95.25,1.51));
#3049 = DIRECTION('',(-0.,0.,-1.));
#3050 = DIRECTION('',(-0.,-1.,0.));
#3051 = FACE_BOUND('',#3052,.T.);
#3052 = EDGE_LOOP('',(#3053));
#3053 = ORIENTED_EDGE('',*,*,#3054,.T.);
#3054 = EDGE_CURVE('',#3055,#3055,#3057,.T.);
#3055 = VERTEX_POINT('',#3056);
#3056 = CARTESIAN_POINT('',(93.98,-89.4,1.51));
#3057 = CIRCLE('',#3058,0.5);
#3058 = AXIS2_PLACEMENT_3D('',#3059,#3060,#3061);
#3059 = CARTESIAN_POINT('',(93.98,-88.9,1.51));
#3060 = DIRECTION('',(-0.,0.,-1.));
#3061 = DIRECTION('',(-0.,-1.,0.));
#3062 = PLANE('',#3063);
#3063 = AXIS2_PLACEMENT_3D('',#3064,#3065,#3066);
#3064 = CARTESIAN_POINT('',(0.,0.,1.51));
#3065 = DIRECTION('',(0.,0.,1.));
#3066 = DIRECTION('',(1.,0.,-0.));
#3067 = ADVANCED_FACE('',(#3068),#3079,.T.);
#3068 = FACE_BOUND('',#3069,.T.);
#3069 = EDGE_LOOP('',(#3070,#3076,#3077,#3078));
#3070 = ORIENTED_EDGE('',*,*,#3071,.T.);
#3071 = EDGE_CURVE('',#2816,#2945,#3072,.T.);
#3072 = LINE('',#3073,#3074);
#3073 = CARTESIAN_POINT('',(81.915,-87.63,0.));
#3074 = VECTOR('',#3075,1.);
#3075 = DIRECTION('',(0.,0.,1.));
#3076 = ORIENTED_EDGE('',*,*,#2944,.T.);
#3077 = ORIENTED_EDGE('',*,*,#2751,.F.);
#3078 = ORIENTED_EDGE('',*,*,#2815,.F.);
#3079 = CYLINDRICAL_SURFACE('',#3080,1.905001427691);
#3080 = AXIS2_PLACEMENT_3D('',#3081,#3082,#3083);
#3081 = CARTESIAN_POINT('',(83.82000142769,-87.63000142769,0.));
#3082 = DIRECTION('',(0.,0.,-1.));
#3083 = DIRECTION('',(-1.,7.494430573092E-07,0.));
#3084 = ADVANCED_FACE('',(#3085),#3096,.T.);
#3085 = FACE_BOUND('',#3086,.T.);
#3086 = EDGE_LOOP('',(#3087,#3088,#3089,#3095));
#3087 = ORIENTED_EDGE('',*,*,#2791,.T.);
#3088 = ORIENTED_EDGE('',*,*,#2978,.T.);
#3089 = ORIENTED_EDGE('',*,*,#3090,.F.);
#3090 = EDGE_CURVE('',#2842,#2971,#3091,.T.);
#3091 = LINE('',#3092,#3093);
#3092 = CARTESIAN_POINT('',(96.52,-122.555,0.));
#3093 = VECTOR('',#3094,1.);
#3094 = DIRECTION('',(0.,0.,1.));
#3095 = ORIENTED_EDGE('',*,*,#2849,.F.);
#3096 = CYLINDRICAL_SURFACE('',#3097,1.905001427691);
#3097 = AXIS2_PLACEMENT_3D('',#3098,#3099,#3100);
#3098 = CARTESIAN_POINT('',(96.51999857231,-120.6499985723,0.));
#3099 = DIRECTION('',(0.,0.,-1.));
#3100 = DIRECTION('',(1.,-7.494430722287E-07,0.));
#3101 = ADVANCED_FACE('',(#3102),#3113,.T.);
#3102 = FACE_BOUND('',#3103,.T.);
#3103 = EDGE_LOOP('',(#3104,#3110,#3111,#3112));
#3104 = ORIENTED_EDGE('',*,*,#3105,.T.);
#3105 = EDGE_CURVE('',#2825,#2954,#3106,.T.);
#3106 = LINE('',#3107,#3108);
#3107 = CARTESIAN_POINT('',(81.915,-120.65,0.));
#3108 = VECTOR('',#3109,1.);
#3109 = DIRECTION('',(0.,0.,1.));
#3110 = ORIENTED_EDGE('',*,*,#2953,.T.);
#3111 = ORIENTED_EDGE('',*,*,#3071,.F.);
#3112 = ORIENTED_EDGE('',*,*,#2824,.F.);
#3113 = PLANE('',#3114);
#3114 = AXIS2_PLACEMENT_3D('',#3115,#3116,#3117);
#3115 = CARTESIAN_POINT('',(81.915,-120.65,0.));
#3116 = DIRECTION('',(-1.,0.,0.));
#3117 = DIRECTION('',(0.,1.,0.));
#3118 = ADVANCED_FACE('',(#3119),#3130,.T.);
#3119 = FACE_BOUND('',#3120,.T.);
#3120 = EDGE_LOOP('',(#3121,#3122,#3123,#3129));
#3121 = ORIENTED_EDGE('',*,*,#3090,.T.);
#3122 = ORIENTED_EDGE('',*,*,#2970,.T.);
#3123 = ORIENTED_EDGE('',*,*,#3124,.F.);
#3124 = EDGE_CURVE('',#2833,#2962,#3125,.T.);
#3125 = LINE('',#3126,#3127);
#3126 = CARTESIAN_POINT('',(83.82,-122.555,0.));
#3127 = VECTOR('',#3128,1.);
#3128 = DIRECTION('',(0.,0.,1.));
#3129 = ORIENTED_EDGE('',*,*,#2841,.F.);
#3130 = PLANE('',#3131);
#3131 = AXIS2_PLACEMENT_3D('',#3132,#3133,#3134);
#3132 = CARTESIAN_POINT('',(96.52,-122.555,0.));
#3133 = DIRECTION('',(0.,-1.,0.));
#3134 = DIRECTION('',(-1.,0.,0.));
#3135 = ADVANCED_FACE('',(#3136),#3142,.T.);
#3136 = FACE_BOUND('',#3137,.T.);
#3137 = EDGE_LOOP('',(#3138,#3139,#3140,#3141));
#3138 = ORIENTED_EDGE('',*,*,#3124,.T.);
#3139 = ORIENTED_EDGE('',*,*,#2961,.T.);
#3140 = ORIENTED_EDGE('',*,*,#3105,.F.);
#3141 = ORIENTED_EDGE('',*,*,#2832,.F.);
#3142 = CYLINDRICAL_SURFACE('',#3143,1.905001427691);
#3143 = AXIS2_PLACEMENT_3D('',#3144,#3145,#3146);
#3144 = CARTESIAN_POINT('',(83.82000142769,-120.6499985723,0.));
#3145 = DIRECTION('',(0.,0.,-1.));
#3146 = DIRECTION('',(-7.494430647689E-07,-1.,-0.));
#3147 = ADVANCED_FACE('',(#3148),#3159,.F.);
#3148 = FACE_BOUND('',#3149,.T.);
#3149 = EDGE_LOOP('',(#3150,#3151,#3157,#3158));
#3150 = ORIENTED_EDGE('',*,*,#2859,.T.);
#3151 = ORIENTED_EDGE('',*,*,#3152,.T.);
#3152 = EDGE_CURVE('',#2860,#2989,#3153,.T.);
#3153 = LINE('',#3154,#3155);
#3154 = CARTESIAN_POINT('',(86.36,-119.88,-4.6E-02));
#3155 = VECTOR('',#3156,1.);
#3156 = DIRECTION('',(0.,0.,1.));
#3157 = ORIENTED_EDGE('',*,*,#2988,.F.);
#3158 = ORIENTED_EDGE('',*,*,#3152,.F.);
#3159 = CYLINDRICAL_SURFACE('',#3160,0.5);
#3160 = AXIS2_PLACEMENT_3D('',#3161,#3162,#3163);
#3161 = CARTESIAN_POINT('',(86.36,-119.38,-4.6E-02));
#3162 = DIRECTION('',(-0.,-0.,-1.));
#3163 = DIRECTION('',(-0.,-1.,0.));
#3164 = ADVANCED_FACE('',(#3165),#3176,.F.);
#3165 = FACE_BOUND('',#3166,.T.);
#3166 = EDGE_LOOP('',(#3167,#3168,#3174,#3175));
#3167 = ORIENTED_EDGE('',*,*,#2870,.T.);
#3168 = ORIENTED_EDGE('',*,*,#3169,.T.);
#3169 = EDGE_CURVE('',#2871,#3000,#3170,.T.);
#3170 = LINE('',#3171,#3172);
#3171 = CARTESIAN_POINT('',(93.98,-119.88,-4.6E-02));
#3172 = VECTOR('',#3173,1.);
#3173 = DIRECTION('',(0.,0.,1.));
#3174 = ORIENTED_EDGE('',*,*,#2999,.F.);
#3175 = ORIENTED_EDGE('',*,*,#3169,.F.);
#3176 = CYLINDRICAL_SURFACE('',#3177,0.5);
#3177 = AXIS2_PLACEMENT_3D('',#3178,#3179,#3180);
#3178 = CARTESIAN_POINT('',(93.98,-119.38,-4.6E-02));
#3179 = DIRECTION('',(-0.,-0.,-1.));
#3180 = DIRECTION('',(-0.,-1.,0.));
#3181 = ADVANCED_FACE('',(#3182),#3193,.F.);
#3182 = FACE_BOUND('',#3183,.T.);
#3183 = EDGE_LOOP('',(#3184,#3185,#3191,#3192));
#3184 = ORIENTED_EDGE('',*,*,#2881,.T.);
#3185 = ORIENTED_EDGE('',*,*,#3186,.T.);
#3186 = EDGE_CURVE('',#2882,#3011,#3187,.T.);
#3187 = LINE('',#3188,#3189);
#3188 = CARTESIAN_POINT('',(86.995,-98.19,-4.6E-02));
#3189 = VECTOR('',#3190,1.);
#3190 = DIRECTION('',(0.,0.,1.));
#3191 = ORIENTED_EDGE('',*,*,#3010,.F.);
#3192 = ORIENTED_EDGE('',*,*,#3186,.F.);
#3193 = CYLINDRICAL_SURFACE('',#3194,0.4);
#3194 = AXIS2_PLACEMENT_3D('',#3195,#3196,#3197);
#3195 = CARTESIAN_POINT('',(86.995,-97.79,-4.6E-02));
#3196 = DIRECTION('',(-0.,-0.,-1.));
#3197 = DIRECTION('',(-0.,-1.,0.));
#3198 = ADVANCED_FACE('',(#3199),#3210,.F.);
#3199 = FACE_BOUND('',#3200,.T.);
#3200 = EDGE_LOOP('',(#3201,#3202,#3208,#3209));
#3201 = ORIENTED_EDGE('',*,*,#2892,.T.);
#3202 = ORIENTED_EDGE('',*,*,#3203,.T.);
#3203 = EDGE_CURVE('',#2893,#3022,#3204,.T.);
#3204 = LINE('',#3205,#3206);
#3205 = CARTESIAN_POINT('',(89.535,-100.73,-4.6E-02));
#3206 = VECTOR('',#3207,1.);
#3207 = DIRECTION('',(0.,0.,1.));
#3208 = ORIENTED_EDGE('',*,*,#3021,.F.);
#3209 = ORIENTED_EDGE('',*,*,#3203,.F.);
#3210 = CYLINDRICAL_SURFACE('',#3211,0.4);
#3211 = AXIS2_PLACEMENT_3D('',#3212,#3213,#3214);
#3212 = CARTESIAN_POINT('',(89.535,-100.33,-4.6E-02));
#3213 = DIRECTION('',(-0.,-0.,-1.));
#3214 = DIRECTION('',(-0.,-1.,0.));
#3215 = ADVANCED_FACE('',(#3216),#3227,.F.);
#3216 = FACE_BOUND('',#3217,.T.);
#3217 = EDGE_LOOP('',(#3218,#3219,#3225,#3226));
#3218 = ORIENTED_EDGE('',*,*,#2903,.T.);
#3219 = ORIENTED_EDGE('',*,*,#3220,.T.);
#3220 = EDGE_CURVE('',#2904,#3033,#3221,.T.);
#3221 = LINE('',#3222,#3223);
#3222 = CARTESIAN_POINT('',(86.36,-89.4,-4.6E-02));
#3223 = VECTOR('',#3224,1.);
#3224 = DIRECTION('',(0.,0.,1.));
#3225 = ORIENTED_EDGE('',*,*,#3032,.F.);
#3226 = ORIENTED_EDGE('',*,*,#3220,.F.);
#3227 = CYLINDRICAL_SURFACE('',#3228,0.5);
#3228 = AXIS2_PLACEMENT_3D('',#3229,#3230,#3231);
#3229 = CARTESIAN_POINT('',(86.36,-88.9,-4.6E-02));
#3230 = DIRECTION('',(-0.,-0.,-1.));
#3231 = DIRECTION('',(-0.,-1.,0.));
#3232 = ADVANCED_FACE('',(#3233),#3244,.F.);
#3233 = FACE_BOUND('',#3234,.T.);
#3234 = EDGE_LOOP('',(#3235,#3236,#3242,#3243));
#3235 = ORIENTED_EDGE('',*,*,#2914,.T.);
#3236 = ORIENTED_EDGE('',*,*,#3237,.T.);
#3237 = EDGE_CURVE('',#2915,#3044,#3238,.T.);
#3238 = LINE('',#3239,#3240);
#3239 = CARTESIAN_POINT('',(89.535,-95.65,-4.6E-02));
#3240 = VECTOR('',#3241,1.);
#3241 = DIRECTION('',(0.,0.,1.));
#3242 = ORIENTED_EDGE('',*,*,#3043,.F.);
#3243 = ORIENTED_EDGE('',*,*,#3237,.F.);
#3244 = CYLINDRICAL_SURFACE('',#3245,0.4);
#3245 = AXIS2_PLACEMENT_3D('',#3246,#3247,#3248);
#3246 = CARTESIAN_POINT('',(89.535,-95.25,-4.6E-02));
#3247 = DIRECTION('',(-0.,-0.,-1.));
#3248 = DIRECTION('',(-0.,-1.,0.));
#3249 = ADVANCED_FACE('',(#3250),#3261,.F.);
#3250 = FACE_BOUND('',#3251,.T.);
#3251 = EDGE_LOOP('',(#3252,#3253,#3259,#3260));
#3252 = ORIENTED_EDGE('',*,*,#2925,.T.);
#3253 = ORIENTED_EDGE('',*,*,#3254,.T.);
#3254 = EDGE_CURVE('',#2926,#3055,#3255,.T.);
#3255 = LINE('',#3256,#3257);
#3256 = CARTESIAN_POINT('',(93.98,-89.4,-4.6E-02));
#3257 = VECTOR('',#3258,1.);
#3258 = DIRECTION('',(0.,0.,1.));
#3259 = ORIENTED_EDGE('',*,*,#3054,.F.);
#3260 = ORIENTED_EDGE('',*,*,#3254,.F.);
#3261 = CYLINDRICAL_SURFACE('',#3262,0.5);
#3262 = AXIS2_PLACEMENT_3D('',#3263,#3264,#3265);
#3263 = CARTESIAN_POINT('',(93.98,-88.9,-4.6E-02));
#3264 = DIRECTION('',(-0.,-0.,-1.));
#3265 = DIRECTION('',(-0.,-1.,0.));
#3266 = ( GEOMETRIC_REPRESENTATION_CONTEXT(3) 
GLOBAL_UNCERTAINTY_ASSIGNED_CONTEXT((#3270)) 
GLOBAL_UNIT_ASSIGNED_CONTEXT((#3267,#3268,#3269)) REPRESENTATION_CONTEXT
('Context #1','3D Context with UNIT and UNCERTAINTY') );
#3267 = ( LENGTH_UNIT() NAMED_UNIT(*) SI_UNIT(.MILLI.,.METRE.) );
#3268 = ( NAMED_UNIT(*) PLANE_ANGLE_UNIT() SI_UNIT($,.RADIAN.) );
#3269 = ( NAMED_UNIT(*) SI_UNIT($,.STERADIAN.) SOLID_ANGLE_UNIT() );
#3270 = UNCERTAINTY_MEASURE_WITH_UNIT(LENGTH_MEASURE(1.E-07),#3267,
  'distance_accuracy_value','confusion accuracy');
#3271 = CONTEXT_DEPENDENT_SHAPE_REPRESENTATION(#3272,#3274);
#3272 = ( REPRESENTATION_RELATIONSHIP('','',#2702,#10) 
REPRESENTATION_RELATIONSHIP_WITH_TRANSFORMATION(#3273) 
SHAPE_REPRESENTATION_RELATIONSHIP() );
#3273 = ITEM_DEFINED_TRANSFORMATION('','',#11,#39);
#3274 = PRODUCT_DEFINITION_SHAPE('Placement','Placement of an item',
  #3275);
#3275 = NEXT_ASSEMBLY_USAGE_OCCURRENCE('10','=>[0:1:1:8]','',#5,#2697,$
  );
#3276 = PRODUCT_RELATED_PRODUCT_CATEGORY('part',$,(#2699));
#3277 = MECHANICAL_DESIGN_GEOMETRIC_PRESENTATION_REPRESENTATION('',(
    #3278),#3266);
#3278 = STYLED_ITEM('color',(#3279),#2703);
#3279 = PRESENTATION_STYLE_ASSIGNMENT((#3280));
#3280 = SURFACE_STYLE_USAGE(.BOTH.,#3281);
#3281 = SURFACE_SIDE_STYLE('',(#3282));
#3282 = SURFACE_STYLE_FILL_AREA(#3283);
#3283 = FILL_AREA_STYLE('',(#3284));
#3284 = FILL_AREA_STYLE_COLOUR('',#3285);
#3285 = COLOUR_RGB('',0.313304153717,0.484529207832,0.410020903123);
#3286 = MECHANICAL_DESIGN_GEOMETRIC_PRESENTATION_REPRESENTATION('',(
    #3287,#3297,#3306,#3315,#3324,#3334,#3343,#3352,#3361,#3370,#3379,
    #3388,#3397,#3406,#3415,#3424,#3433,#3442,#3451,#3460,#3469,#3478,
    #3487,#3496,#3505,#3514,#3523,#3532),#1869);
#3287 = STYLED_ITEM('color',(#3288),#1087);
#3288 = PRESENTATION_STYLE_ASSIGNMENT((#3289,#3295));
#3289 = SURFACE_STYLE_USAGE(.BOTH.,#3290);
#3290 = SURFACE_SIDE_STYLE('',(#3291));
#3291 = SURFACE_STYLE_FILL_AREA(#3292);
#3292 = FILL_AREA_STYLE('',(#3293));
#3293 = FILL_AREA_STYLE_COLOUR('',#3294);
#3294 = COLOUR_RGB('',0.147999998088,0.145000001626,0.145000001626);
#3295 = CURVE_STYLE('',#3296,POSITIVE_LENGTH_MEASURE(0.1),#3294);
#3296 = DRAUGHTING_PRE_DEFINED_CURVE_FONT('continuous');
#3297 = STYLED_ITEM('color',(#3298),#1159);
#3298 = PRESENTATION_STYLE_ASSIGNMENT((#3299,#3304));
#3299 = SURFACE_STYLE_USAGE(.BOTH.,#3300);
#3300 = SURFACE_SIDE_STYLE('',(#3301));
#3301 = SURFACE_STYLE_FILL_AREA(#3302);
#3302 = FILL_AREA_STYLE('',(#3303));
#3303 = FILL_AREA_STYLE_COLOUR('',#3294);
#3304 = CURVE_STYLE('',#3305,POSITIVE_LENGTH_MEASURE(0.1),#3294);
#3305 = DRAUGHTING_PRE_DEFINED_CURVE_FONT('continuous');
#3306 = STYLED_ITEM('color',(#3307),#1192);
#3307 = PRESENTATION_STYLE_ASSIGNMENT((#3308,#3313));
#3308 = SURFACE_STYLE_USAGE(.BOTH.,#3309);
#3309 = SURFACE_SIDE_STYLE('',(#3310));
#3310 = SURFACE_STYLE_FILL_AREA(#3311);
#3311 = FILL_AREA_STYLE('',(#3312));
#3312 = FILL_AREA_STYLE_COLOUR('',#3294);
#3313 = CURVE_STYLE('',#3314,POSITIVE_LENGTH_MEASURE(0.1),#3294);
#3314 = DRAUGHTING_PRE_DEFINED_CURVE_FONT('continuous');
#3315 = STYLED_ITEM('color',(#3316),#1225);
#3316 = PRESENTATION_STYLE_ASSIGNMENT((#3317,#3322));
#3317 = SURFACE_STYLE_USAGE(.BOTH.,#3318);
#3318 = SURFACE_SIDE_STYLE('',(#3319));
#3319 = SURFACE_STYLE_FILL_AREA(#3320);
#3320 = FILL_AREA_STYLE('',(#3321));
#3321 = FILL_AREA_STYLE_COLOUR('',#3294);
#3322 = CURVE_STYLE('',#3323,POSITIVE_LENGTH_MEASURE(0.1),#3294);
#3323 = DRAUGHTING_PRE_DEFINED_CURVE_FONT('continuous');
#3324 = STYLED_ITEM('color',(#3325),#1339);
#3325 = PRESENTATION_STYLE_ASSIGNMENT((#3326,#3332));
#3326 = SURFACE_STYLE_USAGE(.BOTH.,#3327);
#3327 = SURFACE_SIDE_STYLE('',(#3328));
#3328 = SURFACE_STYLE_FILL_AREA(#3329);
#3329 = FILL_AREA_STYLE('',(#3330));
#3330 = FILL_AREA_STYLE_COLOUR('',#3331);
#3331 = COLOUR_RGB('',0.823999987314,0.819999987296,0.781000009244);
#3332 = CURVE_STYLE('',#3333,POSITIVE_LENGTH_MEASURE(0.1),#3331);
#3333 = DRAUGHTING_PRE_DEFINED_CURVE_FONT('continuous');
#3334 = STYLED_ITEM('color',(#3335),#1370);
#3335 = PRESENTATION_STYLE_ASSIGNMENT((#3336,#3341));
#3336 = SURFACE_STYLE_USAGE(.BOTH.,#3337);
#3337 = SURFACE_SIDE_STYLE('',(#3338));
#3338 = SURFACE_STYLE_FILL_AREA(#3339);
#3339 = FILL_AREA_STYLE('',(#3340));
#3340 = FILL_AREA_STYLE_COLOUR('',#3331);
#3341 = CURVE_STYLE('',#3342,POSITIVE_LENGTH_MEASURE(0.1),#3331);
#3342 = DRAUGHTING_PRE_DEFINED_CURVE_FONT('continuous');
#3343 = STYLED_ITEM('color',(#3344),#1394);
#3344 = PRESENTATION_STYLE_ASSIGNMENT((#3345,#3350));
#3345 = SURFACE_STYLE_USAGE(.BOTH.,#3346);
#3346 = SURFACE_SIDE_STYLE('',(#3347));
#3347 = SURFACE_STYLE_FILL_AREA(#3348);
#3348 = FILL_AREA_STYLE('',(#3349));
#3349 = FILL_AREA_STYLE_COLOUR('',#3331);
#3350 = CURVE_STYLE('',#3351,POSITIVE_LENGTH_MEASURE(0.1),#3331);
#3351 = DRAUGHTING_PRE_DEFINED_CURVE_FONT('continuous');
#3352 = STYLED_ITEM('color',(#3353),#1418);
#3353 = PRESENTATION_STYLE_ASSIGNMENT((#3354,#3359));
#3354 = SURFACE_STYLE_USAGE(.BOTH.,#3355);
#3355 = SURFACE_SIDE_STYLE('',(#3356));
#3356 = SURFACE_STYLE_FILL_AREA(#3357);
#3357 = FILL_AREA_STYLE('',(#3358));
#3358 = FILL_AREA_STYLE_COLOUR('',#3294);
#3359 = CURVE_STYLE('',#3360,POSITIVE_LENGTH_MEASURE(0.1),#3294);
#3360 = DRAUGHTING_PRE_DEFINED_CURVE_FONT('continuous');
#3361 = STYLED_ITEM('color',(#3362),#1443);
#3362 = PRESENTATION_STYLE_ASSIGNMENT((#3363,#3368));
#3363 = SURFACE_STYLE_USAGE(.BOTH.,#3364);
#3364 = SURFACE_SIDE_STYLE('',(#3365));
#3365 = SURFACE_STYLE_FILL_AREA(#3366);
#3366 = FILL_AREA_STYLE('',(#3367));
#3367 = FILL_AREA_STYLE_COLOUR('',#3294);
#3368 = CURVE_STYLE('',#3369,POSITIVE_LENGTH_MEASURE(0.1),#3294);
#3369 = DRAUGHTING_PRE_DEFINED_CURVE_FONT('continuous');
#3370 = STYLED_ITEM('color',(#3371),#1460);
#3371 = PRESENTATION_STYLE_ASSIGNMENT((#3372,#3377));
#3372 = SURFACE_STYLE_USAGE(.BOTH.,#3373);
#3373 = SURFACE_SIDE_STYLE('',(#3374));
#3374 = SURFACE_STYLE_FILL_AREA(#3375);
#3375 = FILL_AREA_STYLE('',(#3376));
#3376 = FILL_AREA_STYLE_COLOUR('',#3294);
#3377 = CURVE_STYLE('',#3378,POSITIVE_LENGTH_MEASURE(0.1),#3294);
#3378 = DRAUGHTING_PRE_DEFINED_CURVE_FONT('continuous');
#3379 = STYLED_ITEM('color',(#3380),#1491);
#3380 = PRESENTATION_STYLE_ASSIGNMENT((#3381,#3386));
#3381 = SURFACE_STYLE_USAGE(.BOTH.,#3382);
#3382 = SURFACE_SIDE_STYLE('',(#3383));
#3383 = SURFACE_STYLE_FILL_AREA(#3384);
#3384 = FILL_AREA_STYLE('',(#3385));
#3385 = FILL_AREA_STYLE_COLOUR('',#3294);
#3386 = CURVE_STYLE('',#3387,POSITIVE_LENGTH_MEASURE(0.1),#3294);
#3387 = DRAUGHTING_PRE_DEFINED_CURVE_FONT('continuous');
#3388 = STYLED_ITEM('color',(#3389),#1508);
#3389 = PRESENTATION_STYLE_ASSIGNMENT((#3390,#3395));
#3390 = SURFACE_STYLE_USAGE(.BOTH.,#3391);
#3391 = SURFACE_SIDE_STYLE('',(#3392));
#3392 = SURFACE_STYLE_FILL_AREA(#3393);
#3393 = FILL_AREA_STYLE('',(#3394));
#3394 = FILL_AREA_STYLE_COLOUR('',#3294);
#3395 = CURVE_STYLE('',#3396,POSITIVE_LENGTH_MEASURE(0.1),#3294);
#3396 = DRAUGHTING_PRE_DEFINED_CURVE_FONT('continuous');
#3397 = STYLED_ITEM('color',(#3398),#1532);
#3398 = PRESENTATION_STYLE_ASSIGNMENT((#3399,#3404));
#3399 = SURFACE_STYLE_USAGE(.BOTH.,#3400);
#3400 = SURFACE_SIDE_STYLE('',(#3401));
#3401 = SURFACE_STYLE_FILL_AREA(#3402);
#3402 = FILL_AREA_STYLE('',(#3403));
#3403 = FILL_AREA_STYLE_COLOUR('',#3331);
#3404 = CURVE_STYLE('',#3405,POSITIVE_LENGTH_MEASURE(0.1),#3331);
#3405 = DRAUGHTING_PRE_DEFINED_CURVE_FONT('continuous');
#3406 = STYLED_ITEM('color',(#3407),#1551);
#3407 = PRESENTATION_STYLE_ASSIGNMENT((#3408,#3413));
#3408 = SURFACE_STYLE_USAGE(.BOTH.,#3409);
#3409 = SURFACE_SIDE_STYLE('',(#3410));
#3410 = SURFACE_STYLE_FILL_AREA(#3411);
#3411 = FILL_AREA_STYLE('',(#3412));
#3412 = FILL_AREA_STYLE_COLOUR('',#3294);
#3413 = CURVE_STYLE('',#3414,POSITIVE_LENGTH_MEASURE(0.1),#3294);
#3414 = DRAUGHTING_PRE_DEFINED_CURVE_FONT('continuous');
#3415 = STYLED_ITEM('color',(#3416),#1576);
#3416 = PRESENTATION_STYLE_ASSIGNMENT((#3417,#3422));
#3417 = SURFACE_STYLE_USAGE(.BOTH.,#3418);
#3418 = SURFACE_SIDE_STYLE('',(#3419));
#3419 = SURFACE_STYLE_FILL_AREA(#3420);
#3420 = FILL_AREA_STYLE('',(#3421));
#3421 = FILL_AREA_STYLE_COLOUR('',#3294);
#3422 = CURVE_STYLE('',#3423,POSITIVE_LENGTH_MEASURE(0.1),#3294);
#3423 = DRAUGHTING_PRE_DEFINED_CURVE_FONT('continuous');
#3424 = STYLED_ITEM('color',(#3425),#1623);
#3425 = PRESENTATION_STYLE_ASSIGNMENT((#3426,#3431));
#3426 = SURFACE_STYLE_USAGE(.BOTH.,#3427);
#3427 = SURFACE_SIDE_STYLE('',(#3428));
#3428 = SURFACE_STYLE_FILL_AREA(#3429);
#3429 = FILL_AREA_STYLE('',(#3430));
#3430 = FILL_AREA_STYLE_COLOUR('',#3331);
#3431 = CURVE_STYLE('',#3432,POSITIVE_LENGTH_MEASURE(0.1),#3331);
#3432 = DRAUGHTING_PRE_DEFINED_CURVE_FONT('continuous');
#3433 = STYLED_ITEM('color',(#3434),#1656);
#3434 = PRESENTATION_STYLE_ASSIGNMENT((#3435,#3440));
#3435 = SURFACE_STYLE_USAGE(.BOTH.,#3436);
#3436 = SURFACE_SIDE_STYLE('',(#3437));
#3437 = SURFACE_STYLE_FILL_AREA(#3438);
#3438 = FILL_AREA_STYLE('',(#3439));
#3439 = FILL_AREA_STYLE_COLOUR('',#3294);
#3440 = CURVE_STYLE('',#3441,POSITIVE_LENGTH_MEASURE(0.1),#3294);
#3441 = DRAUGHTING_PRE_DEFINED_CURVE_FONT('continuous');
#3442 = STYLED_ITEM('color',(#3443),#1681);
#3443 = PRESENTATION_STYLE_ASSIGNMENT((#3444,#3449));
#3444 = SURFACE_STYLE_USAGE(.BOTH.,#3445);
#3445 = SURFACE_SIDE_STYLE('',(#3446));
#3446 = SURFACE_STYLE_FILL_AREA(#3447);
#3447 = FILL_AREA_STYLE('',(#3448));
#3448 = FILL_AREA_STYLE_COLOUR('',#3294);
#3449 = CURVE_STYLE('',#3450,POSITIVE_LENGTH_MEASURE(0.1),#3294);
#3450 = DRAUGHTING_PRE_DEFINED_CURVE_FONT('continuous');
#3451 = STYLED_ITEM('color',(#3452),#1698);
#3452 = PRESENTATION_STYLE_ASSIGNMENT((#3453,#3458));
#3453 = SURFACE_STYLE_USAGE(.BOTH.,#3454);
#3454 = SURFACE_SIDE_STYLE('',(#3455));
#3455 = SURFACE_STYLE_FILL_AREA(#3456);
#3456 = FILL_AREA_STYLE('',(#3457));
#3457 = FILL_AREA_STYLE_COLOUR('',#3331);
#3458 = CURVE_STYLE('',#3459,POSITIVE_LENGTH_MEASURE(0.1),#3331);
#3459 = DRAUGHTING_PRE_DEFINED_CURVE_FONT('continuous');
#3460 = STYLED_ITEM('color',(#3461),#1710);
#3461 = PRESENTATION_STYLE_ASSIGNMENT((#3462,#3467));
#3462 = SURFACE_STYLE_USAGE(.BOTH.,#3463);
#3463 = SURFACE_SIDE_STYLE('',(#3464));
#3464 = SURFACE_STYLE_FILL_AREA(#3465);
#3465 = FILL_AREA_STYLE('',(#3466));
#3466 = FILL_AREA_STYLE_COLOUR('',#3294);
#3467 = CURVE_STYLE('',#3468,POSITIVE_LENGTH_MEASURE(0.1),#3294);
#3468 = DRAUGHTING_PRE_DEFINED_CURVE_FONT('continuous');
#3469 = STYLED_ITEM('color',(#3470),#1728);
#3470 = PRESENTATION_STYLE_ASSIGNMENT((#3471,#3476));
#3471 = SURFACE_STYLE_USAGE(.BOTH.,#3472);
#3472 = SURFACE_SIDE_STYLE('',(#3473));
#3473 = SURFACE_STYLE_FILL_AREA(#3474);
#3474 = FILL_AREA_STYLE('',(#3475));
#3475 = FILL_AREA_STYLE_COLOUR('',#3294);
#3476 = CURVE_STYLE('',#3477,POSITIVE_LENGTH_MEASURE(0.1),#3294);
#3477 = DRAUGHTING_PRE_DEFINED_CURVE_FONT('continuous');
#3478 = STYLED_ITEM('color',(#3479),#1746);
#3479 = PRESENTATION_STYLE_ASSIGNMENT((#3480,#3485));
#3480 = SURFACE_STYLE_USAGE(.BOTH.,#3481);
#3481 = SURFACE_SIDE_STYLE('',(#3482));
#3482 = SURFACE_STYLE_FILL_AREA(#3483);
#3483 = FILL_AREA_STYLE('',(#3484));
#3484 = FILL_AREA_STYLE_COLOUR('',#3294);
#3485 = CURVE_STYLE('',#3486,POSITIVE_LENGTH_MEASURE(0.1),#3294);
#3486 = DRAUGHTING_PRE_DEFINED_CURVE_FONT('continuous');
#3487 = STYLED_ITEM('color',(#3488),#1770);
#3488 = PRESENTATION_STYLE_ASSIGNMENT((#3489,#3494));
#3489 = SURFACE_STYLE_USAGE(.BOTH.,#3490);
#3490 = SURFACE_SIDE_STYLE('',(#3491));
#3491 = SURFACE_STYLE_FILL_AREA(#3492);
#3492 = FILL_AREA_STYLE('',(#3493));
#3493 = FILL_AREA_STYLE_COLOUR('',#3294);
#3494 = CURVE_STYLE('',#3495,POSITIVE_LENGTH_MEASURE(0.1),#3294);
#3495 = DRAUGHTING_PRE_DEFINED_CURVE_FONT('continuous');
#3496 = STYLED_ITEM('color',(#3497),#1781);
#3497 = PRESENTATION_STYLE_ASSIGNMENT((#3498,#3503));
#3498 = SURFACE_STYLE_USAGE(.BOTH.,#3499);
#3499 = SURFACE_SIDE_STYLE('',(#3500));
#3500 = SURFACE_STYLE_FILL_AREA(#3501);
#3501 = FILL_AREA_STYLE('',(#3502));
#3502 = FILL_AREA_STYLE_COLOUR('',#3331);
#3503 = CURVE_STYLE('',#3504,POSITIVE_LENGTH_MEASURE(0.1),#3331);
#3504 = DRAUGHTING_PRE_DEFINED_CURVE_FONT('continuous');
#3505 = STYLED_ITEM('color',(#3506),#1805);
#3506 = PRESENTATION_STYLE_ASSIGNMENT((#3507,#3512));
#3507 = SURFACE_STYLE_USAGE(.BOTH.,#3508);
#3508 = SURFACE_SIDE_STYLE('',(#3509));
#3509 = SURFACE_STYLE_FILL_AREA(#3510);
#3510 = FILL_AREA_STYLE('',(#3511));
#3511 = FILL_AREA_STYLE_COLOUR('',#3331);
#3512 = CURVE_STYLE('',#3513,POSITIVE_LENGTH_MEASURE(0.1),#3331);
#3513 = DRAUGHTING_PRE_DEFINED_CURVE_FONT('continuous');
#3514 = STYLED_ITEM('color',(#3515),#1829);
#3515 = PRESENTATION_STYLE_ASSIGNMENT((#3516,#3521));
#3516 = SURFACE_STYLE_USAGE(.BOTH.,#3517);
#3517 = SURFACE_SIDE_STYLE('',(#3518));
#3518 = SURFACE_STYLE_FILL_AREA(#3519);
#3519 = FILL_AREA_STYLE('',(#3520));
#3520 = FILL_AREA_STYLE_COLOUR('',#3331);
#3521 = CURVE_STYLE('',#3522,POSITIVE_LENGTH_MEASURE(0.1),#3331);
#3522 = DRAUGHTING_PRE_DEFINED_CURVE_FONT('continuous');
#3523 = STYLED_ITEM('color',(#3524),#1846);
#3524 = PRESENTATION_STYLE_ASSIGNMENT((#3525,#3530));
#3525 = SURFACE_STYLE_USAGE(.BOTH.,#3526);
#3526 = SURFACE_SIDE_STYLE('',(#3527));
#3527 = SURFACE_STYLE_FILL_AREA(#3528);
#3528 = FILL_AREA_STYLE('',(#3529));
#3529 = FILL_AREA_STYLE_COLOUR('',#3331);
#3530 = CURVE_STYLE('',#3531,POSITIVE_LENGTH_MEASURE(0.1),#3331);
#3531 = DRAUGHTING_PRE_DEFINED_CURVE_FONT('continuous');
#3532 = STYLED_ITEM('color',(#3533),#1858);
#3533 = PRESENTATION_STYLE_ASSIGNMENT((#3534,#3539));
#3534 = SURFACE_STYLE_USAGE(.BOTH.,#3535);
#3535 = SURFACE_SIDE_STYLE('',(#3536));
#3536 = SURFACE_STYLE_FILL_AREA(#3537);
#3537 = FILL_AREA_STYLE('',(#3538));
#3538 = FILL_AREA_STYLE_COLOUR('',#3294);
#3539 = CURVE_STYLE('',#3540,POSITIVE_LENGTH_MEASURE(0.1),#3294);
#3540 = DRAUGHTING_PRE_DEFINED_CURVE_FONT('continuous');
#3541 = MECHANICAL_DESIGN_GEOMETRIC_PRESENTATION_REPRESENTATION('',(
    #3542,#3549,#3556,#3563,#3570,#3577,#3584,#3591,#3598,#3605,#3612,
    #3620,#3627,#3634,#3641,#3648,#3655,#3662,#3669,#3676,#3683,#3690,
    #3697,#3704,#3711,#3718,#3725,#3732),#2669);
#3542 = STYLED_ITEM('color',(#3543),#1913);
#3543 = PRESENTATION_STYLE_ASSIGNMENT((#3544));
#3544 = SURFACE_STYLE_USAGE(.BOTH.,#3545);
#3545 = SURFACE_SIDE_STYLE('',(#3546));
#3546 = SURFACE_STYLE_FILL_AREA(#3547);
#3547 = FILL_AREA_STYLE('',(#3548));
#3548 = FILL_AREA_STYLE_COLOUR('',#3294);
#3549 = STYLED_ITEM('color',(#3550),#1953);
#3550 = PRESENTATION_STYLE_ASSIGNMENT((#3551));
#3551 = SURFACE_STYLE_USAGE(.BOTH.,#3552);
#3552 = SURFACE_SIDE_STYLE('',(#3553));
#3553 = SURFACE_STYLE_FILL_AREA(#3554);
#3554 = FILL_AREA_STYLE('',(#3555));
#3555 = FILL_AREA_STYLE_COLOUR('',#3294);
#3556 = STYLED_ITEM('color',(#3557),#1984);
#3557 = PRESENTATION_STYLE_ASSIGNMENT((#3558));
#3558 = SURFACE_STYLE_USAGE(.BOTH.,#3559);
#3559 = SURFACE_SIDE_STYLE('',(#3560));
#3560 = SURFACE_STYLE_FILL_AREA(#3561);
#3561 = FILL_AREA_STYLE('',(#3562));
#3562 = FILL_AREA_STYLE_COLOUR('',#3294);
#3563 = STYLED_ITEM('color',(#3564),#2015);
#3564 = PRESENTATION_STYLE_ASSIGNMENT((#3565));
#3565 = SURFACE_STYLE_USAGE(.BOTH.,#3566);
#3566 = SURFACE_SIDE_STYLE('',(#3567));
#3567 = SURFACE_STYLE_FILL_AREA(#3568);
#3568 = FILL_AREA_STYLE('',(#3569));
#3569 = FILL_AREA_STYLE_COLOUR('',#3294);
#3570 = STYLED_ITEM('color',(#3571),#2098);
#3571 = PRESENTATION_STYLE_ASSIGNMENT((#3572));
#3572 = SURFACE_STYLE_USAGE(.BOTH.,#3573);
#3573 = SURFACE_SIDE_STYLE('',(#3574));
#3574 = SURFACE_STYLE_FILL_AREA(#3575);
#3575 = FILL_AREA_STYLE('',(#3576));
#3576 = FILL_AREA_STYLE_COLOUR('',#3294);
#3577 = STYLED_ITEM('color',(#3578),#2181);
#3578 = PRESENTATION_STYLE_ASSIGNMENT((#3579));
#3579 = SURFACE_STYLE_USAGE(.BOTH.,#3580);
#3580 = SURFACE_SIDE_STYLE('',(#3581));
#3581 = SURFACE_STYLE_FILL_AREA(#3582);
#3582 = FILL_AREA_STYLE('',(#3583));
#3583 = FILL_AREA_STYLE_COLOUR('',#3294);
#3584 = STYLED_ITEM('color',(#3585),#2198);
#3585 = PRESENTATION_STYLE_ASSIGNMENT((#3586));
#3586 = SURFACE_STYLE_USAGE(.BOTH.,#3587);
#3587 = SURFACE_SIDE_STYLE('',(#3588));
#3588 = SURFACE_STYLE_FILL_AREA(#3589);
#3589 = FILL_AREA_STYLE('',(#3590));
#3590 = FILL_AREA_STYLE_COLOUR('',#3294);
#3591 = STYLED_ITEM('color',(#3592),#2215);
#3592 = PRESENTATION_STYLE_ASSIGNMENT((#3593));
#3593 = SURFACE_STYLE_USAGE(.BOTH.,#3594);
#3594 = SURFACE_SIDE_STYLE('',(#3595));
#3595 = SURFACE_STYLE_FILL_AREA(#3596);
#3596 = FILL_AREA_STYLE('',(#3597));
#3597 = FILL_AREA_STYLE_COLOUR('',#3294);
#3598 = STYLED_ITEM('color',(#3599),#2232);
#3599 = PRESENTATION_STYLE_ASSIGNMENT((#3600));
#3600 = SURFACE_STYLE_USAGE(.BOTH.,#3601);
#3601 = SURFACE_SIDE_STYLE('',(#3602));
#3602 = SURFACE_STYLE_FILL_AREA(#3603);
#3603 = FILL_AREA_STYLE('',(#3604));
#3604 = FILL_AREA_STYLE_COLOUR('',#3294);
#3605 = STYLED_ITEM('color',(#3606),#2249);
#3606 = PRESENTATION_STYLE_ASSIGNMENT((#3607));
#3607 = SURFACE_STYLE_USAGE(.BOTH.,#3608);
#3608 = SURFACE_SIDE_STYLE('',(#3609));
#3609 = SURFACE_STYLE_FILL_AREA(#3610);
#3610 = FILL_AREA_STYLE('',(#3611));
#3611 = FILL_AREA_STYLE_COLOUR('',#3294);
#3612 = STYLED_ITEM('color',(#3613),#2261);
#3613 = PRESENTATION_STYLE_ASSIGNMENT((#3614));
#3614 = SURFACE_STYLE_USAGE(.BOTH.,#3615);
#3615 = SURFACE_SIDE_STYLE('',(#3616));
#3616 = SURFACE_STYLE_FILL_AREA(#3617);
#3617 = FILL_AREA_STYLE('',(#3618));
#3618 = FILL_AREA_STYLE_COLOUR('',#3619);
#3619 = COLOUR_RGB('',0.859000020776,0.737999965183,0.495999988746);
#3620 = STYLED_ITEM('color',(#3621),#2292);
#3621 = PRESENTATION_STYLE_ASSIGNMENT((#3622));
#3622 = SURFACE_STYLE_USAGE(.BOTH.,#3623);
#3623 = SURFACE_SIDE_STYLE('',(#3624));
#3624 = SURFACE_STYLE_FILL_AREA(#3625);
#3625 = FILL_AREA_STYLE('',(#3626));
#3626 = FILL_AREA_STYLE_COLOUR('',#3619);
#3627 = STYLED_ITEM('color',(#3628),#2316);
#3628 = PRESENTATION_STYLE_ASSIGNMENT((#3629));
#3629 = SURFACE_STYLE_USAGE(.BOTH.,#3630);
#3630 = SURFACE_SIDE_STYLE('',(#3631));
#3631 = SURFACE_STYLE_FILL_AREA(#3632);
#3632 = FILL_AREA_STYLE('',(#3633));
#3633 = FILL_AREA_STYLE_COLOUR('',#3619);
#3634 = STYLED_ITEM('color',(#3635),#2340);
#3635 = PRESENTATION_STYLE_ASSIGNMENT((#3636));
#3636 = SURFACE_STYLE_USAGE(.BOTH.,#3637);
#3637 = SURFACE_SIDE_STYLE('',(#3638));
#3638 = SURFACE_STYLE_FILL_AREA(#3639);
#3639 = FILL_AREA_STYLE('',(#3640));
#3640 = FILL_AREA_STYLE_COLOUR('',#3619);
#3641 = STYLED_ITEM('color',(#3642),#2357);
#3642 = PRESENTATION_STYLE_ASSIGNMENT((#3643));
#3643 = SURFACE_STYLE_USAGE(.BOTH.,#3644);
#3644 = SURFACE_SIDE_STYLE('',(#3645));
#3645 = SURFACE_STYLE_FILL_AREA(#3646);
#3646 = FILL_AREA_STYLE('',(#3647));
#3647 = FILL_AREA_STYLE_COLOUR('',#3619);
#3648 = STYLED_ITEM('color',(#3649),#2388);
#3649 = PRESENTATION_STYLE_ASSIGNMENT((#3650));
#3650 = SURFACE_STYLE_USAGE(.BOTH.,#3651);
#3651 = SURFACE_SIDE_STYLE('',(#3652));
#3652 = SURFACE_STYLE_FILL_AREA(#3653);
#3653 = FILL_AREA_STYLE('',(#3654));
#3654 = FILL_AREA_STYLE_COLOUR('',#3619);
#3655 = STYLED_ITEM('color',(#3656),#2412);
#3656 = PRESENTATION_STYLE_ASSIGNMENT((#3657));
#3657 = SURFACE_STYLE_USAGE(.BOTH.,#3658);
#3658 = SURFACE_SIDE_STYLE('',(#3659));
#3659 = SURFACE_STYLE_FILL_AREA(#3660);
#3660 = FILL_AREA_STYLE('',(#3661));
#3661 = FILL_AREA_STYLE_COLOUR('',#3619);
#3662 = STYLED_ITEM('color',(#3663),#2436);
#3663 = PRESENTATION_STYLE_ASSIGNMENT((#3664));
#3664 = SURFACE_STYLE_USAGE(.BOTH.,#3665);
#3665 = SURFACE_SIDE_STYLE('',(#3666));
#3666 = SURFACE_STYLE_FILL_AREA(#3667);
#3667 = FILL_AREA_STYLE('',(#3668));
#3668 = FILL_AREA_STYLE_COLOUR('',#3619);
#3669 = STYLED_ITEM('color',(#3670),#2453);
#3670 = PRESENTATION_STYLE_ASSIGNMENT((#3671));
#3671 = SURFACE_STYLE_USAGE(.BOTH.,#3672);
#3672 = SURFACE_SIDE_STYLE('',(#3673));
#3673 = SURFACE_STYLE_FILL_AREA(#3674);
#3674 = FILL_AREA_STYLE('',(#3675));
#3675 = FILL_AREA_STYLE_COLOUR('',#3619);
#3676 = STYLED_ITEM('color',(#3677),#2484);
#3677 = PRESENTATION_STYLE_ASSIGNMENT((#3678));
#3678 = SURFACE_STYLE_USAGE(.BOTH.,#3679);
#3679 = SURFACE_SIDE_STYLE('',(#3680));
#3680 = SURFACE_STYLE_FILL_AREA(#3681);
#3681 = FILL_AREA_STYLE('',(#3682));
#3682 = FILL_AREA_STYLE_COLOUR('',#3619);
#3683 = STYLED_ITEM('color',(#3684),#2508);
#3684 = PRESENTATION_STYLE_ASSIGNMENT((#3685));
#3685 = SURFACE_STYLE_USAGE(.BOTH.,#3686);
#3686 = SURFACE_SIDE_STYLE('',(#3687));
#3687 = SURFACE_STYLE_FILL_AREA(#3688);
#3688 = FILL_AREA_STYLE('',(#3689));
#3689 = FILL_AREA_STYLE_COLOUR('',#3619);
#3690 = STYLED_ITEM('color',(#3691),#2532);
#3691 = PRESENTATION_STYLE_ASSIGNMENT((#3692));
#3692 = SURFACE_STYLE_USAGE(.BOTH.,#3693);
#3693 = SURFACE_SIDE_STYLE('',(#3694));
#3694 = SURFACE_STYLE_FILL_AREA(#3695);
#3695 = FILL_AREA_STYLE('',(#3696));
#3696 = FILL_AREA_STYLE_COLOUR('',#3619);
#3697 = STYLED_ITEM('color',(#3698),#2549);
#3698 = PRESENTATION_STYLE_ASSIGNMENT((#3699));
#3699 = SURFACE_STYLE_USAGE(.BOTH.,#3700);
#3700 = SURFACE_SIDE_STYLE('',(#3701));
#3701 = SURFACE_STYLE_FILL_AREA(#3702);
#3702 = FILL_AREA_STYLE('',(#3703));
#3703 = FILL_AREA_STYLE_COLOUR('',#3619);
#3704 = STYLED_ITEM('color',(#3705),#2580);
#3705 = PRESENTATION_STYLE_ASSIGNMENT((#3706));
#3706 = SURFACE_STYLE_USAGE(.BOTH.,#3707);
#3707 = SURFACE_SIDE_STYLE('',(#3708));
#3708 = SURFACE_STYLE_FILL_AREA(#3709);
#3709 = FILL_AREA_STYLE('',(#3710));
#3710 = FILL_AREA_STYLE_COLOUR('',#3619);
#3711 = STYLED_ITEM('color',(#3712),#2604);
#3712 = PRESENTATION_STYLE_ASSIGNMENT((#3713));
#3713 = SURFACE_STYLE_USAGE(.BOTH.,#3714);
#3714 = SURFACE_SIDE_STYLE('',(#3715));
#3715 = SURFACE_STYLE_FILL_AREA(#3716);
#3716 = FILL_AREA_STYLE('',(#3717));
#3717 = FILL_AREA_STYLE_COLOUR('',#3619);
#3718 = STYLED_ITEM('color',(#3719),#2628);
#3719 = PRESENTATION_STYLE_ASSIGNMENT((#3720));
#3720 = SURFACE_STYLE_USAGE(.BOTH.,#3721);
#3721 = SURFACE_SIDE_STYLE('',(#3722));
#3722 = SURFACE_STYLE_FILL_AREA(#3723);
#3723 = FILL_AREA_STYLE('',(#3724));
#3724 = FILL_AREA_STYLE_COLOUR('',#3619);
#3725 = STYLED_ITEM('color',(#3726),#2645);
#3726 = PRESENTATION_STYLE_ASSIGNMENT((#3727));
#3727 = SURFACE_STYLE_USAGE(.BOTH.,#3728);
#3728 = SURFACE_SIDE_STYLE('',(#3729));
#3729 = SURFACE_STYLE_FILL_AREA(#3730);
#3730 = FILL_AREA_STYLE('',(#3731));
#3731 = FILL_AREA_STYLE_COLOUR('',#3619);
#3732 = STYLED_ITEM('color',(#3733),#2657);
#3733 = PRESENTATION_STYLE_ASSIGNMENT((#3734));
#3734 = SURFACE_STYLE_USAGE(.BOTH.,#3735);
#3735 = SURFACE_SIDE_STYLE('',(#3736));
#3736 = SURFACE_STYLE_FILL_AREA(#3737);
#3737 = FILL_AREA_STYLE('',(#3738));
#3738 = FILL_AREA_STYLE_COLOUR('',#3619);
#3739 = MECHANICAL_DESIGN_GEOMETRIC_PRESENTATION_REPRESENTATION('',(
    #3740,#3748,#3755,#3762,#3769,#3776,#3783,#3790,#3798,#3805,#3812,
    #3819,#3826,#3833,#3840,#3847,#3854,#3861,#3868,#3875,#3882,#3889,
    #3896,#3903,#3910,#3917,#3924,#3931,#3938,#3945,#3952,#3959,#3966),
  #1043);
#3740 = STYLED_ITEM('color',(#3741),#82);
#3741 = PRESENTATION_STYLE_ASSIGNMENT((#3742));
#3742 = SURFACE_STYLE_USAGE(.BOTH.,#3743);
#3743 = SURFACE_SIDE_STYLE('',(#3744));
#3744 = SURFACE_STYLE_FILL_AREA(#3745);
#3745 = FILL_AREA_STYLE('',(#3746));
#3746 = FILL_AREA_STYLE_COLOUR('',#3747);
#3747 = COLOUR_RGB('',0.713999977018,0.428400015816,0.18143999559);
#3748 = STYLED_ITEM('color',(#3749),#201);
#3749 = PRESENTATION_STYLE_ASSIGNMENT((#3750));
#3750 = SURFACE_STYLE_USAGE(.BOTH.,#3751);
#3751 = SURFACE_SIDE_STYLE('',(#3752));
#3752 = SURFACE_STYLE_FILL_AREA(#3753);
#3753 = FILL_AREA_STYLE('',(#3754));
#3754 = FILL_AREA_STYLE_COLOUR('',#3747);
#3755 = STYLED_ITEM('color',(#3756),#216);
#3756 = PRESENTATION_STYLE_ASSIGNMENT((#3757));
#3757 = SURFACE_STYLE_USAGE(.BOTH.,#3758);
#3758 = SURFACE_SIDE_STYLE('',(#3759));
#3759 = SURFACE_STYLE_FILL_AREA(#3760);
#3760 = FILL_AREA_STYLE('',(#3761));
#3761 = FILL_AREA_STYLE_COLOUR('',#3747);
#3762 = STYLED_ITEM('color',(#3763),#233);
#3763 = PRESENTATION_STYLE_ASSIGNMENT((#3764));
#3764 = SURFACE_STYLE_USAGE(.BOTH.,#3765);
#3765 = SURFACE_SIDE_STYLE('',(#3766));
#3766 = SURFACE_STYLE_FILL_AREA(#3767);
#3767 = FILL_AREA_STYLE('',(#3768));
#3768 = FILL_AREA_STYLE_COLOUR('',#3747);
#3769 = STYLED_ITEM('color',(#3770),#251);
#3770 = PRESENTATION_STYLE_ASSIGNMENT((#3771));
#3771 = SURFACE_STYLE_USAGE(.BOTH.,#3772);
#3772 = SURFACE_SIDE_STYLE('',(#3773));
#3773 = SURFACE_STYLE_FILL_AREA(#3774);
#3774 = FILL_AREA_STYLE('',(#3775));
#3775 = FILL_AREA_STYLE_COLOUR('',#3747);
#3776 = STYLED_ITEM('color',(#3777),#268);
#3777 = PRESENTATION_STYLE_ASSIGNMENT((#3778));
#3778 = SURFACE_STYLE_USAGE(.BOTH.,#3779);
#3779 = SURFACE_SIDE_STYLE('',(#3780));
#3780 = SURFACE_STYLE_FILL_AREA(#3781);
#3781 = FILL_AREA_STYLE('',(#3782));
#3782 = FILL_AREA_STYLE_COLOUR('',#3747);
#3783 = STYLED_ITEM('color',(#3784),#278);
#3784 = PRESENTATION_STYLE_ASSIGNMENT((#3785));
#3785 = SURFACE_STYLE_USAGE(.BOTH.,#3786);
#3786 = SURFACE_SIDE_STYLE('',(#3787));
#3787 = SURFACE_STYLE_FILL_AREA(#3788);
#3788 = FILL_AREA_STYLE('',(#3789));
#3789 = FILL_AREA_STYLE_COLOUR('',#3747);
#3790 = STYLED_ITEM('color',(#3791),#294);
#3791 = PRESENTATION_STYLE_ASSIGNMENT((#3792));
#3792 = SURFACE_STYLE_USAGE(.BOTH.,#3793);
#3793 = SURFACE_SIDE_STYLE('',(#3794));
#3794 = SURFACE_STYLE_FILL_AREA(#3795);
#3795 = FILL_AREA_STYLE('',(#3796));
#3796 = FILL_AREA_STYLE_COLOUR('',#3797);
#3797 = COLOUR_RGB('',0.136999991899,0.40200001271,0.726999997272);
#3798 = STYLED_ITEM('color',(#3799),#370);
#3799 = PRESENTATION_STYLE_ASSIGNMENT((#3800));
#3800 = SURFACE_STYLE_USAGE(.BOTH.,#3801);
#3801 = SURFACE_SIDE_STYLE('',(#3802));
#3802 = SURFACE_STYLE_FILL_AREA(#3803);
#3803 = FILL_AREA_STYLE('',(#3804));
#3804 = FILL_AREA_STYLE_COLOUR('',#3797);
#3805 = STYLED_ITEM('color',(#3806),#433);
#3806 = PRESENTATION_STYLE_ASSIGNMENT((#3807));
#3807 = SURFACE_STYLE_USAGE(.BOTH.,#3808);
#3808 = SURFACE_SIDE_STYLE('',(#3809));
#3809 = SURFACE_STYLE_FILL_AREA(#3810);
#3810 = FILL_AREA_STYLE('',(#3811));
#3811 = FILL_AREA_STYLE_COLOUR('',#3797);
#3812 = STYLED_ITEM('color',(#3813),#489);
#3813 = PRESENTATION_STYLE_ASSIGNMENT((#3814));
#3814 = SURFACE_STYLE_USAGE(.BOTH.,#3815);
#3815 = SURFACE_SIDE_STYLE('',(#3816));
#3816 = SURFACE_STYLE_FILL_AREA(#3817);
#3817 = FILL_AREA_STYLE('',(#3818));
#3818 = FILL_AREA_STYLE_COLOUR('',#3797);
#3819 = STYLED_ITEM('color',(#3820),#545);
#3820 = PRESENTATION_STYLE_ASSIGNMENT((#3821));
#3821 = SURFACE_STYLE_USAGE(.BOTH.,#3822);
#3822 = SURFACE_SIDE_STYLE('',(#3823));
#3823 = SURFACE_STYLE_FILL_AREA(#3824);
#3824 = FILL_AREA_STYLE('',(#3825));
#3825 = FILL_AREA_STYLE_COLOUR('',#3797);
#3826 = STYLED_ITEM('color',(#3827),#569);
#3827 = PRESENTATION_STYLE_ASSIGNMENT((#3828));
#3828 = SURFACE_STYLE_USAGE(.BOTH.,#3829);
#3829 = SURFACE_SIDE_STYLE('',(#3830));
#3830 = SURFACE_STYLE_FILL_AREA(#3831);
#3831 = FILL_AREA_STYLE('',(#3832));
#3832 = FILL_AREA_STYLE_COLOUR('',#3797);
#3833 = STYLED_ITEM('color',(#3834),#593);
#3834 = PRESENTATION_STYLE_ASSIGNMENT((#3835));
#3835 = SURFACE_STYLE_USAGE(.BOTH.,#3836);
#3836 = SURFACE_SIDE_STYLE('',(#3837));
#3837 = SURFACE_STYLE_FILL_AREA(#3838);
#3838 = FILL_AREA_STYLE('',(#3839));
#3839 = FILL_AREA_STYLE_COLOUR('',#3797);
#3840 = STYLED_ITEM('color',(#3841),#617);
#3841 = PRESENTATION_STYLE_ASSIGNMENT((#3842));
#3842 = SURFACE_STYLE_USAGE(.BOTH.,#3843);
#3843 = SURFACE_SIDE_STYLE('',(#3844));
#3844 = SURFACE_STYLE_FILL_AREA(#3845);
#3845 = FILL_AREA_STYLE('',(#3846));
#3846 = FILL_AREA_STYLE_COLOUR('',#3797);
#3847 = STYLED_ITEM('color',(#3848),#641);
#3848 = PRESENTATION_STYLE_ASSIGNMENT((#3849));
#3849 = SURFACE_STYLE_USAGE(.BOTH.,#3850);
#3850 = SURFACE_SIDE_STYLE('',(#3851));
#3851 = SURFACE_STYLE_FILL_AREA(#3852);
#3852 = FILL_AREA_STYLE('',(#3853));
#3853 = FILL_AREA_STYLE_COLOUR('',#3797);
#3854 = STYLED_ITEM('color',(#3855),#737);
#3855 = PRESENTATION_STYLE_ASSIGNMENT((#3856));
#3856 = SURFACE_STYLE_USAGE(.BOTH.,#3857);
#3857 = SURFACE_SIDE_STYLE('',(#3858));
#3858 = SURFACE_STYLE_FILL_AREA(#3859);
#3859 = FILL_AREA_STYLE('',(#3860));
#3860 = FILL_AREA_STYLE_COLOUR('',#3797);
#3861 = STYLED_ITEM('color',(#3862),#761);
#3862 = PRESENTATION_STYLE_ASSIGNMENT((#3863));
#3863 = SURFACE_STYLE_USAGE(.BOTH.,#3864);
#3864 = SURFACE_SIDE_STYLE('',(#3865));
#3865 = SURFACE_STYLE_FILL_AREA(#3866);
#3866 = FILL_AREA_STYLE('',(#3867));
#3867 = FILL_AREA_STYLE_COLOUR('',#3797);
#3868 = STYLED_ITEM('color',(#3869),#792);
#3869 = PRESENTATION_STYLE_ASSIGNMENT((#3870));
#3870 = SURFACE_STYLE_USAGE(.BOTH.,#3871);
#3871 = SURFACE_SIDE_STYLE('',(#3872));
#3872 = SURFACE_STYLE_FILL_AREA(#3873);
#3873 = FILL_AREA_STYLE('',(#3874));
#3874 = FILL_AREA_STYLE_COLOUR('',#3797);
#3875 = STYLED_ITEM('color',(#3876),#809);
#3876 = PRESENTATION_STYLE_ASSIGNMENT((#3877));
#3877 = SURFACE_STYLE_USAGE(.BOTH.,#3878);
#3878 = SURFACE_SIDE_STYLE('',(#3879));
#3879 = SURFACE_STYLE_FILL_AREA(#3880);
#3880 = FILL_AREA_STYLE('',(#3881));
#3881 = FILL_AREA_STYLE_COLOUR('',#3797);
#3882 = STYLED_ITEM('color',(#3883),#842);
#3883 = PRESENTATION_STYLE_ASSIGNMENT((#3884));
#3884 = SURFACE_STYLE_USAGE(.BOTH.,#3885);
#3885 = SURFACE_SIDE_STYLE('',(#3886));
#3886 = SURFACE_STYLE_FILL_AREA(#3887);
#3887 = FILL_AREA_STYLE('',(#3888));
#3888 = FILL_AREA_STYLE_COLOUR('',#3797);
#3889 = STYLED_ITEM('color',(#3890),#859);
#3890 = PRESENTATION_STYLE_ASSIGNMENT((#3891));
#3891 = SURFACE_STYLE_USAGE(.BOTH.,#3892);
#3892 = SURFACE_SIDE_STYLE('',(#3893));
#3893 = SURFACE_STYLE_FILL_AREA(#3894);
#3894 = FILL_AREA_STYLE('',(#3895));
#3895 = FILL_AREA_STYLE_COLOUR('',#3797);
#3896 = STYLED_ITEM('color',(#3897),#871);
#3897 = PRESENTATION_STYLE_ASSIGNMENT((#3898));
#3898 = SURFACE_STYLE_USAGE(.BOTH.,#3899);
#3899 = SURFACE_SIDE_STYLE('',(#3900));
#3900 = SURFACE_STYLE_FILL_AREA(#3901);
#3901 = FILL_AREA_STYLE('',(#3902));
#3902 = FILL_AREA_STYLE_COLOUR('',#3797);
#3903 = STYLED_ITEM('color',(#3904),#888);
#3904 = PRESENTATION_STYLE_ASSIGNMENT((#3905));
#3905 = SURFACE_STYLE_USAGE(.BOTH.,#3906);
#3906 = SURFACE_SIDE_STYLE('',(#3907));
#3907 = SURFACE_STYLE_FILL_AREA(#3908);
#3908 = FILL_AREA_STYLE('',(#3909));
#3909 = FILL_AREA_STYLE_COLOUR('',#3797);
#3910 = STYLED_ITEM('color',(#3911),#900);
#3911 = PRESENTATION_STYLE_ASSIGNMENT((#3912));
#3912 = SURFACE_STYLE_USAGE(.BOTH.,#3913);
#3913 = SURFACE_SIDE_STYLE('',(#3914));
#3914 = SURFACE_STYLE_FILL_AREA(#3915);
#3915 = FILL_AREA_STYLE('',(#3916));
#3916 = FILL_AREA_STYLE_COLOUR('',#3797);
#3917 = STYLED_ITEM('color',(#3918),#912);
#3918 = PRESENTATION_STYLE_ASSIGNMENT((#3919));
#3919 = SURFACE_STYLE_USAGE(.BOTH.,#3920);
#3920 = SURFACE_SIDE_STYLE('',(#3921));
#3921 = SURFACE_STYLE_FILL_AREA(#3922);
#3922 = FILL_AREA_STYLE('',(#3923));
#3923 = FILL_AREA_STYLE_COLOUR('',#3797);
#3924 = STYLED_ITEM('color',(#3925),#929);
#3925 = PRESENTATION_STYLE_ASSIGNMENT((#3926));
#3926 = SURFACE_STYLE_USAGE(.BOTH.,#3927);
#3927 = SURFACE_SIDE_STYLE('',(#3928));
#3928 = SURFACE_STYLE_FILL_AREA(#3929);
#3929 = FILL_AREA_STYLE('',(#3930));
#3930 = FILL_AREA_STYLE_COLOUR('',#3797);
#3931 = STYLED_ITEM('color',(#3932),#941);
#3932 = PRESENTATION_STYLE_ASSIGNMENT((#3933));
#3933 = SURFACE_STYLE_USAGE(.BOTH.,#3934);
#3934 = SURFACE_SIDE_STYLE('',(#3935));
#3935 = SURFACE_STYLE_FILL_AREA(#3936);
#3936 = FILL_AREA_STYLE('',(#3937));
#3937 = FILL_AREA_STYLE_COLOUR('',#3331);
#3938 = STYLED_ITEM('color',(#3939),#966);
#3939 = PRESENTATION_STYLE_ASSIGNMENT((#3940));
#3940 = SURFACE_STYLE_USAGE(.BOTH.,#3941);
#3941 = SURFACE_SIDE_STYLE('',(#3942));
#3942 = SURFACE_STYLE_FILL_AREA(#3943);
#3943 = FILL_AREA_STYLE('',(#3944));
#3944 = FILL_AREA_STYLE_COLOUR('',#3331);
#3945 = STYLED_ITEM('color',(#3946),#991);
#3946 = PRESENTATION_STYLE_ASSIGNMENT((#3947));
#3947 = SURFACE_STYLE_USAGE(.BOTH.,#3948);
#3948 = SURFACE_SIDE_STYLE('',(#3949));
#3949 = SURFACE_STYLE_FILL_AREA(#3950);
#3950 = FILL_AREA_STYLE('',(#3951));
#3951 = FILL_AREA_STYLE_COLOUR('',#3331);
#3952 = STYLED_ITEM('color',(#3953),#1016);
#3953 = PRESENTATION_STYLE_ASSIGNMENT((#3954));
#3954 = SURFACE_STYLE_USAGE(.BOTH.,#3955);
#3955 = SURFACE_SIDE_STYLE('',(#3956));
#3956 = SURFACE_STYLE_FILL_AREA(#3957);
#3957 = FILL_AREA_STYLE('',(#3958));
#3958 = FILL_AREA_STYLE_COLOUR('',#3331);
#3959 = STYLED_ITEM('color',(#3960),#1025);
#3960 = PRESENTATION_STYLE_ASSIGNMENT((#3961));
#3961 = SURFACE_STYLE_USAGE(.BOTH.,#3962);
#3962 = SURFACE_SIDE_STYLE('',(#3963));
#3963 = SURFACE_STYLE_FILL_AREA(#3964);
#3964 = FILL_AREA_STYLE('',(#3965));
#3965 = FILL_AREA_STYLE_COLOUR('',#3331);
#3966 = STYLED_ITEM('color',(#3967),#1034);
#3967 = PRESENTATION_STYLE_ASSIGNMENT((#3968));
#3968 = SURFACE_STYLE_USAGE(.BOTH.,#3969);
#3969 = SURFACE_SIDE_STYLE('',(#3970));
#3970 = SURFACE_STYLE_FILL_AREA(#3971);
#3971 = FILL_AREA_STYLE('',(#3972));
#3972 = FILL_AREA_STYLE_COLOUR('',#3331);
ENDSEC;
END-ISO-10303-21;
